Record_ID,Year,Quarter,State,Region,District,Rural_Urban,Population,Branches,Banking_Outlets,ATMs,BC_Outlets,Total_Accounts,Active_Accounts,Women_Accounts,Jan_Dhan_Accounts,Total_Deposits_Lakh,Savings_Deposits_Lakh,Current_Deposits_Lakh,Term_Deposits_Lakh,Total_Loans_Lakh,Agricultural_Loans_Lakh,MSME_Loans_Lakh,Personal_Loans_Lakh,Digital_Transactions,UPI_Transactions,Mobile_Banking_Users,Internet_Banking_Users,Agricultural_Beneficiaries,SHG_Accounts,KCC_Accounts
1,2021,Q1,Maharashtra,West,Amravati,Rural,1648079,19,41,12,22,1003556,635257,503292,256719,91002.19,52280.86,14636.77,24084.56,59198.98,21876.06,15142.66,22180.26,7748869,3799398,212455.0,91735.0,147600,38073.0,102601
2,2021,Q2,Maharashtra,West,Amravati,Rural,1648079,15,29,12,12,1216752,1018466,690993,496329,197850.62,85898.59,19705.58,92246.45,111770.76,46392.25,23965.31,41413.2,11126014,6278191,295916.0,291024.0,111347,38992.0,83155
3,2021,Q3,Maharashtra,West,Amravati,Rural,1648079,24,51,23,18,931635,607839,514840,326903,100974.81,47433.64,11361.52,42179.65,79847.85,38128.27,22693.54,19026.04,9294504,6582697,208352.0,87479.0,113184,59203.0,71612
4,2021,Q4,Maharashtra,West,Amravati,Rural,1648079,25,47,14,19,781645,623905,346168,255441,142123.54,69023.9,22108.04,50991.6,88898.76,32483.25,17830.0,38585.51,10508234,7040738,163411.0,190877.0,143856,50950.0,74665
5,2022,Q1,Maharashtra,West,Amravati,Urban,1667855,36,81,26,28,1069299,790843,581274,428525,82094.87,39962.61,8390.98,33741.28,48399.49,20207.9,14133.01,14058.58,11418621,6726582,240442.0,176957.0,155622,78189.0,84527
6,2022,Q2,Maharashtra,West,Amravati,Rural,1667855,22,39,15,16,1071322,815008,418132,298380,194531.02,86212.88,25083.86,83234.29,170266.12,67835.91,43264.45,59165.77,12233579,7221909,340690.0,136536.0,121650,60718.0,78857
7,2022,Q3,Maharashtra,West,Amravati,Rural,1667855,21,35,12,25,1140584,712459,550238,305179,168897.67,89608.66,20043.68,59245.32,145103.51,54777.18,30145.15,60181.18,12218853,6810574,177760.0,217256.0,124420,75120.0,81547
8,2022,Q4,Maharashtra,West,Amravati,Rural,1667855,26,45,15,39,1299006,1035656,581702,381042,232845.91,130843.99,36786.76,65215.16,177398.41,65074.7,32397.92,79925.79,7795628,3979211,469798.0,249889.0,124772,32803.0,63571
9,2023,Q1,Maharashtra,West,Amravati,Rural,1687632,25,43,23,22,935266,775351,476916,372550,150303.33,65380.14,17551.16,67372.03,95820.9,38213.18,28384.21,29223.51,10594143,7611292,249822.0,231371.0,109963,50359.0,69522
10,2023,Q2,Maharashtra,West,Amravati,Rural,1687632,26,55,18,18,1130192,756766,642052,475047,211149.32,89204.9,36493.33,85451.09,145967.69,79308.76,43046.86,23612.06,8503079,6252662,334325.0,135377.0,91157,37832.0,59800
11,2023,Q3,Maharashtra,West,Amravati,Urban,1687632,37,60,32,58,1024009,783502,568811,384578,173730.6,82959.59,18999.04,71771.97,141953.4,72683.36,39944.28,29325.75,10101048,7267588,358407.0,174147.0,124881,61541.0,92966
12,2023,Q4,Maharashtra,West,Amravati,Urban,1687632,41,74,31,32,1313159,827373,621281,438536,149355.68,63458.25,12506.27,73391.16,122689.45,51779.63,21812.77,49097.05,8221169,5482427,294365.0,226699.0,67709,36222.0,43780
13,2024,Q1,Maharashtra,West,Amravati,Rural,1707409,27,62,22,26,1230738,856388,575732,291039,105179.09,58243.64,15734.52,31200.93,72042.89,27711.93,13104.69,31226.26,12471873,8456668,244124.0,196836.0,88437,89527.0,63941
14,2024,Q2,Maharashtra,West,Amravati,Rural,1707409,26,53,20,23,1005923,837126,385146,245822,75325.83,41946.97,11326.43,22052.43,53215.99,19666.87,12177.21,21371.91,9854955,5908552,287220.0,129453.0,122849,57090.0,57341
15,2024,Q3,Maharashtra,West,Amravati,Rural,1707409,24,53,21,20,868820,694949,334758,298016,171218.04,82545.45,24711.7,63960.9,120062.11,55123.32,35034.73,29904.06,12139106,6539789,222652.0,216989.0,66865,26098.0,30540
16,2024,Q4,Maharashtra,West,Amravati,Rural,1707409,31,64,18,30,1361179,852800,738975,380026,127743.01,66506.95,21428.53,39807.53,101245.72,51705.8,20196.99,29342.93,14350656,11152634,226959.0,230360.0,102029,59348.0,75223
17,2025,Q1,Maharashtra,West,Amravati,Rural,1727186,28,60,16,42,1106585,942155,491334,451552,126150.03,71257.25,11243.58,43649.2,82675.39,44645.73,24230.92,13798.74,11017789,6257699,347743.0,232116.0,94511,64874.0,68839
18,2025,Q2,Maharashtra,West,Amravati,Semi-Urban,1727186,28,61,16,32,992277,767891,464689,403279,110996.05,49157.78,17332.15,44506.12,83692.35,30984.96,14376.25,38331.14,12317325,8522020,308885.0,103321.0,68881,29016.0,56141
19,2025,Q3,Maharashtra,West,Amravati,Rural,1727186,28,64,30,38,1084784,697928,580825,365859,150429.67,65856.85,19444.92,65127.91,83299.93,36962.86,13984.6,32352.48,10165707,7154761,175105.0,100156.0,120906,79307.0,71177
20,2025,Q4,Maharashtra,West,Amravati,Rural,1727186,24,53,16,37,889045,792642,345511,361965,137695.64,59458.0,18641.98,59595.65,119777.29,54453.1,29718.64,35605.55,11681424,7654770,317765.0,167174.0,153839,24246.0,85220
21,2021,Q1,Maharashtra,West,Pune,Rural,995735,24,40,21,25,581593,403894,262920,159699,70889.51,32946.76,8586.18,29356.56,53090.43,21458.7,9484.39,22147.34,4584749,3000024,96858.0,124442.0,89766,16946.0,69511
22,2021,Q2,Maharashtra,West,Pune,Rural,995735,23,38,17,32,684218,612977,311557,258231,90808.86,46408.14,7841.45,36559.26,51048.31,19233.49,8265.44,23549.38,7893800,5564917,146865.0,158358.0,89406,37123.0,64252
23,2021,Q3,Maharashtra,West,Pune,Semi-Urban,995735,28,47,19,26,630326,545800,334955,144879,63241.2,31602.03,8070.91,23568.26,52133.05,21455.64,14299.78,16377.63,8831751,5802343,257439.0,75146.0,63530,29011.0,47032
24,2021,Q4,Maharashtra,West,Pune,Semi-Urban,995735,31,68,32,38,931371,736029,472511,313416,84530.24,42906.82,10573.98,31049.44,71889.21,29445.24,16772.06,25671.91,9403494,6889257,295432.0,205568.0,80789,26368.0,37725
25,2022,Q1,Maharashtra,West,Pune,Semi-Urban,1007683,27,54,19,31,737529,578026,339307,270311,75178.09,36526.46,12587.2,26064.43,54130.33,29480.57,13222.47,11427.29,6115509,3573204,160807.0,164366.0,37191,38672.0,24089
26,2022,Q2,Maharashtra,West,Pune,Rural,1007683,24,54,14,23,650177,419911,309633,236947,85671.83,41153.81,6875.98,37642.04,71667.85,26295.18,17459.65,27913.03,7207545,3970167,200056.0,95453.0,81216,33525.0,58198
27,2022,Q3,Maharashtra,West,Pune,Rural,1007683,29,62,16,42,682264,498875,273570,255750,68150.81,37790.55,6060.0,24300.26,49522.52,19642.78,10301.17,19578.58,7264200,4531950,171229.0,95295.0,70590,42191.0,46332
28,2022,Q4,Maharashtra,West,Pune,Semi-Urban,1007683,35,70,26,35,910705,719562,390574,295644,115235.96,48538.02,11815.52,54882.42,77273.52,34584.69,21568.16,21120.68,5806087,4254086,174746.0,202321.0,38390,23598.0,27175
29,2023,Q1,Maharashtra,West,Pune,Urban,1019632,39,89,21,61,758486,623787,412747,281304,108236.93,59982.01,10878.65,37376.27,94105.3,46317.74,17685.3,30102.27,9034893,6417790,256641.0,140955.0,41027,38155.0,32610
30,2023,Q2,Maharashtra,West,Pune,Rural,1019632,29,58,21,32,762200,589712,320387,277257,61931.36,26038.03,5677.22,30216.1,43732.51,20607.65,11860.28,11264.58,8966995,5403112,146096.0,171102.0,92762,56819.0,48778
31,2023,Q3,Maharashtra,West,Pune,Rural,1019632,28,44,27,40,862044,727453,469836,223394,93118.99,52636.31,10393.91,30088.77,69293.68,33718.05,15471.39,20104.23,10388807,6668931,295042.0,218187.0,62528,46442.0,36359
32,2023,Q4,Maharashtra,West,Pune,Rural,1019632,29,57,17,26,779257,577295,347987,290986,119717.9,67111.54,15508.54,37097.82,95137.67,44203.83,28510.57,22423.27,9524298,4980621,239938.0,150902.0,48200,47303.0,30499
33,2024,Q1,Maharashtra,West,Pune,Semi-Urban,1031581,33,61,26,41,772029,595358,368467,236148,122091.06,62968.57,16671.64,42450.86,96004.98,45103.7,26473.55,24427.73,5543285,3365212,279436.0,112227.0,53926,43038.0,42460
34,2024,Q2,Maharashtra,West,Pune,Rural,1031581,24,39,16,32,807357,523667,455147,311573,65217.06,35438.92,7659.32,22118.82,37352.69,13651.07,6521.58,17180.04,4373100,2408580,229635.0,158219.0,46350,27705.0,35220
35,2024,Q3,Maharashtra,West,Pune,Rural,1031581,25,50,18,34,652352,548354,326661,159171,88967.11,50504.28,11260.57,27202.26,63048.87,33648.61,15269.78,14130.48,5495826,3590365,125320.0,165904.0,46349,17413.0,26198
36,2024,Q4,Maharashtra,West,Pune,Semi-Urban,1031581,33,58,22,29,777227,694181,366693,261952,144220.17,64828.99,15858.39,63532.78,94071.81,40400.42,20672.32,32999.07,8940761,5967893,297070.0,131809.0,59484,51940.0,39697
37,2025,Q1,Maharashtra,West,Pune,Rural,1043530,28,55,22,32,888309,576365,396960,209512,145606.61,82062.27,19315.86,44228.49,118559.81,64708.32,32908.7,20942.79,7381834,4105529,256723.0,116193.0,48802,44660.0,32705
38,2025,Q2,Maharashtra,West,Pune,Rural,1043530,33,66,34,39,870134,735688,502716,301650,167291.61,95541.17,15743.51,56006.93,114445.77,47471.88,19704.07,47269.82,12013350,6208896,282976.0,196561.0,91399,49724.0,64935
39,2025,Q3,Maharashtra,West,Pune,Urban,1043530,38,83,28,27,914952,655703,489286,270989,160335.29,92341.51,25329.11,42664.67,94228.81,43642.58,28075.61,22510.63,8329092,5278456,224563.0,102565.0,82961,54844.0,49688
40,2025,Q4,Maharashtra,West,Pune,Rural,1043530,33,68,25,27,943480,767560,487436,370544,142114.17,71013.67,12323.79,58776.71,97167.99,43676.33,25344.17,28147.49,8055199,4510504,190132.0,113601.0,82366,35414.0,56358
41,2021,Q1,Maharashtra,West,Nagpur,Urban,674137,24,47,13,20,566660,364466,283687,153861,68109.74,32482.06,10346.18,25281.5,44138.53,20448.54,10003.87,13686.12,5378471,2928481,143072.0,112024.0,24856,21597.0,16657
42,2021,Q2,Maharashtra,West,Nagpur,Rural,674137,16,31,14,16,429031,278804,169479,159994,61329.82,30025.39,6417.56,24886.87,50309.08,25651.75,12942.39,11714.94,3058678,1552201,81064.0,66368.0,60698,13660.0,48654
43,2021,Q3,Maharashtra,West,Nagpur,Rural,674137,21,47,20,29,419200,341160,230492,114202,54792.03,31671.26,9556.05,13564.71,30848.51,15150.16,8931.71,6766.63,5998439,2940337,91072.0,79691.0,51804,16712.0,41030
44,2021,Q4,Maharashtra,West,Nagpur,Urban,674137,28,64,22,41,594736,421874,324596,135463,85500.42,37559.54,7497.99,40442.89,66671.11,27866.86,17432.32,21371.94,5784090,4148447,99981.0,77227.0,36487,33480.0,28380
45,2022,Q1,Maharashtra,West,Nagpur,Semi-Urban,682226,25,57,24,39,429475,358531,197724,137764,70989.26,40992.98,11133.06,18863.22,48830.89,21205.86,12855.29,14769.74,3830124,2168507,101135.0,50945.0,36006,15753.0,16763
46,2022,Q2,Maharashtra,West,Nagpur,Rural,682226,24,56,18,25,426425,290442,243058,164230,36570.07,20503.34,6380.5,9686.24,25754.2,12173.55,4722.93,8857.72,5044991,3404834,138745.0,48310.0,48754,21591.0,26100
47,2022,Q3,Maharashtra,West,Nagpur,Rural,682226,19,41,14,14,500006,433735,282778,214467,47949.36,25955.86,7173.32,14820.18,28807.29,14782.94,5514.34,8510.01,6041065,3951012,120661.0,98629.0,27622,34436.0,15144
48,2022,Q4,Maharashtra,West,Nagpur,Rural,682226,20,45,21,29,480078,385727,235320,114386,59735.38,27571.5,9100.21,23063.68,42629.5,15611.32,8134.8,18883.38,6690462,4205249,153383.0,52160.0,43550,26222.0,32885
49,2023,Q1,Maharashtra,West,Nagpur,Rural,690316,23,40,23,32,428775,367958,237309,158113,80527.26,42584.63,11423.69,26518.94,64292.68,24541.87,18215.53,21535.29,5799866,3008164,164359.0,46307.0,38041,26659.0,19381
50,2023,Q2,Maharashtra,West,Nagpur,Semi-Urban,690316,31,68,25,21,437842,347094,252300,154418,48662.91,24642.78,7687.99,16332.14,28482.58,14304.11,6715.55,7462.92,4845029,3680324,163265.0,65383.0,28406,31463.0,20012
51,2023,Q3,Maharashtra,West,Nagpur,Rural,690316,25,40,21,25,442481,280005,245270,187803,91542.01,40352.98,14264.65,36924.37,51090.85,18107.86,10489.23,22493.76,4186561,2569588,97174.0,76744.0,35494,33122.0,21569
52,2023,Q4,Maharashtra,West,Nagpur,Rural,690316,19,31,18,25,365726,235186,188751,130727,43560.8,19348.37,5368.15,18844.28,37522.98,16282.93,9357.99,11882.06,4443411,2678489,76053.0,41120.0,61193,13348.0,32361
53,2024,Q1,Maharashtra,West,Nagpur,Rural,698405,17,38,13,26,342670,295797,183437,130863,65411.99,34027.0,6091.46,25293.52,36678.7,19592.65,9035.1,8050.95,2403227,1243803,126334.0,63982.0,53172,15939.0,27872
54,2024,Q2,Maharashtra,West,Nagpur,Rural,698405,26,41,22,24,483644,341888,227817,107581,40272.96,20007.21,5638.3,14627.45,26026.35,12726.79,7298.23,6001.32,4200291,2148360,144537.0,43735.0,34586,35950.0,17387
55,2024,Q3,Maharashtra,West,Nagpur,Rural,698405,27,53,14,26,435054,280436,195828,98745,36586.63,16143.28,5003.37,15439.98,28446.96,14511.29,5348.63,8587.05,4044098,2798284,73907.0,39517.0,25767,31241.0,12090
56,2024,Q4,Maharashtra,West,Nagpur,Rural,698405,26,55,26,34,513630,367269,278883,121639,97754.73,53840.14,12242.0,31672.58,74526.31,33930.38,19557.38,21038.55,3783320,1997076,88594.0,48505.0,60975,18470.0,49455
57,2025,Q1,Maharashtra,West,Nagpur,Rural,706495,23,47,18,27,473211,323660,274115,200975,70698.22,37387.8,6166.29,27144.13,39599.16,15900.51,8900.59,14798.05,4811651,2923790,144271.0,85910.0,39391,20609.0,32120
58,2025,Q2,Maharashtra,West,Nagpur,Rural,706495,20,44,17,21,484241,366215,268601,198125,59978.97,30875.74,10270.58,18832.65,37158.08,17634.98,9230.75,10292.35,5447109,4100092,150371.0,53582.0,32344,17857.0,26179
59,2025,Q3,Maharashtra,West,Nagpur,Rural,706495,23,40,23,25,449653,324013,224192,114364,60969.18,28125.17,8881.6,23962.41,40075.82,20226.05,7146.41,12703.36,3202690,1607907,152983.0,68288.0,31923,22927.0,18345
60,2025,Q4,Maharashtra,West,Nagpur,Semi-Urban,706495,32,60,21,40,585225,390211,242004,133256,101622.1,50398.56,16708.4,34515.13,82910.54,38725.1,23344.12,20841.32,4122688,2049495,106730.0,55559.0,47243,42036.0,21947
61,2021,Q1,Maharashtra,West,Nashik,Rural,667285,21,39,17,27,217913,154822,125217,74487,23592.03,11202.07,3143.04,9246.92,13954.56,5254.49,2513.16,6186.91,1333091,715209,71892.0,41272.0,52615,7149.0,28243
62,2021,Q2,Maharashtra,West,Nashik,Urban,667285,26,45,23,41,413451,258367,177299,163099,80108.43,35095.31,12781.38,32231.74,68345.61,32130.77,19937.95,16276.88,3448950,2016159,112383.0,65468.0,29732,22842.0,16878
63,2021,Q3,Maharashtra,West,Nashik,Urban,667285,24,39,21,33,557321,413915,312253,225356,68778.39,33021.02,7544.09,28213.27,52560.07,21847.97,13046.95,17665.15,4768365,3073449,156690.0,96312.0,47236,29139.0,29023
64,2021,Q4,Maharashtra,West,Nashik,Rural,667285,15,30,9,19,358071,272178,174907,150321,70251.0,38652.29,6385.24,25213.48,42092.11,19165.58,8184.8,14741.73,3763179,2649514,93613.0,54128.0,52001,18283.0,39223
65,2022,Q1,Maharashtra,West,Nashik,Rural,675292,16,29,10,18,254065,169352,127914,83802,43858.36,22155.56,6056.54,15646.26,25419.28,12545.11,5490.23,7383.95,2115603,1093696,80264.0,48203.0,58456,16511.0,30297
66,2022,Q2,Maharashtra,West,Nashik,Rural,675292,18,39,11,27,296365,190968,160970,88446,39236.92,16495.73,5642.21,17098.98,28250.89,13241.41,7659.5,7349.98,2094632,1574675,74118.0,29591.0,54831,15657.0,29860
67,2022,Q3,Maharashtra,West,Nashik,Rural,675292,19,39,18,26,259571,191746,106579,69928,47916.26,24229.2,4688.35,18998.71,31291.7,12393.05,5909.94,12988.7,2755531,1370976,73988.0,32860.0,29379,10052.0,19710
68,2022,Q4,Maharashtra,West,Nashik,Semi-Urban,675292,23,43,18,31,297838,213104,161946,103253,37788.64,20542.64,4024.09,13221.9,28830.67,13525.92,6232.22,9072.54,3114735,1908469,67214.0,40215.0,57340,17417.0,27286
69,2023,Q1,Maharashtra,West,Nashik,Semi-Urban,683299,22,46,14,24,320309,203285,145963,94881,63902.78,30249.73,8821.62,24831.43,37018.45,20076.33,9213.69,7728.43,2291869,1390721,84618.0,31325.0,57607,8027.0,32335
70,2023,Q2,Maharashtra,West,Nashik,Urban,683299,21,40,15,16,593847,371515,313216,226496,65185.53,28347.15,6890.42,29947.97,52800.78,27611.49,12946.12,12243.16,2858510,1472975,130690.0,56418.0,33236,24991.0,19640
71,2023,Q3,Maharashtra,West,Nashik,Rural,683299,17,37,11,26,393743,261954,211540,134133,56864.46,28442.72,6807.69,21614.05,41403.68,19691.18,10533.2,11179.3,2307992,1254612,93896.0,69230.0,57481,16193.0,26353
72,2023,Q4,Maharashtra,West,Nashik,Rural,683299,13,22,13,15,415744,324715,197840,118854,59248.08,33399.44,9653.48,16195.16,38794.77,20970.88,10689.05,7134.84,4220063,2666371,127690.0,46873.0,33449,12055.0,24664
73,2024,Q1,Maharashtra,West,Nashik,Rural,691307,19,42,13,27,239795,149860,120019,71125,30207.21,13613.94,3056.23,13537.04,21444.66,10740.57,5291.03,5413.05,1303746,654987,44555.0,30881.0,56660,9176.0,29223
74,2024,Q2,Maharashtra,West,Nashik,Semi-Urban,691307,22,44,19,19,347493,236929,144122,124298,66065.49,36120.31,7959.56,21985.62,50595.93,21293.16,11817.72,17485.05,2667315,2051556,81793.0,36813.0,34506,11012.0,20871
75,2024,Q3,Maharashtra,West,Nashik,Semi-Urban,691307,27,45,24,26,488873,389242,205214,114185,38754.48,17925.35,5604.25,15224.88,27700.93,11169.12,5010.91,11520.9,3880199,2621125,98506.0,114021.0,57821,27232.0,44408
76,2024,Q4,Maharashtra,West,Nashik,Rural,691307,21,48,13,16,380296,336178,206035,89767,45458.44,20933.13,7187.75,17337.56,37380.19,16787.08,8002.68,12590.42,5980706,3679245,113302.0,55601.0,60798,11517.0,49590
77,2025,Q1,Maharashtra,West,Nashik,Rural,699314,20,43,12,14,337552,245915,159455,144551,72215.68,39387.51,8339.77,24488.41,49540.19,22784.68,13686.71,13068.8,1905993,1209156,58494.0,50377.0,62192,21645.0,33229
78,2025,Q2,Maharashtra,West,Nashik,Urban,699314,30,62,16,27,446315,285369,255276,143014,81614.55,35913.45,10400.44,35300.66,47957.17,21446.6,13852.03,12658.55,2489280,1227515,101420.0,69430.0,29125,24514.0,14130
79,2025,Q3,Maharashtra,West,Nashik,Rural,699314,12,20,8,18,385701,292705,147547,165237,59893.1,33581.04,6339.27,19972.78,43693.54,20851.18,8343.23,14499.13,3960305,2115509,138854.0,78924.0,26735,15814.0,19481
80,2025,Q4,Maharashtra,West,Nashik,Rural,699314,22,43,20,17,398706,257453,228468,128607,36725.08,17853.78,5722.45,13148.86,29208.55,13797.77,5106.54,10304.24,3642917,2707202,66785.0,35721.0,42677,13174.0,28016
81,2021,Q1,Maharashtra,West,Aurangabad,Semi-Urban,505147,32,54,27,43,400505,269398,180658,154032,53215.85,28830.14,4445.18,19940.53,42364.72,16543.26,12460.75,13360.71,2280457,1303694,85039.0,49942.0,44250,29964.0,25942
82,2021,Q2,Maharashtra,West,Aurangabad,Rural,505147,22,46,22,27,310990,228743,161442,68627,46650.92,25521.39,4165.88,16963.64,34713.26,15488.87,8675.73,10548.66,3013993,1953664,54180.0,53982.0,35971,18293.0,26900
83,2021,Q3,Maharashtra,West,Aurangabad,Rural,505147,24,38,13,24,390194,319237,209816,128228,48022.71,22691.25,5926.1,19405.36,27816.59,10963.14,6780.34,10073.11,5676727,3819129,131293.0,102050.0,30447,22166.0,22551
84,2021,Q4,Maharashtra,West,Aurangabad,Rural,505147,29,54,29,30,362617,284500,151173,107359,39169.75,16602.91,6391.32,16175.53,25073.08,11373.54,5060.29,8639.25,3536277,2623277,132172.0,48893.0,43198,12439.0,32267
85,2022,Q1,Maharashtra,West,Aurangabad,Rural,511208,20,32,19,22,324083,267129,172769,82113,46299.01,25011.65,6745.56,14541.8,40080.26,14580.86,6732.99,18766.41,2543717,1912560,78367.0,46037.0,25546,12508.0,18673
86,2022,Q2,Maharashtra,West,Aurangabad,Rural,511208,24,52,14,27,258562,164844,145127,64444,36380.42,17301.61,6184.06,12894.74,20271.23,9786.1,5977.48,4507.65,1248666,756239,60274.0,50667.0,25871,15912.0,21035
87,2022,Q3,Maharashtra,West,Aurangabad,Rural,511208,22,44,17,34,372251,267224,149949,93718,37065.7,20612.18,5045.47,11408.05,26788.09,9990.72,7511.9,9285.47,4069760,2617105,109009.0,35683.0,20398,17836.0,12837
88,2022,Q4,Maharashtra,West,Aurangabad,Rural,511208,27,62,27,35,355364,261297,181304,118883,29778.89,16349.34,3749.88,9679.67,16888.97,8567.03,3178.35,5143.59,2944897,2082117,75055.0,,33823,12524.0,26205
89,2023,Q1,Maharashtra,West,Aurangabad,Urban,517270,35,66,38,48,291027,185750,137593,119593,41822.05,18271.04,6092.55,17458.46,34348.2,14635.22,9225.43,10487.55,2322152,1314666,87444.0,29859.0,42711,15680.0,29248
90,2023,Q2,Maharashtra,West,Aurangabad,Semi-Urban,517270,32,59,33,37,317479,258698,171010,90964,62633.82,29081.18,11170.88,22381.76,37356.99,14584.29,6940.61,15832.09,2243725,1373377,117044.0,64896.0,37200,9261.0,28885
91,2023,Q3,Maharashtra,West,Aurangabad,Semi-Urban,517270,33,62,36,42,413896,275848,230285,128213,36370.31,18532.89,4827.79,13009.63,28637.5,15122.08,4900.36,8615.06,4670974,3389814,113149.0,43441.0,34888,25045.0,19757
92,2023,Q4,Maharashtra,West,Aurangabad,Rural,517270,26,57,20,26,374622,319144,167471,96086,65658.03,28633.6,6827.61,30196.82,39188.05,16442.84,8740.86,14004.34,4678659,2740348,132347.0,79859.0,44219,18193.0,35917
93,2024,Q1,Maharashtra,West,Aurangabad,Semi-Urban,523332,32,57,29,24,324663,279082,138123,128494,36958.12,19627.13,4851.33,12479.67,24050.59,9440.55,3959.85,10650.19,4737396,3512122,83452.0,69947.0,42370,20915.0,29491
94,2024,Q2,Maharashtra,West,Aurangabad,Rural,523332,23,52,21,27,292468,217940,138065,117442,41436.49,23879.36,3773.71,13783.43,28568.02,10238.92,7530.15,10798.95,3583316,2034124,99969.0,38359.0,46914,18337.0,35083
95,2024,Q3,Maharashtra,West,Aurangabad,Rural,523332,29,51,29,23,418493,322823,167107,113326,32176.11,15064.93,4499.37,12611.81,20852.97,8549.38,5506.16,6797.42,5444781,3704309,75061.0,97033.0,36943,29133.0,19157
96,2024,Q4,Maharashtra,West,Aurangabad,Rural,523332,25,43,24,18,406073,364946,223802,133802,36031.96,18586.6,3296.68,14148.67,20933.59,11135.11,5310.6,4487.88,5140945,3265702,158975.0,107949.0,31832,16586.0,19443
97,2025,Q1,Maharashtra,West,Aurangabad,Semi-Urban,529394,34,64,30,43,414702,338702,177279,135854,36111.61,17984.55,5244.22,12882.85,31188.7,14662.75,8237.03,8288.92,2582483,1436680,119097.0,83598.0,30022,20164.0,14016
98,2025,Q2,Maharashtra,West,Aurangabad,Rural,529394,27,47,29,26,376504,254105,189063,105023,38472.58,16192.38,3107.29,19172.91,23941.21,8555.25,4192.67,11193.28,3377699,2140786,78290.0,71280.0,27851,26953.0,16624
99,2025,Q3,Maharashtra,West,Aurangabad,Rural,529394,24,43,19,35,390155,318613,225729,96607,42277.18,20609.81,5119.86,16547.52,35914.96,17699.12,8803.0,9412.83,5744858,4172832,95723.0,90727.0,18578,22168.0,8711
100,2025,Q4,Maharashtra,West,Aurangabad,Rural,529394,28,44,24,36,315923,229826,148877,93987,28342.87,15310.49,2468.69,10563.69,16338.51,6877.77,4768.26,4692.49,2675171,1760525,90512.0,58774.0,18850,17945.0,14852
101,2021,Q1,Gujarat,West,Ahmedabad,Rural,1151979,33,65,33,52,1005245,818839,489050,315907,85300.0,48247.52,13716.43,23336.05,52996.63,23494.55,14539.16,14962.92,13136510,7897267,194490.0,161703.0,45683,52400.0,35123
102,2021,Q2,Gujarat,West,Ahmedabad,Semi-Urban,1151979,38,65,28,41,896807,746697,358520,364845,67721.32,28740.06,8078.98,30902.28,48997.6,22163.39,8975.77,17858.44,11484927,8774407,289638.0,96290.0,63803,45613.0,37656
103,2021,Q3,Gujarat,West,Ahmedabad,Rural,1151979,34,68,20,49,875105,748812,434090,295378,73299.26,42185.48,7538.73,23575.04,63957.94,29189.29,11449.14,23319.51,13252078,8007502,184071.0,121137.0,67651,35582.0,34124
104,2021,Q4,Gujarat,West,Ahmedabad,Rural,1151979,29,47,29,29,804712,605724,377269,345157,107824.88,55756.28,10260.45,41808.15,60404.51,32869.02,16206.26,11329.24,8253669,4378580,287614.0,130579.0,57385,53857.0,33385
105,2022,Q1,Gujarat,West,Ahmedabad,Semi-Urban,1165802,33,64,30,30,1022174,789682,422207,350019,193584.31,106603.22,19499.92,67481.17,156452.55,77743.71,31614.13,47094.7,9345398,6534726,240627.0,219929.0,51154,69127.0,36474
106,2022,Q2,Gujarat,West,Ahmedabad,Urban,1165802,46,76,40,57,804640,602168,311875,303052,107552.41,56886.72,13624.55,37041.14,60376.93,32840.32,17682.94,9853.68,9213672,5782310,212778.0,83541.0,61958,39886.0,39857
107,2022,Q3,Gujarat,West,Ahmedabad,Rural,1165802,37,84,27,50,1051239,785984,492706,364196,166761.97,82753.52,29952.5,54055.95,94991.89,33307.35,23712.61,37971.93,8444467,4701999,233903.0,132105.0,42956,77346.0,22838
108,2022,Q4,Gujarat,West,Ahmedabad,Semi-Urban,1165802,35,75,37,25,1041027,799116,527289,369917,181063.32,97283.18,24055.68,59724.46,146990.83,80567.03,27647.67,38776.13,5951034,2935339,382463.0,110247.0,64710,58969.0,30772
109,2023,Q1,Gujarat,West,Ahmedabad,Rural,1179626,31,65,18,32,984694,687802,509560,221698,113635.18,59219.2,15648.03,38767.95,88664.93,31140.7,15439.38,42084.85,5555654,4070196,306708.0,176317.0,58431,48164.0,29433
110,2023,Q2,Gujarat,West,Ahmedabad,Semi-Urban,1179626,38,79,25,56,836249,586966,343251,230717,66645.82,36972.23,8990.39,20683.2,41477.72,14796.51,7882.75,18798.46,5321593,3703495,192637.0,159609.0,102646,39886.0,77387
111,2023,Q3,Gujarat,West,Ahmedabad,Rural,1179626,33,63,22,32,784897,610430,317091,323790,128569.42,57262.23,21625.28,49681.91,105664.36,52234.58,20923.3,32506.49,5708630,4081128,198167.0,85795.0,91895,42913.0,71808
112,2023,Q4,Gujarat,West,Ahmedabad,Semi-Urban,1179626,46,88,33,71,689304,607034,375907,170454,108005.17,55243.51,18438.64,34323.02,93012.4,40411.74,19795.26,32805.4,5325402,2623759,281325.0,154810.0,81249,49291.0,61941
113,2024,Q1,Gujarat,West,Ahmedabad,Semi-Urban,1193450,36,81,23,34,719261,582105,409113,198863,99992.14,57986.9,9047.37,32957.87,71447.22,30509.68,20092.02,20845.52,7974310,5671601,200099.0,82772.0,41977,48872.0,21778
114,2024,Q2,Gujarat,West,Ahmedabad,Rural,1193450,30,56,28,31,1064649,877844,542484,412243,166944.99,80660.72,28894.96,57389.31,98746.13,49118.23,29272.58,20355.31,10665537,6972622,205039.0,225113.0,47881,28905.0,33360
115,2024,Q3,Gujarat,West,Ahmedabad,Semi-Urban,1193450,40,65,37,36,1083924,926445,565674,454443,90044.5,42576.54,15362.18,32105.78,57448.64,28435.43,16250.53,12762.68,14681338,9050687,213852.0,184853.0,60907,39010.0,30371
116,2024,Q4,Gujarat,West,Ahmedabad,Urban,1193450,54,108,31,56,830383,557093,387873,240595,102940.78,46912.39,14842.62,41185.77,76002.66,35236.24,19215.07,21551.35,8521998,5488924,201990.0,164816.0,101187,45926.0,56434
117,2025,Q1,Gujarat,West,Ahmedabad,Rural,1207273,32,65,25,24,983459,770066,568480,265753,144171.34,75421.01,19625.95,49124.37,116257.78,45456.36,30411.62,40389.81,12315477,7075784,293496.0,230415.0,62264,72857.0,40165
118,2025,Q2,Gujarat,West,Ahmedabad,Urban,1207273,48,80,43,68,1113626,795635,584649,371005,96026.4,50933.88,16618.39,28474.12,68573.71,27158.63,11399.62,30015.46,12230478,7170488,261021.0,143519.0,111001,81423.0,75451
119,2025,Q3,Gujarat,West,Ahmedabad,Urban,1207273,50,84,40,60,1074242,810809,601075,388460,108771.46,54859.67,12964.02,40947.77,83482.92,31037.17,20796.88,31648.87,14600818,9297244,283411.0,163244.0,58126,51507.0,45929
120,2025,Q4,Gujarat,West,Ahmedabad,Rural,1207273,39,67,21,27,1057923,872780,477131,387882,143651.21,82560.43,17134.63,43956.15,119502.47,60303.07,24306.8,34892.59,14427513,11081056,244666.0,184721.0,97565,71685.0,65674
121,2021,Q1,Gujarat,West,Surat,Rural,1485811,28,50,28,37,875590,647968,337832,281052,130065.35,60639.27,15579.7,53846.37,111003.65,60902.27,18458.53,31642.86,7186418,5075619,270761.0,125929.0,133879,63520.0,88833
122,2021,Q2,Gujarat,West,Surat,Rural,1485811,34,74,23,41,1028484,826753,440273,267647,183147.44,91748.31,18696.66,72702.47,103083.97,36821.98,19022.19,47239.79,14431015,9444907,368202.0,145918.0,90926,55542.0,58299
123,2021,Q3,Gujarat,West,Surat,Semi-Urban,1485811,38,86,40,57,1063846,892037,505611,345200,109832.32,49400.57,12428.24,48003.51,91398.06,35774.59,15534.21,40089.26,11554919,6965578,212253.0,274887.0,124292,71055.0,71208
124,2021,Q4,Gujarat,West,Surat,Semi-Urban,1485811,38,82,34,31,1329013,1024597,580106,411060,99881.93,54184.7,7990.67,37706.56,68665.5,31208.61,11511.69,25945.2,11236711,6418215,484634.0,169289.0,72544,33323.0,52221
125,2022,Q1,Gujarat,West,Surat,Urban,1503640,51,109,51,55,1008109,716848,526761,394698,97190.87,54845.82,15615.59,26729.45,85042.33,42593.42,18288.13,24160.78,5523854,3553766,267789.0,180791.0,116621,33636.0,86163
126,2022,Q2,Gujarat,West,Surat,Semi-Urban,1503640,37,85,21,34,1183676,832167,618926,449076,105242.57,52770.99,12305.81,40165.77,90283.94,46541.48,23257.98,20484.47,14255802,9813389,337630.0,176705.0,118394,80590.0,65283
127,2022,Q3,Gujarat,West,Surat,Semi-Urban,1503640,40,72,43,58,1242243,1023081,611698,520361,168268.69,75062.25,26690.88,66515.57,133330.48,56914.91,21803.14,54612.42,15533355,11977414,448251.0,125106.0,92112,45650.0,65473
128,2022,Q4,Gujarat,West,Surat,Semi-Urban,1503640,40,79,43,29,1126790,925282,622583,290310,201031.41,97188.35,18730.4,85112.66,167971.31,64073.44,34160.38,69737.5,14123242,10154673,273339.0,272294.0,75224,63374.0,49764
129,2023,Q1,Gujarat,West,Surat,Semi-Urban,1521470,40,79,28,39,1049824,833520,469071,392494,122898.23,67028.89,13343.78,42525.57,85145.5,41473.42,17586.28,26085.8,14204144,9552575,195637.0,162356.0,114549,59434.0,59980
130,2023,Q2,Gujarat,West,Surat,Rural,1521470,35,75,21,33,1004232,744101,578511,235166,133728.92,76935.35,12213.51,44580.06,91362.04,45459.65,23629.66,22272.73,8463208,4733327,245485.0,140861.0,71995,49359.0,39550
131,2023,Q3,Gujarat,West,Surat,Rural,1521470,36,73,21,27,1405848,988650,560108,486141,222931.37,103169.14,18171.37,101590.85,193605.88,77476.93,49300.51,66828.43,10633168,5968704,399141.0,239254.0,107811,96026.0,86280
132,2023,Q4,Gujarat,West,Surat,Rural,1521470,36,60,38,49,1365139,923840,679180,501332,217014.32,91680.56,30011.48,95322.28,137483.67,60499.81,40428.63,36555.23,8885847,6057820,299092.0,266029.0,142440,41083.0,64536
133,2024,Q1,Gujarat,West,Surat,Rural,1539300,35,79,27,32,1111146,913990,424247,381995,174379.74,79992.09,26402.01,67985.64,101168.01,39440.76,28614.95,33112.3,8717176,4744950,376626.0,112191.0,78886,41532.0,37323
134,2024,Q2,Gujarat,West,Surat,Rural,1539300,34,72,30,44,898534,796476,492125,349591,173871.59,88166.92,17392.06,68312.61,131018.95,65322.95,34498.4,31197.61,8826740,6675045,283208.0,106482.0,107854,46648.0,59263
135,2024,Q3,Gujarat,West,Surat,Rural,1539300,37,80,29,46,999187,816864,465141,312680,169852.48,73077.5,27596.67,69178.31,109807.32,48181.68,17906.05,43719.59,6409502,4020864,243647.0,,139501,30245.0,102232
136,2024,Q4,Gujarat,West,Surat,Rural,1539300,39,80,27,32,946270,605364,394716,340170,186922.18,98998.0,17017.99,70906.18,120645.53,49701.3,23525.15,47419.08,7010896,4109343,214239.0,137484.0,130399,61000.0,73529
137,2025,Q1,Gujarat,West,Surat,Urban,1557129,52,95,43,80,1393071,903711,638787,468361,183428.46,102244.98,27091.3,54092.18,151605.41,79100.56,40140.54,32364.32,7761737,5294231,302015.0,218796.0,71246,83162.0,38113
138,2025,Q2,Gujarat,West,Surat,Rural,1557129,37,62,20,49,1305448,997598,538200,310104,95961.88,53982.1,9994.78,31985.0,63997.89,23747.64,12231.95,28018.3,9675578,4811855,354145.0,240970.0,91032,47923.0,48359
139,2025,Q3,Gujarat,West,Surat,Urban,1557129,58,109,45,68,1283547,1048145,531823,417183,174814.3,91082.98,23294.08,60437.25,102804.83,48434.19,18135.65,36234.99,15775834,8548540,322486.0,155721.0,91110,89570.0,47887
140,2025,Q4,Gujarat,West,Surat,Rural,1557129,44,82,24,62,901572,678695,443695,317325,140226.97,59119.21,21362.79,59744.97,101912.29,52711.43,28025.31,21175.55,7676113,5507361,298126.0,147289.0,96662,30808.0,74075
141,2021,Q1,Gujarat,West,Rajkot,Rural,454994,38,59,26,33,258626,195053,107677,97255,47661.15,27503.97,5959.92,14197.25,34287.98,18784.45,6597.58,8905.95,2276668,1140613,90711.0,25077.0,35832,14333.0,25492
142,2021,Q2,Gujarat,West,Rajkot,Rural,454994,30,55,17,30,416479,302440,227511,165295,52377.22,22797.68,4733.22,24846.32,29648.49,13822.22,6512.29,9313.99,3282149,2242502,109630.0,67811.0,36631,10716.0,19292
143,2021,Q3,Gujarat,West,Rajkot,Semi-Urban,454994,47,85,35,39,297096,234561,138634,113669,54888.48,29712.39,6075.63,19100.47,37705.12,18571.87,8071.52,11061.73,3285122,2425911,87493.0,36843.0,39638,18187.0,28774
144,2021,Q4,Gujarat,West,Rajkot,Rural,454994,32,64,19,35,331350,294364,154481,111122,48562.71,26210.13,4977.88,17374.7,35182.67,18125.53,7910.33,9146.8,5011584,2500490,86071.0,73868.0,37130,21896.0,23048
145,2022,Q1,Gujarat,West,Rajkot,Urban,460453,52,111,32,46,337705,234340,156373,137303,62133.91,34627.18,9840.6,17666.13,42969.64,16767.31,9968.45,16233.88,3291961,1673297,96412.0,48574.0,36781,22165.0,26170
146,2022,Q2,Gujarat,West,Rajkot,Urban,460453,53,117,55,81,398442,322256,151863,126634,56855.77,26773.19,10013.21,20069.37,48001.31,24952.8,10408.68,12639.83,3362470,1629866,72044.0,43841.0,16589,28221.0,11799
147,2022,Q3,Gujarat,West,Rajkot,Rural,460453,35,54,37,37,326605,238214,128638,115633,56690.19,25065.55,7816.67,23807.97,41833.38,21907.4,8913.77,11012.22,3426163,2126912,75415.0,58054.0,28356,16234.0,21794
148,2022,Q4,Gujarat,West,Rajkot,Rural,460453,33,75,27,51,404110,291557,223363,98244,79631.64,34138.28,11500.85,33992.5,69399.11,25258.51,16493.13,27647.47,3570182,1932360,120828.0,82234.0,17285,21816.0,10674
149,2023,Q1,Gujarat,West,Rajkot,Urban,465913,52,81,33,57,340048,276117,191121,120443,71230.88,36578.48,11637.64,23014.76,54281.53,19851.38,14312.9,20117.24,3985600,1992633,67559.0,65941.0,22758,24069.0,15430
150,2023,Q2,Gujarat,West,Rajkot,Rural,465913,34,71,29,39,435017,352958,197971,168793,76088.75,34398.85,7732.34,33957.56,59204.65,27862.18,14603.35,16739.12,2967425,1733724,163984.0,97127.0,28478,19487.0,19867
151,2023,Q3,Gujarat,West,Rajkot,Urban,465913,55,119,42,46,343706,218412,195388,81015,45301.6,26168.41,4376.23,14756.96,26626.58,9365.67,4840.18,12420.73,2118438,1029891,59821.0,53754.0,39414,14875.0,22894
152,2023,Q4,Gujarat,West,Rajkot,Rural,465913,31,72,19,46,398695,255728,230184,110433,37227.07,19844.56,5275.89,12106.62,22391.1,9979.7,6029.43,6381.98,1906867,1014973,76447.0,46628.0,40778,18773.0,33200
153,2024,Q1,Gujarat,West,Rajkot,Rural,471373,32,58,20,32,361057,324119,185164,94539,27441.85,13995.59,4295.09,9151.17,23609.28,8337.96,5505.36,9765.95,4178626,2867004,110986.0,81422.0,35110,11138.0,26188
154,2024,Q2,Gujarat,West,Rajkot,Rural,471373,39,82,30,45,426681,370857,231931,139580,72146.65,40339.86,8677.62,23129.17,62780.4,33679.46,16563.0,12537.94,6082699,3221340,108530.0,54267.0,40658,21137.0,24412
155,2024,Q3,Gujarat,West,Rajkot,Urban,471373,59,117,44,83,306790,270862,171433,89236,52165.07,24727.49,9329.84,18107.75,29125.24,11665.51,6780.66,10679.07,4259708,2841409,96347.0,64407.0,33475,8490.0,19727
156,2024,Q4,Gujarat,West,Rajkot,Rural,471373,44,77,37,38,314374,215781,179099,131527,51655.48,28189.95,7179.84,16285.69,28520.21,14388.54,7368.15,6763.52,2891610,1998753,81989.0,58710.0,42946,13766.0,30577
157,2025,Q1,Gujarat,West,Rajkot,Rural,476833,39,61,35,35,388133,291539,207538,95447,57719.53,32119.6,9976.15,15623.78,50724.58,25829.03,13468.53,11427.02,3463500,2466061,80473.0,54576.0,42866,13373.0,33918
158,2025,Q2,Gujarat,West,Rajkot,Semi-Urban,476833,47,95,31,35,369197,296252,155858,124366,71942.75,40890.59,8387.7,22664.46,47119.36,23554.27,10383.02,13182.07,3437828,1951843,71918.0,52306.0,26193,14652.0,12189
159,2025,Q3,Gujarat,West,Rajkot,Semi-Urban,476833,51,86,36,64,375007,285670,168784,154396,44141.16,23328.53,5928.25,14884.38,29330.58,12821.25,7955.26,8554.08,3073277,2258429,83505.0,42408.0,19235,27969.0,12506
160,2025,Q4,Gujarat,West,Rajkot,Urban,476833,61,140,48,53,293953,202003,153451,81518,34618.84,19598.32,3425.16,11595.35,19097.78,6913.77,5474.71,6709.31,1916213,1088945,78448.0,35271.0,19973,21187.0,14783
161,2021,Q1,Gujarat,West,Vadodara,Semi-Urban,1379896,27,60,28,40,931052,757406,404380,242099,89634.59,43812.78,14618.95,31202.86,52845.33,26263.35,12387.14,14194.85,7644783,5036570,223333.0,165541.0,84215,30929.0,41529
162,2021,Q2,Gujarat,West,Vadodara,Rural,1379896,22,49,16,29,1109106,976939,603571,375972,188512.24,91225.41,21241.46,76045.37,104354.28,53774.83,28398.69,22180.76,11824672,6096951,241458.0,229943.0,129481,39633.0,61487
163,2021,Q3,Gujarat,West,Vadodara,Semi-Urban,1379896,35,57,22,42,921599,813521,501117,393107,108397.66,53006.18,12438.84,42952.65,61419.78,22145.09,15777.61,23497.08,11524569,6406017,275833.0,134478.0,96120,39592.0,72543
164,2021,Q4,Gujarat,West,Vadodara,Semi-Urban,1379896,41,79,30,42,1196417,851717,504662,284489,160608.41,89064.66,16401.95,55141.8,108527.46,55531.46,29878.4,23117.6,9331678,7089895,272548.0,180414.0,58119,85768.0,40859
165,2022,Q1,Gujarat,West,Vadodara,Rural,1396454,27,50,17,34,1297634,1008797,678598,304132,155321.63,80463.96,27002.39,47855.29,119347.07,43604.72,25021.5,50720.85,15986085,11580340,366367.0,202406.0,100139,56671.0,54523
166,2022,Q2,Gujarat,West,Vadodara,Rural,1396454,26,47,20,34,1130206,722913,518823,291789,114287.56,48767.24,13933.74,51586.58,69201.94,36390.95,16469.07,16341.92,10877201,8347549,202530.0,159391.0,67346,78333.0,53586
167,2022,Q3,Gujarat,West,Vadodara,Urban,1396454,47,88,45,55,1140732,844105,600366,448466,113878.22,57673.33,18729.16,37475.72,78841.26,33571.24,22714.84,22555.17,10715029,6795778,240826.0,243813.0,74721,61202.0,42615
168,2022,Q4,Gujarat,West,Vadodara,Rural,1396454,34,60,18,53,1298153,948487,682405,379864,219661.36,125532.29,26364.03,67765.04,177593.65,71603.22,53037.73,52952.71,14331486,9837327,215022.0,228306.0,58962,93371.0,30485
169,2023,Q1,Gujarat,West,Vadodara,Semi-Urban,1413013,32,63,24,27,874423,644520,464717,357265,74086.08,32304.44,6049.81,35731.83,56925.31,26782.78,10407.24,19735.29,10222558,7895977,180975.0,80398.0,60939,31980.0,47002
170,2023,Q2,Gujarat,West,Vadodara,Urban,1413013,39,73,22,28,1097083,800882,423178,375732,89005.85,41746.35,7478.79,39780.71,66234.26,28450.06,19627.33,18156.87,11856118,6656589,289512.0,140192.0,126117,47982.0,82411
171,2023,Q3,Gujarat,West,Vadodara,Rural,1413013,33,72,22,29,1231534,1084379,491470,387332,155385.64,67338.54,15711.45,72335.65,124046.62,44688.88,28401.09,50956.65,12666093,8093407,,202649.0,63136,66009.0,47226
172,2023,Q4,Gujarat,West,Vadodara,Semi-Urban,1413013,36,60,22,33,979472,719292,505348,227142,76970.73,40913.5,7646.54,28410.69,58628.33,23566.57,16653.5,18408.26,7266091,4384295,325752.0,129082.0,69847,57415.0,52779
173,2024,Q1,Gujarat,West,Vadodara,Semi-Urban,1429572,34,56,32,34,1164339,810124,461364,498851,120835.91,69645.56,19259.05,31931.3,92754.8,43183.06,26087.68,23484.07,10966667,6616816,239192.0,172990.0,86702,48336.0,57116
174,2024,Q2,Gujarat,West,Vadodara,Urban,1429572,47,80,50,62,1249302,969125,669505,279096,205378.66,115502.11,36803.09,53073.46,132888.67,52100.83,35501.32,45286.52,7880215,4080269,276963.0,284062.0,134021,73323.0,102304
175,2024,Q3,Gujarat,West,Vadodara,Rural,1429572,33,67,30,40,1028953,717446,549168,275262,159905.05,83159.07,24738.56,52007.41,99489.02,36013.9,17742.51,45732.62,5538549,3878343,270878.0,207979.0,79311,50342.0,62947
176,2024,Q4,Gujarat,West,Vadodara,Rural,1429572,36,69,20,27,933666,586154,472691,289010,127490.6,59582.62,18662.39,49245.6,110731.95,39872.73,31520.27,39338.95,7768444,3890578,216870.0,136447.0,57744,51394.0,33269
177,2025,Q1,Gujarat,West,Vadodara,Urban,1446131,40,84,28,46,1192844,1040248,642272,431852,208023.21,97215.87,16664.99,94142.35,133081.81,52378.11,33624.03,47079.67,7318253,5112776,,248299.0,78686,69486.0,51612
178,2025,Q2,Gujarat,West,Vadodara,Rural,1446131,29,48,17,42,1317560,1056604,527928,401099,232082.31,101864.4,18567.3,111650.61,182185.83,76758.39,35640.54,69786.9,17288849,13265552,235996.0,240968.0,99703,66830.0,48004
179,2025,Q3,Gujarat,West,Vadodara,Rural,1446131,35,65,23,27,976330,631744,405547,417225,129428.96,72451.61,23239.86,33737.49,96074.57,49237.71,19769.43,27067.42,9368452,6414180,189203.0,126690.0,77967,30911.0,53328
180,2025,Q4,Gujarat,West,Vadodara,Rural,1446131,27,54,25,35,1224305,1058290,587656,457097,177921.7,75458.43,19296.35,83166.92,123869.29,58642.35,34558.83,30668.12,19741528,10115822,286821.0,153568.0,92132,66453.0,59914
181,2021,Q1,Gujarat,West,Bhavnagar,Urban,513014,29,46,20,44,388134,270180,178476,134179,57610.11,33202.15,7747.25,16660.71,34265.18,18116.93,5840.48,10307.77,3893470,2768779,123205.0,86272.0,28337,27976.0,18305
182,2021,Q2,Gujarat,West,Bhavnagar,Semi-Urban,513014,26,59,28,37,330637,294476,167177,137358,51438.4,24649.48,6946.61,19842.31,41701.36,17247.54,10056.8,14397.03,3573174,1797366,91247.0,83382.0,23066,9276.0,14640
183,2021,Q3,Gujarat,West,Bhavnagar,Rural,513014,21,49,11,26,330296,247089,151734,104251,44062.29,19460.41,4395.83,20206.05,26859.09,10810.63,6272.57,9775.9,2613980,1382171,61503.0,72553.0,38751,8886.0,26326
184,2021,Q4,Gujarat,West,Bhavnagar,Semi-Urban,513014,31,53,17,31,302960,197715,130530,85449,44593.97,22958.91,4229.12,17405.95,27059.1,14226.43,6444.65,6388.03,2883456,1837047,88217.0,38417.0,27778,14692.0,17664
185,2022,Q1,Gujarat,West,Bhavnagar,Rural,519170,24,54,17,23,258281,209201,114836,110396,29615.22,15297.25,4743.42,9574.54,20876.99,9071.7,6250.35,5554.94,1771459,1267970,46594.0,62553.0,37419,10871.0,28937
186,2022,Q2,Gujarat,West,Bhavnagar,Rural,519170,20,34,17,20,331645,207858,133749,81813,32807.93,17727.45,5595.52,9484.95,27088.62,10547.7,6007.2,10533.72,2606334,1304294,56505.0,35937.0,24967,23801.0,15541
187,2022,Q3,Gujarat,West,Bhavnagar,Rural,519170,22,41,12,24,242036,205607,131902,93286,28615.32,14504.52,3358.89,10751.91,21643.45,7628.63,3896.14,10118.69,2875505,1712451,84914.0,34713.0,44798,17576.0,34804
188,2022,Q4,Gujarat,West,Bhavnagar,Rural,519170,24,40,19,16,249918,193666,120982,107180,24209.15,10607.64,4158.03,9443.49,19528.98,10047.03,5592.85,3889.1,2183073,1433764,,40716.0,32321,11890.0,25748
189,2023,Q1,Gujarat,West,Bhavnagar,Urban,525326,35,73,22,26,431856,355875,168162,179173,36244.43,19121.92,3515.25,13607.26,20597.25,8573.18,5504.33,6519.74,4664914,2270252,116569.0,89180.0,49544,11690.0,40035
190,2023,Q2,Gujarat,West,Bhavnagar,Rural,525326,25,58,15,28,268814,170501,135349,70868,37523.18,17752.89,5934.79,13835.51,26049.6,12387.87,6529.18,7132.56,2482537,1907791,74914.0,31540.0,41403,13304.0,28293
191,2023,Q3,Gujarat,West,Bhavnagar,Semi-Urban,525326,28,47,27,26,440244,318821,213244,103137,46959.13,26410.85,6819.76,13728.52,32950.41,15985.97,8125.75,8838.69,4584535,3258119,117269.0,42031.0,49719,11249.0,35805
192,2023,Q4,Gujarat,West,Bhavnagar,Rural,525326,24,45,14,25,318257,224305,167459,116848,51509.69,24517.41,5376.59,21615.69,39479.51,15387.64,8057.83,16034.04,3828580,2130077,62445.0,30018.0,33296,8645.0,23598
193,2024,Q1,Gujarat,West,Bhavnagar,Rural,531482,21,35,17,17,319641,226576,179763,74410,49267.19,23207.17,5988.5,20071.52,41859.62,16681.71,7232.64,17945.26,1868406,1218490,68620.0,31932.0,20543,8485.0,14674
194,2024,Q2,Gujarat,West,Bhavnagar,Rural,531482,27,44,18,34,297110,225347,120133,102057,35139.75,19303.78,4960.49,10875.48,22756.39,9128.7,4684.15,8943.54,3537407,2106242,59221.0,35206.0,32505,,21718
195,2024,Q3,Gujarat,West,Bhavnagar,Rural,531482,22,46,21,29,361058,225332,163225,125293,47927.34,22497.5,5241.02,20188.83,30567.06,12732.9,7276.08,10558.08,3686756,2749487,90994.0,56899.0,44625,9368.0,32232
196,2024,Q4,Gujarat,West,Bhavnagar,Rural,531482,25,41,22,24,274168,180549,104234,112320,20500.84,9975.75,2371.07,8154.02,17443.54,6245.8,4041.84,7155.9,2645679,1907869,71664.0,55309.0,21271,12144.0,12515
197,2025,Q1,Gujarat,West,Bhavnagar,Urban,537638,34,61,19,29,499679,369708,253039,186122,57165.14,25898.84,6364.0,24902.3,43439.94,18664.23,6991.83,17783.87,5772693,4200000,131647.0,112503.0,44464,20580.0,32597
198,2025,Q2,Gujarat,West,Bhavnagar,Rural,537638,23,47,20,16,400941,349985,173801,156608,35157.98,17498.25,4732.0,12927.74,30082.85,15771.33,8119.71,6191.81,2825283,2079404,101902.0,105822.0,29403,11101.0,20513
199,2025,Q3,Gujarat,West,Bhavnagar,Rural,537638,22,35,14,15,348659,224393,180093,93956,72440.87,33779.94,11468.95,27191.98,59044.44,32315.77,14388.99,12339.68,3206804,2153385,54148.0,55956.0,28725,23703.0,23123
200,2025,Q4,Gujarat,West,Bhavnagar,Rural,537638,22,35,14,31,403489,322021,185749,137728,46059.63,25189.55,8204.33,12665.74,39506.33,21205.94,8545.67,9754.72,5852009,3058249,110094.0,84088.0,28631,12896.0,19367
201,2021,Q1,Rajasthan,North,Jaipur,Urban,944670,33,58,22,51,631629,528762,289680,157429,49084.49,28278.78,5738.65,15067.06,32782.23,13729.8,7634.2,11418.23,6508803,4115694,176909.0,156504.0,40906,46827.0,22191
202,2021,Q2,Rajasthan,North,Jaipur,Rural,944670,25,52,21,26,517016,434199,216703,202801,80332.72,39626.89,8488.33,32217.49,64121.4,29019.74,13139.73,21961.93,5118287,3870486,162812.0,138573.0,52619,14340.0,27654
203,2021,Q3,Rajasthan,North,Jaipur,Rural,944670,19,31,11,25,679633,503302,274454,222649,79597.05,41343.74,12088.55,26164.77,46683.61,16671.56,13968.03,16044.02,4711554,2316611,141180.0,65814.0,55271,44257.0,31850
204,2021,Q4,Rajasthan,North,Jaipur,Rural,944670,23,48,19,33,680670,423904,364573,215604,136128.34,78669.02,21162.09,36297.22,86038.5,39378.02,25716.82,20943.67,6636767,3873707,187771.0,59123.0,33459,30748.0,17962
205,2022,Q1,Rajasthan,North,Jaipur,Semi-Urban,956006,28,43,20,25,575023,367492,240028,193590,63757.19,30622.5,10685.1,22449.6,54113.83,24275.0,11159.45,18679.38,2759588,1571019,91052.0,114172.0,50557,23587.0,25823
206,2022,Q2,Rajasthan,North,Jaipur,Semi-Urban,956006,24,39,21,19,528618,462350,220975,207462,70643.28,40469.54,7396.08,22777.67,58894.1,22601.32,16463.96,19828.82,7149719,5436922,103307.0,102806.0,85612,34878.0,66660
207,2022,Q3,Rajasthan,North,Jaipur,Rural,956006,19,35,14,22,473381,385118,195749,134991,69424.42,37372.21,10035.54,22016.67,41752.2,19181.34,7191.5,15379.36,2950413,1658711,122511.0,78064.0,88276,34406.0,51231
208,2022,Q4,Rajasthan,North,Jaipur,Rural,956006,19,32,14,29,481378,401365,193387,205097,62583.0,29715.32,8934.78,23932.9,38386.24,14556.22,11183.02,12646.99,5905104,4266322,184061.0,119403.0,37420,20092.0,21182
209,2023,Q1,Rajasthan,North,Jaipur,Semi-Urban,967342,23,46,22,24,559337,377593,239114,158280,89340.44,47473.08,10385.84,31481.52,73430.63,28697.98,16570.77,28161.88,3037480,2263242,161701.0,58916.0,53760,33109.0,24696
210,2023,Q2,Rajasthan,North,Jaipur,Semi-Urban,967342,25,45,14,31,610872,444901,241976,153270,64191.0,36314.91,5174.1,22701.99,45554.67,17067.03,9251.02,19236.62,7841004,4247772,204999.0,67775.0,76897,31969.0,59768
211,2023,Q3,Rajasthan,North,Jaipur,Rural,967342,18,30,18,17,556928,463782,249372,233872,95706.03,53685.65,8131.24,33889.14,60757.13,26915.85,11651.82,22189.46,5570631,3245671,191734.0,140916.0,89665,26310.0,56573
212,2023,Q4,Rajasthan,North,Jaipur,Rural,967342,23,52,19,31,714433,511332,333453,284472,91434.22,52168.6,13013.01,26252.61,72666.16,37133.82,20223.39,15308.94,6190122,4222448,165013.0,66602.0,59995,44615.0,34922
213,2024,Q1,Rajasthan,North,Jaipur,Semi-Urban,978678,28,55,18,26,810633,612131,343064,343000,145558.31,71081.48,18560.15,55916.69,123189.67,56052.52,31908.47,35228.68,5013836,2716466,174803.0,128146.0,34309,21857.0,27845
214,2024,Q2,Rajasthan,North,Jaipur,Rural,978678,20,41,20,23,491329,404792,245689,183542,92164.64,47167.11,10521.89,34475.64,70413.17,25608.43,20112.51,24692.22,6465823,4262229,101618.0,75116.0,57368,23913.0,43954
215,2024,Q3,Rajasthan,North,Jaipur,Rural,978678,24,40,18,20,685050,527418,347364,178977,64469.16,30399.2,8766.16,25303.81,53710.45,25962.85,11867.62,15879.98,9361021,5974918,246732.0,139158.0,49456,18935.0,35541
216,2024,Q4,Rajasthan,North,Jaipur,Rural,978678,25,44,21,30,669718,446401,305356,234140,138115.79,78396.82,21576.62,38142.36,102933.09,39979.69,26076.66,36876.74,5861648,3743230,170560.0,107356.0,53892,34132.0,28190
217,2025,Q1,Rajasthan,North,Jaipur,Semi-Urban,990014,33,62,23,39,680810,599931,384337,221602,83124.22,35400.45,10596.42,37127.35,54944.0,29345.99,8883.37,16714.65,7252262,3666895,218214.0,160861.0,92415,34653.0,62587
218,2025,Q2,Rajasthan,North,Jaipur,Rural,990014,20,38,15,15,493309,421528,211118,128724,72110.07,31000.94,9928.17,31180.95,42497.31,15183.96,7113.38,20199.97,3160054,1931962,184158.0,60529.0,84784,18805.0,51381
219,2025,Q3,Rajasthan,North,Jaipur,Rural,990014,30,60,21,29,508264,367324,203254,193641,108925.09,60825.01,15258.14,32841.94,85101.62,34639.86,21131.4,29330.36,5802106,3275726,124327.0,79490.0,53542,36204.0,25207
220,2025,Q4,Rajasthan,North,Jaipur,Rural,990014,20,45,17,23,572371,409884,315038,193138,74804.87,31609.88,13193.22,30001.76,50448.81,23743.36,8634.82,18070.63,5792585,2999600,162973.0,125634.0,69205,36241.0,41548
221,2021,Q1,Rajasthan,North,Jodhpur,Rural,1504212,24,43,24,27,1224239,896956,538177,430136,114030.22,51706.54,17056.58,45267.1,98247.18,53947.74,21912.93,22386.51,14345523,7772428,256222.0,187074.0,138576,51532.0,112904
222,2021,Q2,Rajasthan,North,Jodhpur,Semi-Urban,1504212,37,81,26,26,1055075,743307,408819,344088,136810.94,71058.21,12596.82,53155.91,119353.68,46235.98,26536.9,46580.8,6014487,3660376,257861.0,210067.0,109371,37727.0,74608
223,2021,Q3,Rajasthan,North,Jodhpur,Urban,1504212,41,76,28,36,1391742,1220816,541942,405206,168397.44,87671.02,24255.64,56470.78,139882.09,69685.6,33006.62,37189.88,17005144,10658283,476035.0,213395.0,64682,51671.0,36087
224,2021,Q4,Rajasthan,North,Jodhpur,Urban,1504212,41,71,29,42,1220703,797249,696763,490441,187052.39,79060.62,21304.23,86687.53,151992.76,55552.84,30326.19,66113.73,14597775,7580881,296717.0,136554.0,124614,61520.0,90671
225,2022,Q1,Rajasthan,North,Jodhpur,Rural,1522262,31,59,23,36,1267266,943096,719522,357291,179944.67,95417.35,29936.33,54590.99,158161.84,68859.18,27767.07,61535.58,15355363,8387310,214939.0,250274.0,67751,35623.0,51111
226,2022,Q2,Rajasthan,North,Jodhpur,Rural,1522262,29,54,23,42,1227667,972580,509646,402392,221070.31,99973.53,17896.6,103200.19,127082.15,54031.58,34931.87,38118.71,10330294,5121186,215773.0,205551.0,94401,46329.0,54771
227,2022,Q3,Rajasthan,North,Jodhpur,Semi-Urban,1522262,33,76,29,45,887436,561903,340677,230419,122480.76,60398.88,13353.53,48728.35,90077.08,33543.53,22098.68,34434.87,10332930,5737483,206663.0,156433.0,99829,62513.0,73925
228,2022,Q4,Rajasthan,North,Jodhpur,Rural,1522262,30,69,17,46,870350,672994,485732,239495,114131.78,65322.53,18530.96,30278.3,89475.95,41832.28,24595.4,23048.27,10722019,6297325,216696.0,140999.0,59115,24993.0,29125
229,2023,Q1,Rajasthan,North,Jodhpur,Urban,1540313,48,89,33,48,1328558,1056284,753993,481918,200129.71,114229.92,31784.62,54115.17,111659.09,51008.99,28625.75,32024.35,17120432,13127141,438000.0,171781.0,75787,91844.0,36823
230,2023,Q2,Rajasthan,North,Jodhpur,Rural,1540313,29,47,16,42,885816,616586,354991,249834,79540.52,35103.8,13138.87,31297.85,65197.22,22997.17,18607.4,23592.65,4535779,2634167,140289.0,103542.0,101401,57429.0,58310
231,2023,Q3,Rajasthan,North,Jodhpur,Semi-Urban,1540313,39,67,24,33,959902,732982,526947,227225,162743.73,91071.91,16992.85,54678.97,113682.4,60838.89,28693.33,24150.17,7464655,4884606,235345.0,107222.0,120283,29969.0,80812
232,2023,Q4,Rajasthan,North,Jodhpur,Rural,1540313,29,56,26,42,1044777,907831,430580,267812,106577.62,48690.1,9660.32,48227.2,87519.23,33064.22,23159.48,31295.52,14263955,6875782,211032.0,281158.0,124505,52974.0,91930
233,2024,Q1,Rajasthan,North,Jodhpur,Rural,1558363,33,61,18,48,1092300,828937,416770,353183,210135.67,101551.62,31251.17,77332.89,172076.3,74591.35,34992.34,62492.61,6750075,3379616,384489.0,211734.0,99755,39327.0,54264
234,2024,Q2,Rajasthan,North,Jodhpur,Urban,1558363,47,76,44,44,1323499,1088280,504886,432676,131597.04,73622.45,16033.07,41941.51,91677.15,37647.83,23865.84,30163.48,12792232,6491370,340905.0,188880.0,124351,33921.0,85610
235,2024,Q3,Rajasthan,North,Jodhpur,Rural,1558363,33,77,32,29,967471,834487,453585,240688,188660.28,108937.17,32256.07,47467.04,156793.83,56526.51,27379.05,72888.27,10346573,6197977,307037.0,188840.0,94861,51725.0,42760
236,2024,Q4,Rajasthan,North,Jodhpur,Rural,1558363,28,55,26,23,1193441,978679,559634,269344,152360.01,86653.83,14087.41,51618.77,116603.72,42040.76,25940.11,48622.84,12454846,6589437,356273.0,175761.0,82978,66898.0,46605
237,2025,Q1,Rajasthan,North,Jodhpur,Urban,1576414,42,66,34,58,1033864,874542,444935,406294,95282.09,47628.64,10448.04,37205.41,60741.13,26507.56,18214.26,16019.32,11514813,7214752,242497.0,122998.0,104755,60322.0,57494
238,2025,Q2,Rajasthan,North,Jodhpur,Urban,1576414,52,98,32,71,1266575,897252,638738,337125,178967.95,78990.27,21238.06,78739.61,146928.57,79914.18,32845.83,34168.56,15482827,11417997,315671.0,210346.0,71310,59323.0,44332
239,2025,Q3,Rajasthan,North,Jodhpur,Semi-Urban,1576414,44,103,26,39,1121598,804610,431062,268368,193647.3,97264.45,25933.07,70449.77,122807.4,61842.77,32574.82,28389.82,6685678,3337968,300099.0,130775.0,111234,74307.0,85381
240,2025,Q4,Rajasthan,North,Jodhpur,Rural,1576414,36,78,38,34,1115474,982525,499337,459479,229077.19,126153.37,35496.55,67427.27,178874.07,73586.33,30049.63,75238.12,8464934,4093433,303790.0,248959.0,68387,67806.0,55388
241,2021,Q1,Rajasthan,North,Kota,Urban,1777252,43,86,26,66,1225601,912976,630365,355570,135268.48,57353.49,20570.62,57344.37,97342.94,45863.2,24186.14,27293.6,12992777,9172064,325962.0,215924.0,139775,83930.0,72696
242,2021,Q2,Rajasthan,North,Kota,Rural,1777252,34,78,26,27,1346177,875900,566162,578380,186514.86,108022.69,32948.95,45543.22,129710.62,52154.13,35978.61,41577.89,14736361,10121303,355669.0,225446.0,92466,80357.0,52072
243,2021,Q3,Rajasthan,North,Kota,Semi-Urban,1777252,35,68,25,34,1399554,994034,749291,328707,234974.47,123985.0,30481.57,80507.89,202924.26,83196.45,33012.43,86715.38,17910607,9725019,330334.0,125847.0,146331,89191.0,77637
244,2021,Q4,Rajasthan,North,Kota,Semi-Urban,1777252,38,60,31,27,1621151,1448180,688108,427501,264888.66,149188.54,36393.83,79306.3,176351.38,91092.32,40398.03,44861.02,13538743,6508033,661853.0,442567.0,167125,113978.0,78634
245,2022,Q1,Rajasthan,North,Kota,Semi-Urban,1798579,31,69,20,48,1137417,900642,482966,380568,174198.51,87681.38,22106.83,64410.3,99892.8,51311.09,20677.36,27904.34,11161609,5716604,332689.0,200804.0,108650,54161.0,78385
246,2022,Q2,Rajasthan,North,Kota,Semi-Urban,1798579,36,71,21,32,1108804,726147,502487,297350,105460.41,44591.53,9520.63,51348.25,63996.03,27914.86,14813.34,21267.83,7812787,4180052,186295.0,148828.0,63688,53611.0,44816
247,2022,Q3,Rajasthan,North,Kota,Rural,1798579,28,62,27,30,1336870,910367,528946,455098,116801.01,66632.59,20473.28,29695.14,73465.46,34883.07,16630.43,21951.97,6601934,3490893,407551.0,158664.0,100668,54525.0,74776
248,2022,Q4,Rajasthan,North,Kota,Semi-Urban,1798579,37,66,29,29,1624432,1432617,935609,653665,145890.19,74803.08,24985.23,46101.89,88777.97,31197.34,24215.92,33364.71,21970365,12106534,343780.0,290450.0,72011,103153.0,49195
249,2023,Q1,Rajasthan,North,Kota,Urban,1819906,43,91,35,38,1560853,1056777,674495,373716,194100.29,97502.38,29289.04,67308.87,164793.73,62217.35,27620.87,74955.51,14744887,10295515,237582.0,157168.0,149578,58040.0,84239
250,2023,Q2,Rajasthan,North,Kota,Rural,1819906,30,48,26,47,1261331,1047910,605447,311347,181548.5,77249.71,26050.93,78247.86,151311.17,63392.41,32477.64,55441.12,15576638,8639412,473304.0,296266.0,163087,41271.0,111209
251,2023,Q3,Rajasthan,North,Kota,Rural,1819906,27,51,19,23,1447179,1254636,827521,376834,247741.82,117662.61,20292.51,109786.7,192651.74,103858.36,47873.35,40920.04,11883654,8379916,418014.0,282331.0,145201,46708.0,112509
252,2023,Q4,Rajasthan,North,Kota,Rural,1819906,35,81,26,30,1254866,932679,494243,428443,197816.44,84006.15,26531.9,87278.39,112252.81,55029.56,18836.24,38387.01,12438360,7617888,426280.0,242885.0,77965,49629.0,60151
253,2024,Q1,Rajasthan,North,Kota,Urban,1841233,48,77,32,44,1615137,1210861,771010,672426,270178.15,133209.02,25651.69,111317.44,231509.92,102267.43,42928.51,86313.98,14419272,10611696,361590.0,157606.0,167579,115692.0,83175
254,2024,Q2,Rajasthan,North,Kota,Rural,1841233,36,56,36,36,1470715,1206238,685307,418202,314080.08,146458.62,40190.47,127430.98,273575.86,96017.93,59577.97,117979.96,8771002,5280753,296878.0,267581.0,88824,75985.0,72704
255,2024,Q3,Rajasthan,North,Kota,Semi-Urban,1841233,41,64,27,62,1279933,830699,666180,362075,152860.2,85189.33,18464.56,49206.31,133521.28,64093.24,35234.01,34194.03,11947822,8957368,189560.0,119887.0,133350,40575.0,65719
256,2024,Q4,Rajasthan,North,Kota,Semi-Urban,1841233,44,73,36,32,1074436,868420,556381,313422,116820.95,53122.75,15677.69,48020.51,101576.86,38555.58,29632.27,33389.01,10261172,7895752,,202766.0,94662,48331.0,77022
257,2025,Q1,Rajasthan,North,Kota,Rural,1862560,26,54,14,19,1464622,1048184,835805,600011,256688.61,135216.65,23758.64,97713.32,206025.8,80770.02,42293.39,82962.39,16907376,9196100,453864.0,238257.0,133111,42751.0,91571
258,2025,Q2,Rajasthan,North,Kota,Semi-Urban,1862560,39,78,27,28,1115123,885680,632145,293692,200225.4,100781.68,29418.43,70025.28,163975.6,65940.33,33051.81,64983.46,15138922,10739104,194994.0,276880.0,74026,52829.0,36102
259,2025,Q3,Rajasthan,North,Kota,Rural,1862560,34,77,31,26,1227796,871263,653960,476964,150465.85,64267.19,16387.79,69810.87,105164.21,39267.96,23499.73,42396.53,7060955,3795273,384946.0,205848.0,118221,52886.0,68890
260,2025,Q4,Rajasthan,North,Kota,Rural,1862560,34,68,33,34,1614722,1154221,631496,543159,260918.04,139896.38,44819.79,76201.88,221716.3,104409.49,51856.49,65450.32,18969778,9710245,421215.0,364348.0,152181,54136.0,93670
261,2021,Q1,Rajasthan,North,Udaipur,Rural,1008086,25,45,19,39,497196,344210,213144,157178,80866.86,43141.45,6640.38,31085.03,55656.44,28116.13,11544.4,15995.91,5114516,2535182,126177.0,55416.0,86849,17357.0,67180
262,2021,Q2,Rajasthan,North,Udaipur,Rural,1008086,25,53,18,37,436248,292279,208790,103481,47306.8,27259.99,5564.51,14482.3,40432.38,18557.05,7996.07,13879.27,5226059,2924054,117678.0,73590.0,75932,12040.0,37362
263,2021,Q3,Rajasthan,North,Udaipur,Rural,1008086,20,35,12,19,522161,434316,254779,123371,37854.76,18385.29,6560.96,12908.51,28782.59,14689.63,6484.5,7608.46,7441709,5320435,136389.0,61533.0,45451,26428.0,28649
264,2021,Q4,Rajasthan,North,Udaipur,Semi-Urban,1008086,30,69,26,35,535956,341733,223745,121564,94515.07,41753.83,15463.41,37297.83,56811.06,23305.89,11070.02,22435.15,4483936,2700326,108260.0,58413.0,94955,14897.0,47725
265,2022,Q1,Rajasthan,North,Udaipur,Rural,1020183,18,39,14,21,568853,379895,238655,163233,81285.98,35653.09,14388.57,31244.32,45296.94,23125.87,12244.89,9926.17,3202468,2207235,112933.0,55892.0,75053,36484.0,59807
266,2022,Q2,Rajasthan,North,Udaipur,Semi-Urban,1020183,25,41,17,36,581508,372343,302765,177086,114582.61,49782.37,20027.4,44772.85,72797.07,30388.59,15747.2,26661.28,3111485,1867796,86874.0,81655.0,57173,37008.0,42718
267,2022,Q3,Rajasthan,North,Udaipur,Rural,1020183,16,26,15,21,485408,350795,194726,170826,48036.14,26175.33,5717.45,16143.36,35591.23,18944.09,8455.55,8191.6,5880317,3959005,93090.0,68664.0,75537,33173.0,58977
268,2022,Q4,Rajasthan,North,Udaipur,Urban,1020183,27,43,22,36,865072,683303,357583,335179,133542.25,65997.86,13006.71,54537.68,88320.49,31231.56,19081.31,38007.63,10356343,7569320,248017.0,166668.0,48895,26838.0,37408
269,2023,Q1,Rajasthan,North,Udaipur,Rural,1032280,21,34,15,26,526415,463215,206947,176547,81299.08,37471.28,9467.82,34359.98,67349.34,26198.12,18572.36,22578.86,6741023,3655342,169671.0,126197.0,71360,35999.0,43521
270,2023,Q2,Rajasthan,North,Udaipur,Urban,1032280,31,59,19,32,953946,676845,528123,386407,105937.07,56774.78,11775.04,37387.26,85635.8,37553.95,19519.6,28562.25,8037128,4764868,285802.0,132981.0,58881,48934.0,44116
271,2023,Q3,Rajasthan,North,Udaipur,Rural,1032280,27,47,18,41,670577,524131,341688,151652,103299.78,52406.04,11976.82,38916.92,59592.24,23161.59,17466.74,18963.91,4091996,2010274,171003.0,111816.0,80549,34806.0,51408
272,2023,Q4,Rajasthan,North,Udaipur,Rural,1032280,22,47,14,19,605167,423712,259914,215136,101104.84,49221.21,8827.31,43056.32,64738.43,35347.25,15762.27,13628.91,5704129,2802202,171404.0,51468.0,71386,42990.0,57702
273,2024,Q1,Rajasthan,North,Udaipur,Rural,1044377,22,45,12,24,511294,384260,240867,174990,58065.06,29067.08,9465.78,19532.19,44659.23,18652.98,12994.64,13011.61,2799303,1966209,175673.0,62200.0,88413,37525.0,68894
274,2024,Q2,Rajasthan,North,Udaipur,Semi-Urban,1044377,25,49,14,23,720742,573697,354208,270965,80979.9,35153.6,9828.25,35998.05,64585.77,31561.78,19291.12,13732.86,6095435,3731509,167663.0,126005.0,90251,42675.0,70080
275,2024,Q3,Rajasthan,North,Udaipur,Rural,1044377,21,37,17,32,474774,341184,261749,143937,47259.61,22764.41,8106.99,16388.21,37875.67,17082.8,11301.03,9491.83,3473788,2121863,116334.0,44916.0,46385,34363.0,34034
276,2024,Q4,Rajasthan,North,Udaipur,Rural,1044377,24,48,22,37,767746,586752,410690,259536,104057.89,45804.41,13834.85,44418.63,66464.31,23542.15,17360.31,25561.85,8042609,6197991,134041.0,140266.0,66895,21635.0,43757
277,2025,Q1,Rajasthan,North,Udaipur,Semi-Urban,1056474,27,45,23,28,567609,407112,245800,206654,106399.31,58502.01,9100.97,38796.32,77414.0,28187.21,22509.25,26717.54,6408595,4321033,170682.0,102425.0,98396,34452.0,77941
278,2025,Q2,Rajasthan,North,Udaipur,Rural,1056474,21,34,17,17,655196,494737,330556,145525,65646.42,37555.04,7769.97,20321.41,45298.84,22329.57,11076.97,11892.3,4647904,3577986,147293.0,100017.0,45257,28561.0,20798
279,2025,Q3,Rajasthan,North,Udaipur,Rural,1056474,20,32,16,14,503895,426363,269228,207695,95552.24,40932.02,15124.47,39495.74,79214.58,40384.9,18313.39,20516.3,6586777,5099669,119618.0,123247.0,46845,18282.0,24751
280,2025,Q4,Rajasthan,North,Udaipur,Semi-Urban,1056474,30,50,17,47,593425,506706,268865,235434,92695.83,52668.93,7500.0,32526.9,53289.54,21319.64,13519.78,18450.12,7345872,3941427,228499.0,107415.0,88002,43537.0,48346
281,2021,Q1,Rajasthan,North,Ajmer,Semi-Urban,1217128,24,51,23,23,902052,633681,389452,203356,101781.16,42774.16,11025.13,47981.87,85584.26,40115.88,20976.77,24491.6,5644497,4095782,205866.0,161775.0,51121,52138.0,29457
282,2021,Q2,Rajasthan,North,Ajmer,Semi-Urban,1217128,30,59,23,25,974916,870537,531446,226767,129270.9,64698.4,18900.85,45671.64,110029.93,57739.19,25334.93,26955.82,12979022,7347372,290574.0,163607.0,60848,41738.0,31371
283,2021,Q3,Rajasthan,North,Ajmer,Semi-Urban,1217128,28,52,29,20,1037870,905577,487042,348355,191995.63,96616.35,24474.09,70905.2,121968.98,62657.74,34876.31,24434.93,7419267,4908834,383332.0,144051.0,46768,60862.0,30224
284,2021,Q4,Rajasthan,North,Ajmer,Semi-Urban,1217128,37,74,28,32,817337,626783,417147,313605,152961.22,71239.34,13324.62,68397.27,101576.47,50652.01,22482.49,28441.97,11445917,8748790,271161.0,144075.0,47660,39085.0,32198
285,2022,Q1,Rajasthan,North,Ajmer,Rural,1231733,28,48,24,37,617306,468725,267056,229712,65835.37,32190.24,6570.39,27074.74,45725.77,19742.04,10061.89,15921.83,3972255,1984831,174480.0,105104.0,97017,32708.0,56544
286,2022,Q2,Rajasthan,North,Ajmer,Semi-Urban,1231733,26,48,25,25,714999,630013,328120,276322,81429.2,45578.35,6853.44,28997.42,67106.6,31155.36,16444.21,19507.04,4711090,2630241,224297.0,185787.0,107832,44771.0,49228
287,2022,Q3,Rajasthan,North,Ajmer,Rural,1231733,17,30,15,15,954770,806637,442108,266901,106206.17,56834.39,12307.9,37063.88,79794.22,34031.99,16168.96,29593.27,7892348,4750576,182673.0,97427.0,106022,61987.0,58190
288,2022,Q4,Rajasthan,North,Ajmer,Rural,1231733,27,46,19,31,822447,560182,333987,183110,81152.13,37247.38,10294.97,33609.77,60468.84,31889.34,17199.74,11379.76,7912750,5665331,231854.0,71160.0,44388,43165.0,34062
289,2023,Q1,Rajasthan,North,Ajmer,Rural,1246339,20,41,18,17,979770,728688,400303,372795,176202.49,98066.29,27088.89,51047.31,148208.83,64734.3,39225.48,44249.05,5895742,3746718,349723.0,193092.0,87543,33028.0,70583
290,2023,Q2,Rajasthan,North,Ajmer,Rural,1246339,23,38,24,25,641050,504822,320759,149714,128266.94,65360.64,16932.72,45973.58,96397.93,38834.86,19300.19,38262.87,3810654,2518923,178175.0,142025.0,103953,21055.0,47356
291,2023,Q3,Rajasthan,North,Ajmer,Rural,1246339,22,41,18,27,754839,552548,404342,315262,140910.95,68432.96,15964.6,56513.39,83311.58,30934.44,21358.59,31018.54,10232940,5488721,158883.0,94448.0,54693,22595.0,36345
292,2023,Q4,Rajasthan,North,Ajmer,Semi-Urban,1246339,32,58,27,45,1086656,965184,592068,367959,99331.91,42585.77,14567.28,42178.86,81103.21,36637.3,13597.76,30868.14,13887231,10038082,346715.0,296456.0,103457,77811.0,76039
293,2024,Q1,Rajasthan,North,Ajmer,Semi-Urban,1260944,26,60,18,38,887151,630315,503042,262860,103128.63,54376.79,11229.05,37522.8,76650.29,35893.06,19981.81,20775.43,6572983,4806396,260800.0,140491.0,67576,44690.0,40441
294,2024,Q2,Rajasthan,North,Ajmer,Urban,1260944,37,70,28,48,993062,645519,478292,371852,204199.06,97861.77,20953.92,85383.38,171125.75,87772.63,32984.35,50368.77,6755015,3863325,175687.0,169789.0,55654,37933.0,33847
295,2024,Q3,Rajasthan,North,Ajmer,Semi-Urban,1260944,27,48,21,23,935471,764438,361052,207724,80240.92,44671.15,6458.47,29111.3,68934.83,25592.45,19155.45,24186.93,9934665,6190433,264145.0,192540.0,107298,58742.0,67475
296,2024,Q4,Rajasthan,North,Ajmer,Rural,1260944,23,37,22,27,903505,732343,498525,318091,162806.02,77658.77,17486.72,67660.53,132586.64,56407.1,37981.7,38197.84,13349784,9004916,174385.0,96408.0,72852,56697.0,50906
297,2025,Q1,Rajasthan,North,Ajmer,Rural,1275550,24,53,24,28,944373,686584,412085,350944,179081.16,89872.68,17172.54,72035.94,101653.87,44640.11,16966.94,40046.82,10314207,5896575,252681.0,134945.0,90026,48998.0,40668
298,2025,Q2,Rajasthan,North,Ajmer,Rural,1275550,26,46,26,21,989143,882852,532271,268076,174704.31,86461.64,29482.08,58760.59,133057.89,57578.0,26743.81,48736.08,9278318,7150710,280328.0,195806.0,116055,67789.0,70338
299,2025,Q3,Rajasthan,North,Ajmer,Semi-Urban,1275550,29,46,25,37,1127954,791715,466402,337925,126898.57,66947.27,16607.11,43344.18,99992.33,42050.6,20558.25,37383.48,6069593,4378906,271455.0,233937.0,72883,76397.0,54430
300,2025,Q4,Rajasthan,North,Ajmer,Rural,1275550,26,54,16,39,897143,670681,467547,352017,97451.72,47041.86,11389.21,39020.65,75789.03,32395.01,15798.62,27595.41,10262028,5691501,293309.0,94066.0,45830,29909.0,30910
301,2021,Q1,Madhya Pradesh,Central,Bhopal,Urban,714954,32,58,30,38,622986,553638,335498,216050,78944.78,45589.94,9342.97,24011.87,47385.44,22903.36,9467.63,15014.45,6458169,4719859,206120.0,131407.0,36389,29549.0,23614
302,2021,Q2,Madhya Pradesh,Central,Bhopal,Semi-Urban,714954,27,58,20,34,436757,384844,199428,162997,32408.75,16137.39,5439.01,10832.35,23463.75,12575.96,5343.44,5544.35,6091779,3375391,133739.0,55398.0,63614,30809.0,50829
303,2021,Q3,Madhya Pradesh,Central,Bhopal,Rural,714954,26,43,22,19,456034,302512,189976,135287,60746.68,26237.01,7919.49,26590.17,37071.65,17230.72,9239.61,10601.32,3331399,2363734,110339.0,80970.0,43587,22441.0,30066
304,2021,Q4,Madhya Pradesh,Central,Bhopal,Rural,714954,26,53,23,25,368102,237595,207846,134264,32927.73,16951.1,5385.57,10591.06,18584.68,7384.19,5288.55,5911.94,4419794,2934834,52837.0,38081.0,36248,10435.0,16689
305,2022,Q1,Madhya Pradesh,Central,Bhopal,Rural,723533,22,46,23,23,377880,288999,212223,146964,32855.15,16805.53,5609.9,10439.73,19398.3,8861.28,5492.14,5044.88,2202046,1240727,94388.0,62539.0,39411,27304.0,21856
306,2022,Q2,Madhya Pradesh,Central,Bhopal,Rural,723533,26,54,16,29,517229,446223,261330,186461,51194.24,22587.5,8061.42,20545.31,32630.66,17513.48,8509.89,6607.29,5298201,3525126,185625.0,73096.0,58749,15619.0,47356
307,2022,Q3,Madhya Pradesh,Central,Bhopal,Urban,723533,38,74,30,37,563747,464735,260556,198515,95955.55,41099.16,15926.2,38930.19,67286.3,27081.6,13043.25,27161.44,5342908,3766310,160604.0,138196.0,29526,27512.0,24120
308,2022,Q4,Madhya Pradesh,Central,Bhopal,Semi-Urban,723533,28,48,23,25,515255,432001,275272,138037,100655.66,48394.02,13104.72,39156.92,75458.88,34860.35,17211.92,23386.61,7299290,4689998,151754.0,67082.0,31014,32619.0,24656
309,2023,Q1,Madhya Pradesh,Central,Bhopal,Urban,732112,32,62,19,49,456676,315460,210677,137214,79783.77,35689.11,8514.6,35580.06,57285.34,21739.26,14071.1,21474.98,5352869,4034330,115803.0,,67181,17004.0,33501
310,2023,Q2,Madhya Pradesh,Central,Bhopal,Rural,732112,23,52,24,33,379420,335892,176305,84214,45893.04,23268.71,5225.17,17399.16,32411.21,15318.64,9128.04,7964.53,5378875,4043163,131701.0,69465.0,30884,19576.0,17148
311,2023,Q3,Madhya Pradesh,Central,Bhopal,Rural,732112,27,45,26,39,597357,414732,334992,171644,79943.34,34137.48,12154.37,33651.48,55694.8,22348.01,10395.87,22950.91,6777030,3414097,163482.0,49801.0,34035,26469.0,21421
312,2023,Q4,Madhya Pradesh,Central,Bhopal,Rural,732112,26,46,28,33,379302,280853,210513,107458,34791.72,17986.01,4767.55,12038.16,19750.57,7467.69,4881.49,7401.4,3868278,2185778,76963.0,62016.0,67285,25459.0,48262
313,2024,Q1,Madhya Pradesh,Central,Bhopal,Rural,740692,24,40,26,20,480674,347024,244123,118773,60014.38,33730.49,5044.72,21239.16,51104.05,26400.29,10305.64,14398.12,5997550,3826307,147560.0,43809.0,39402,20731.0,18699
314,2024,Q2,Madhya Pradesh,Central,Bhopal,Urban,740692,33,52,30,36,683678,470972,332552,219662,103798.27,46813.67,10531.01,46453.59,82373.24,31946.63,19793.37,30633.24,8177976,5197495,129971.0,137676.0,41581,25092.0,19477
315,2024,Q3,Madhya Pradesh,Central,Bhopal,Rural,740692,26,59,19,34,505692,386106,219245,159565,70880.41,40437.44,8004.68,22438.29,39971.32,17957.47,9442.21,12571.63,7092476,5416753,101852.0,105056.0,34683,34775.0,24647
316,2024,Q4,Madhya Pradesh,Central,Bhopal,Rural,740692,32,63,32,36,488634,370437,242277,126901,95465.39,49768.3,8587.08,37110.01,71539.6,26769.56,12234.54,32535.51,5291888,2681752,132283.0,74293.0,45077,16486.0,36747
317,2025,Q1,Madhya Pradesh,Central,Bhopal,Rural,749271,21,34,22,20,480872,385641,185106,187614,66274.42,28488.54,6378.9,31406.98,56025.83,27296.05,10924.27,17805.51,5025116,3021882,91418.0,99542.0,42571,17234.0,29704
318,2025,Q2,Madhya Pradesh,Central,Bhopal,Urban,749271,41,69,36,44,544461,376310,296745,175263,75860.92,34068.33,6720.6,35071.99,59600.84,23199.44,15294.2,21107.2,4576288,2701440,120982.0,76449.0,30747,22040.0,21387
319,2025,Q3,Madhya Pradesh,Central,Bhopal,Semi-Urban,749271,30,51,19,21,676312,459214,287775,188499,63650.79,27498.6,5946.27,30205.92,48550.9,20290.98,12580.15,15679.76,6697122,3448228,167581.0,78619.0,50339,,27641
320,2025,Q4,Madhya Pradesh,Central,Bhopal,Semi-Urban,749271,27,60,29,33,532162,363497,229584,170656,69779.72,33419.41,8188.26,28172.05,47210.62,24423.19,11855.07,10932.35,6163732,3029530,138013.0,67911.0,65372,26947.0,39050
321,2021,Q1,Madhya Pradesh,Central,Indore,Rural,573351,19,34,11,20,312173,228829,160997,96270,62627.14,34394.6,5695.04,22537.5,42655.73,17803.2,10225.75,14626.77,1748792,1285528,101574.0,31044.0,27389,18242.0,17826
322,2021,Q2,Madhya Pradesh,Central,Indore,Semi-Urban,573351,28,46,17,33,480096,353446,213829,166787,98333.88,56962.59,8088.64,33282.65,57745.9,27249.92,15873.23,14622.75,5533809,2749830,103970.0,59323.0,32774,24144.0,21543
323,2021,Q3,Madhya Pradesh,Central,Indore,Semi-Urban,573351,29,58,24,37,350451,225585,141531,93627,51631.06,27478.41,8204.38,15948.27,34377.09,14814.15,7395.04,12167.9,3136777,2436538,60882.0,29832.0,25806,9579.0,19055
324,2021,Q4,Madhya Pradesh,Central,Indore,Rural,573351,17,37,15,26,322191,259477,152386,113547,40324.98,20213.44,5357.51,14754.02,32965.64,16387.36,8338.03,8240.26,3438993,2573157,64734.0,68533.0,51711,8943.0,38971
325,2022,Q1,Madhya Pradesh,Central,Indore,Rural,580231,22,36,21,15,268200,209899,140235,110631,45557.72,22008.69,3650.47,19898.56,26863.23,12274.1,6837.18,7751.95,2620730,1316269,68959.0,55861.0,26992,17969.0,19386
326,2022,Q2,Madhya Pradesh,Central,Indore,Urban,580231,24,39,26,21,322960,290430,140879,116357,32121.01,18136.99,3598.13,10385.89,24771.2,9600.84,6130.16,9040.2,3033542,1618856,89300.0,47119.0,51707,14487.0,27960
327,2022,Q3,Madhya Pradesh,Central,Indore,Rural,580231,25,58,19,36,352742,234229,182764,115636,59562.02,29213.36,10132.56,20216.11,47513.86,21272.95,11614.82,14626.09,3459817,1706222,71358.0,74184.0,31679,19812.0,14915
328,2022,Q4,Madhya Pradesh,Central,Indore,Rural,580231,19,36,13,20,307366,204742,159162,100834,30051.62,15467.25,2621.19,11963.18,17990.69,6560.29,4924.49,6505.91,3229263,2198532,85096.0,,36914,17554.0,17135
329,2023,Q1,Madhya Pradesh,Central,Indore,Semi-Urban,587111,25,45,17,31,451477,390017,202472,172307,70712.53,35670.93,9317.29,25724.31,52376.73,26181.19,15454.1,10741.43,6617337,4228231,93263.0,50970.0,42209,22177.0,20456
330,2023,Q2,Madhya Pradesh,Central,Indore,Semi-Urban,587111,30,64,21,29,492440,315289,273905,134878,79931.56,42243.79,9707.13,27980.63,62150.48,26028.37,12356.52,23765.59,4443027,2606221,151066.0,85177.0,22280,13075.0,14594
331,2023,Q3,Madhya Pradesh,Central,Indore,Semi-Urban,587111,30,47,22,27,419153,268369,239263,111865,79493.65,45922.2,10763.9,22807.55,68139.95,23921.88,18040.29,26177.79,2227222,1352751,122052.0,39703.0,53439,21845.0,34476
332,2023,Q4,Madhya Pradesh,Central,Indore,Rural,587111,23,35,22,17,389216,340989,164144,140003,33966.92,15157.03,5217.16,13592.73,22058.34,9764.74,5380.48,6913.12,3733415,2533911,90202.0,91496.0,26124,23121.0,12994
333,2024,Q1,Madhya Pradesh,Central,Indore,Rural,593991,24,42,24,36,293027,232041,116490,88559,49966.31,25980.09,5409.06,18577.17,33714.68,12494.3,8788.18,12432.21,2214509,1278505,81448.0,60737.0,32700,7702.0,18841
334,2024,Q2,Madhya Pradesh,Central,Indore,Semi-Urban,593991,24,54,20,26,327091,283318,125145,136854,43712.37,24823.16,3603.61,15285.6,32428.91,14910.37,6184.35,11334.18,4249328,2040591,93922.0,70957.0,54178,10868.0,29062
335,2024,Q3,Madhya Pradesh,Central,Indore,Rural,593991,24,42,13,21,281181,182472,131115,75436,37874.71,21606.99,6461.21,9806.51,27915.41,11749.17,5956.05,10210.19,2249345,1657809,59683.0,48449.0,54436,11752.0,35789
336,2024,Q4,Madhya Pradesh,Central,Indore,Rural,593991,24,41,18,21,450986,299599,212474,156580,72022.01,40264.33,9854.91,21902.78,50058.01,18193.49,11265.88,20598.64,5130037,3222707,129843.0,72775.0,25011,11582.0,14060
337,2025,Q1,Madhya Pradesh,Central,Indore,Semi-Urban,600871,24,46,18,25,377924,248743,158477,87534,34750.21,18082.67,3879.43,12788.12,30272.22,11768.13,6309.22,12194.88,3956670,1937179,77866.0,30269.0,54926,26304.0,35599
338,2025,Q2,Madhya Pradesh,Central,Indore,Rural,600871,25,51,19,32,280314,178036,132152,94023,48943.56,26998.43,4943.53,17001.6,33283.95,13756.94,7190.06,12336.96,2816185,1724801,46134.0,39295.0,38718,18903.0,27537
339,2025,Q3,Madhya Pradesh,Central,Indore,Rural,600871,24,48,16,22,439052,277639,253955,108609,75933.33,37872.1,12761.74,25299.49,52110.06,23840.29,8697.27,19572.5,4142653,2139180,61250.0,46909.0,25131,19997.0,17332
340,2025,Q4,Madhya Pradesh,Central,Indore,Semi-Urban,600871,28,47,16,43,392921,337494,217166,150186,40326.27,21900.39,5632.46,12793.41,26666.82,10733.44,4721.75,11211.63,3918269,2439544,118979.0,80003.0,34136,22416.0,26744
341,2021,Q1,Madhya Pradesh,Central,Jabalpur,Urban,712640,26,47,16,20,522824,439027,285091,215346,106385.12,48836.11,16631.27,40917.74,79100.7,31818.18,23529.83,23752.69,3135525,2152535,199078.0,63967.0,50774,37533.0,27244
342,2021,Q2,Madhya Pradesh,Central,Jabalpur,Rural,712640,20,35,11,14,396318,284780,183163,88718,45922.14,23809.65,7135.29,14977.2,32034.39,13196.44,7290.82,11547.14,2925946,1983583,86572.0,81958.0,30799,23518.0,24267
343,2021,Q3,Madhya Pradesh,Central,Jabalpur,Semi-Urban,712640,22,45,15,21,452978,374124,199627,132506,84535.33,40977.93,7290.73,36266.68,69399.78,25571.68,17652.6,26175.5,6270920,3760334,87801.0,95241.0,47267,20418.0,26525
344,2021,Q4,Madhya Pradesh,Central,Jabalpur,Semi-Urban,712640,22,38,20,19,365882,261316,182147,115409,58963.87,24865.51,9295.99,24802.37,48417.85,17522.23,11887.89,19007.73,4603257,3384780,83185.0,72849.0,58174,14069.0,43653
345,2022,Q1,Madhya Pradesh,Central,Jabalpur,Rural,721191,16,36,16,12,373315,315683,162122,119101,61116.94,26772.12,9203.49,25141.32,52000.78,24986.22,13953.48,13061.09,4352984,2517467,98863.0,49448.0,62458,11621.0,38123
346,2022,Q2,Madhya Pradesh,Central,Jabalpur,Rural,721191,15,34,9,10,291519,247697,122981,78880,27894.8,12024.55,3155.48,12714.77,17942.62,8272.12,4705.6,4964.9,4326243,2545732,88811.0,75846.0,58893,18056.0,45959
347,2022,Q3,Madhya Pradesh,Central,Jabalpur,Rural,721191,10,22,6,9,324746,222287,159840,80615,40506.72,19665.04,6271.39,14570.29,23795.37,9506.56,6496.81,7792.0,4006349,3017553,93000.0,43841.0,66881,15066.0,34983
348,2022,Q4,Madhya Pradesh,Central,Jabalpur,Semi-Urban,721191,25,52,15,35,326586,246625,145723,122621,39826.42,20518.27,6347.91,12960.24,34907.15,16959.0,10398.6,7549.55,2140105,1195658,56106.0,46273.0,61541,8692.0,39538
349,2023,Q1,Madhya Pradesh,Central,Jabalpur,Rural,729743,14,30,8,13,363908,296026,167699,146956,45846.81,19521.26,6194.55,20131.0,35937.69,13400.72,7286.75,15250.22,2801730,1909827,125256.0,57187.0,34156,25394.0,16704
350,2023,Q2,Madhya Pradesh,Central,Jabalpur,Semi-Urban,729743,29,56,29,23,466734,364134,222173,150846,83974.78,36495.46,6881.76,40597.56,68513.56,25461.96,20426.46,22625.13,3345593,1847080,138746.0,91096.0,54410,32898.0,44261
351,2023,Q3,Madhya Pradesh,Central,Jabalpur,Rural,729743,17,26,11,17,453266,347469,190799,131588,48679.99,21498.51,7278.61,19902.87,28705.75,11371.69,6002.47,11331.59,5217723,3392061,144898.0,82169.0,55471,11396.0,44067
352,2023,Q4,Madhya Pradesh,Central,Jabalpur,Rural,729743,20,37,19,21,457898,343847,254127,178705,98344.02,55436.5,15062.41,27845.1,65999.59,24500.7,16922.98,24575.91,6274858,4526001,163138.0,91229.0,32682,17152.0,18840
353,2024,Q1,Madhya Pradesh,Central,Jabalpur,Rural,738295,18,38,14,12,320709,246141,142667,78034,40364.38,22825.14,3639.88,13899.37,22855.14,8023.59,4706.55,10124.99,2891211,1981342,96413.0,65493.0,41783,18726.0,19429
354,2024,Q2,Madhya Pradesh,Central,Jabalpur,Rural,738295,18,39,17,24,306569,211292,177570,74100,28222.78,13333.14,2851.0,12038.64,20157.75,8974.31,5769.37,5414.07,2865803,1895558,48392.0,38872.0,47108,20167.0,22291
355,2024,Q3,Madhya Pradesh,Central,Jabalpur,Semi-Urban,738295,19,42,17,16,344431,227155,172821,88743,32869.0,17606.9,5293.11,9968.99,26721.18,10034.17,7654.61,9032.4,2788629,1704093,89679.0,68034.0,60593,10217.0,38944
356,2024,Q4,Madhya Pradesh,Central,Jabalpur,Semi-Urban,738295,23,50,24,30,397163,248496,189003,130220,39314.26,20199.4,6149.76,12965.1,34507.73,17311.17,9355.34,7841.22,3698090,2729471,94498.0,78819.0,67736,28394.0,40040
357,2025,Q1,Madhya Pradesh,Central,Jabalpur,Rural,746846,19,40,12,24,407210,316163,228332,99077,39444.1,17366.21,5389.23,16688.65,26880.06,10938.01,4940.52,11001.53,4131290,2185812,97121.0,76382.0,31737,10723.0,14427
358,2025,Q2,Madhya Pradesh,Central,Jabalpur,Urban,746846,21,33,19,31,440893,327215,252393,174227,63494.3,35133.96,7289.32,21071.02,53615.25,23810.25,12540.23,17264.77,3592647,1735620,157038.0,94454.0,54198,26539.0,37439
359,2025,Q3,Madhya Pradesh,Central,Jabalpur,Urban,746846,27,43,21,35,589720,454484,279387,166118,65323.05,29114.25,7451.3,28757.49,42911.57,20058.01,7266.45,15587.11,6731119,4650719,198024.0,105656.0,39201,28612.0,31510
360,2025,Q4,Madhya Pradesh,Central,Jabalpur,Semi-Urban,746846,27,62,25,23,374747,292956,169221,104122,64999.53,30596.59,10724.84,23678.1,53902.47,22707.67,14906.72,16288.08,2400796,1153523,129252.0,59993.0,49588,15815.0,40609
361,2021,Q1,Madhya Pradesh,Central,Gwalior,Rural,643242,27,45,23,25,345509,215330,140300,98451,33978.3,15948.78,3161.08,14868.44,20920.34,9781.11,3534.83,7604.4,2049928,1260764,95656.0,67247.0,23367,19706.0,14093
362,2021,Q2,Madhya Pradesh,Central,Gwalior,Rural,643242,24,41,21,25,342154,278154,168686,136971,32570.63,17189.57,2980.25,12400.82,25382.0,11125.17,7419.1,6837.72,3115820,2389972,71435.0,69139.0,35248,25014.0,27618
363,2021,Q3,Madhya Pradesh,Central,Gwalior,Rural,643242,23,45,16,16,361381,252584,169386,92488,69670.93,30211.55,10102.93,29356.45,53347.5,28874.02,8558.16,15915.31,4488689,3124917,71850.0,77179.0,52067,10687.0,33329
364,2021,Q4,Madhya Pradesh,Central,Gwalior,Rural,643242,20,33,19,16,428544,378319,178774,182293,87111.82,38958.4,9722.59,38430.83,60114.36,24758.99,11980.13,23375.24,6041982,2900895,178861.0,57002.0,45522,30339.0,25334
365,2022,Q1,Madhya Pradesh,Central,Gwalior,Rural,650960,27,56,19,25,517475,454614,243970,205800,67823.16,30186.87,8317.87,29318.41,49331.01,17487.89,10960.16,20882.97,6231390,4691405,192371.0,116385.0,23487,27349.0,17411
366,2022,Q2,Madhya Pradesh,Central,Gwalior,Rural,650960,26,47,16,38,419837,363525,208730,151804,76543.27,37023.12,10054.98,29465.17,62383.15,26496.0,13371.02,22516.13,2908708,1961815,89019.0,110117.0,38921,19010.0,27300
367,2022,Q3,Madhya Pradesh,Central,Gwalior,Rural,650960,29,64,18,43,475017,411801,226609,158573,97590.74,47985.93,10485.27,39119.54,66336.94,28362.55,13278.09,24696.3,3295040,2251445,119352.0,120333.0,29533,20057.0,13962
368,2022,Q4,Madhya Pradesh,Central,Gwalior,Rural,650960,27,58,27,24,443322,333241,245917,168545,64194.02,35664.71,5196.76,23332.55,43841.54,23299.53,11558.55,8983.46,3823940,2432622,120346.0,75288.0,48381,20356.0,34555
369,2023,Q1,Madhya Pradesh,Central,Gwalior,Urban,658679,35,65,32,32,528483,457506,245018,217372,98835.21,45196.21,17299.92,36339.09,85615.82,31638.59,13878.31,40098.92,4026233,2539603,119814.0,146037.0,56583,13751.0,38117
370,2023,Q2,Madhya Pradesh,Central,Gwalior,Rural,658679,21,47,14,27,482210,328875,186595,147528,57114.06,31301.84,7179.37,18632.85,42844.06,20173.21,11816.48,10854.37,3260921,2089786,108693.0,57582.0,40804,22666.0,19737
371,2023,Q3,Madhya Pradesh,Central,Gwalior,Semi-Urban,658679,29,54,19,35,459258,342466,223857,120666,46790.35,22899.0,5671.43,18219.92,26284.57,11817.42,6244.79,8222.37,3157834,1754703,125102.0,89522.0,55094,33231.0,27563
372,2023,Q4,Madhya Pradesh,Central,Gwalior,Rural,658679,24,41,13,23,381142,312071,185518,95363,30926.22,13860.86,4348.9,12716.47,20447.93,9551.17,4175.29,6721.47,2999864,1825134,75709.0,51363.0,49069,14555.0,22300
373,2024,Q1,Madhya Pradesh,Central,Gwalior,Rural,666398,26,52,21,31,549014,467730,244089,148136,59838.85,32256.01,7798.31,19784.53,34250.13,16944.09,9344.66,7961.38,5359559,4002174,138106.0,118253.0,57119,28148.0,40317
374,2024,Q2,Madhya Pradesh,Central,Gwalior,Urban,666398,38,73,27,52,425192,309875,235193,158226,51145.68,24394.18,5544.72,21206.77,31102.17,15509.61,6073.94,9518.62,5516658,3295252,104763.0,61098.0,26521,12539.0,17731
375,2024,Q3,Madhya Pradesh,Central,Gwalior,Semi-Urban,666398,27,43,22,31,406818,264055,164645,98130,58770.72,27047.98,5721.75,26000.98,50900.47,26515.25,9786.6,14598.62,3375403,1640051,80580.0,42771.0,50167,20811.0,39255
376,2024,Q4,Madhya Pradesh,Central,Gwalior,Rural,666398,21,46,20,17,459479,306767,198009,126486,66013.43,37735.73,6115.29,22162.41,57518.71,22784.76,15426.65,19307.3,5344797,3060742,94524.0,45590.0,49667,24500.0,31019
377,2025,Q1,Madhya Pradesh,Central,Gwalior,Rural,674117,24,50,25,18,377072,309446,176264,114910,35125.88,15464.07,4484.24,15177.56,28170.71,11314.85,6403.49,10452.38,4929420,2979609,147891.0,79629.0,54651,10190.0,27078
378,2025,Q2,Madhya Pradesh,Central,Gwalior,Rural,674117,26,48,26,26,512155,419254,254662,151096,73968.29,32059.32,13261.06,28647.9,43787.02,15959.04,12391.48,15436.5,4452084,2659836,125137.0,104838.0,34195,21588.0,20583
379,2025,Q3,Madhya Pradesh,Central,Gwalior,Semi-Urban,674117,34,53,28,41,614657,389547,304070,245409,69715.39,29492.88,10683.57,29538.94,59810.74,28795.26,13245.93,17769.56,4884317,2386960,90245.0,118431.0,51495,30174.0,25541
380,2025,Q4,Madhya Pradesh,Central,Gwalior,Rural,674117,27,43,23,34,503770,427594,278182,175957,40327.87,19634.83,5507.0,15186.04,30818.42,12945.19,8887.84,8985.38,3194483,2419486,108965.0,108738.0,28144,14984.0,16132
381,2021,Q1,Madhya Pradesh,Central,Ujjain,Semi-Urban,577309,21,37,20,27,400730,326784,177200,96547,46750.0,26968.92,6048.74,13732.34,25862.15,9776.13,5304.1,10781.93,5564932,3280667,121051.0,44121.0,51816,25657.0,37800
382,2021,Q2,Madhya Pradesh,Central,Ujjain,Semi-Urban,577309,23,47,20,29,376155,337108,198029,144127,66382.88,28770.91,8516.22,29095.74,47772.21,24642.65,10611.63,12517.94,2501419,1662354,124197.0,75988.0,48888,12366.0,32750
383,2021,Q3,Madhya Pradesh,Central,Ujjain,Semi-Urban,577309,23,39,14,29,398423,318815,158413,162414,48105.9,23763.25,5724.92,18617.73,40167.48,21523.83,8133.25,10510.4,5660895,3134579,141752.0,88090.0,40190,15429.0,30340
384,2021,Q4,Madhya Pradesh,Central,Ujjain,Rural,577309,21,42,15,20,342121,293682,171689,136563,37474.14,18440.5,3041.57,15992.08,27496.58,13261.73,6678.04,7556.81,2407695,1239803,120830.0,68800.0,40866,13256.0,19593
385,2022,Q1,Madhya Pradesh,Central,Ujjain,Rural,584236,13,27,11,12,345641,277077,175409,116211,27613.66,13259.16,4811.98,9542.52,22641.4,10585.74,4421.99,7633.68,3324204,1890872,75632.0,52111.0,38498,11498.0,31250
386,2022,Q2,Madhya Pradesh,Central,Ujjain,Rural,584236,21,48,22,24,347818,258113,175998,101396,40123.42,20049.7,5535.17,14538.55,25863.48,10950.38,4441.94,10471.16,2017595,1031258,60293.0,44057.0,48944,9371.0,33957
387,2022,Q3,Madhya Pradesh,Central,Ujjain,Rural,584236,20,35,16,20,331323,216045,191967,102500,41149.98,19678.9,6720.92,14750.16,28801.26,14225.28,5041.47,9534.51,2075922,1086923,95057.0,57715.0,31535,24452.0,17187
388,2022,Q4,Madhya Pradesh,Central,Ujjain,Rural,584236,24,37,18,29,408066,312042,221915,136659,31923.8,16347.79,5588.56,9987.45,26608.91,10528.38,5077.39,11003.14,5417700,3859921,84970.0,,34215,20492.0,21274
389,2023,Q1,Madhya Pradesh,Central,Ujjain,Rural,591164,18,29,18,24,303371,232018,137730,113935,55502.77,29728.27,5575.28,20199.22,36716.75,16301.1,7575.07,12840.58,1937383,1161872,96585.0,43125.0,55448,11010.0,37510
390,2023,Q2,Madhya Pradesh,Central,Ujjain,Rural,591164,20,32,16,26,324807,280694,142196,77340,61641.98,31574.56,9813.42,20254.0,40500.23,19976.05,7247.87,13276.32,4469641,2443976,83011.0,41807.0,46136,23439.0,29770
391,2023,Q3,Madhya Pradesh,Central,Ujjain,Rural,591164,14,27,12,22,408335,351740,227779,129951,69388.27,33505.66,12224.57,23658.04,47684.27,22421.93,12368.0,12894.34,5509537,3505413,164316.0,59417.0,30216,26064.0,19771
392,2023,Q4,Madhya Pradesh,Central,Ujjain,Semi-Urban,591164,24,43,19,30,396249,267683,226784,129735,65673.39,31314.46,7927.86,26431.08,44988.57,20642.37,10621.16,13725.03,3534550,1875895,93490.0,39337.0,25164,28384.0,16956
393,2024,Q1,Madhya Pradesh,Central,Ujjain,Semi-Urban,598092,27,55,26,27,495409,420963,272866,126904,52393.51,24276.3,8673.27,19443.95,29367.72,10725.68,5825.03,12817.01,6508857,4223844,114488.0,70036.0,21140,23019.0,12703
394,2024,Q2,Madhya Pradesh,Central,Ujjain,Rural,598092,20,41,18,26,374058,231921,213506,146250,64894.3,36951.94,10446.61,17495.75,53621.01,19767.79,14125.32,19727.9,3079023,2351415,108905.0,59304.0,36828,20559.0,23063
395,2024,Q3,Madhya Pradesh,Central,Ujjain,Urban,598092,31,65,30,37,542700,479615,213207,165250,41418.21,20953.43,7085.81,13378.97,34350.72,12898.7,5943.51,15508.52,4905530,3678342,178996.0,108596.0,54212,24492.0,42253
396,2024,Q4,Madhya Pradesh,Central,Ujjain,Rural,598092,19,40,15,15,433454,323853,228385,128782,31456.26,15709.1,4686.87,11060.29,20775.69,10161.34,5356.16,5258.19,5857714,3671374,130520.0,70763.0,37091,15157.0,20913
397,2025,Q1,Madhya Pradesh,Central,Ujjain,Rural,605019,16,28,15,15,293234,195685,156871,72498,39058.98,20700.57,5598.26,12760.15,31932.19,11462.07,6434.39,14035.73,1952416,1118596,57303.0,29196.0,40120,17061.0,23711
398,2025,Q2,Madhya Pradesh,Central,Ujjain,Semi-Urban,605019,27,49,19,32,316699,203428,146819,132383,48959.83,27192.82,7502.12,14264.89,36798.81,18916.75,7969.72,9912.35,2652143,1701344,56469.0,45243.0,41688,22940.0,32676
399,2025,Q3,Madhya Pradesh,Central,Ujjain,Urban,605019,31,60,31,35,510927,336654,219945,190919,48022.04,22204.36,5521.87,20295.81,37637.13,15941.94,8947.73,12747.46,3838137,2589054,82810.0,94600.0,47508,18129.0,36929
400,2025,Q4,Madhya Pradesh,Central,Ujjain,Semi-Urban,605019,25,47,16,38,506734,343690,226784,197642,86817.54,42592.01,13165.67,31059.86,58822.61,23073.32,14621.82,21127.47,4397481,2999963,162827.0,62592.0,40832,34038.0,29882
401,2021,Q1,Uttar Pradesh,North,Lucknow,Semi-Urban,1315754,16,35,9,16,648606,438758,256619,250040,110479.86,61503.63,16425.79,32550.45,79725.28,41142.24,17435.51,21147.54,5399210,3452250,,77647.0,109648,41878.0,72927
402,2021,Q2,Uttar Pradesh,North,Lucknow,Semi-Urban,1315754,18,30,10,26,430197,296437,223299,131633,77295.27,32610.83,8507.55,36176.89,57257.61,24345.23,13448.79,19463.59,2942349,1820261,132778.0,89671.0,89403,31170.0,73264
403,2021,Q3,Uttar Pradesh,North,Lucknow,Rural,1315754,10,15,5,11,464185,290728,240162,130779,65561.94,29289.24,7914.47,28358.24,41084.4,18773.94,7717.13,14593.34,4306304,3041031,102390.0,44038.0,54766,22461.0,26080
404,2021,Q4,Uttar Pradesh,North,Lucknow,Semi-Urban,1315754,20,35,16,23,716250,554193,355689,217988,146997.72,68451.67,24169.51,54376.54,101823.97,52514.02,28022.4,21287.55,5990215,3409916,149136.0,144216.0,69446,43890.0,37156
405,2022,Q1,Uttar Pradesh,North,Lucknow,Rural,1331543,10,16,6,10,455129,287859,261296,168567,51332.75,25243.74,7321.31,18767.7,30712.54,11909.89,8609.37,10193.28,4678373,3176354,82507.0,56431.0,73904,26936.0,33795
406,2022,Q2,Uttar Pradesh,North,Lucknow,Semi-Urban,1331543,17,32,16,26,701342,613389,338351,207337,97494.42,54737.23,9817.55,32939.63,83163.11,42665.67,24702.76,15794.68,5008637,2572798,275329.0,107948.0,69870,39071.0,52234
407,2022,Q3,Uttar Pradesh,North,Lucknow,Urban,1331543,20,31,14,17,776223,582164,371860,240485,144734.73,72753.27,22231.51,49749.95,106200.36,56902.6,22611.71,26686.05,8214310,4653107,198259.0,80166.0,59411,40539.0,38436
408,2022,Q4,Uttar Pradesh,North,Lucknow,Rural,1331543,6,12,5,5,490594,403116,238373,148675,58251.26,33218.21,8573.1,16459.95,33475.03,14800.55,9530.86,9143.62,7452062,3751981,98586.0,128100.0,121176,21172.0,92401
409,2023,Q1,Uttar Pradesh,North,Lucknow,Rural,1347332,19,41,10,23,399489,286380,179607,127238,43816.84,19424.03,3651.86,20740.95,30898.85,16712.87,5444.21,8741.78,3932638,2648959,133461.0,76369.0,113989,12122.0,72583
410,2023,Q2,Uttar Pradesh,North,Lucknow,Semi-Urban,1347332,13,26,13,9,653856,503160,298048,190571,107801.41,53834.75,17514.75,36451.92,73597.28,27266.24,12409.3,33921.74,5388650,3747165,117410.0,98634.0,107206,18008.0,57013
411,2023,Q3,Uttar Pradesh,North,Lucknow,Rural,1347332,10,16,10,14,418274,306945,188693,161500,54738.74,29462.51,6551.61,18724.62,34855.72,14817.16,8005.87,12032.69,3598938,1748190,94910.0,51683.0,109605,14031.0,51102
412,2023,Q4,Uttar Pradesh,North,Lucknow,Semi-Urban,1347332,17,36,16,19,533095,440562,277178,144850,94049.92,54288.44,15614.62,24146.86,73077.4,39297.37,19082.23,14697.8,3636277,2170483,118739.0,91826.0,107107,23627.0,61287
413,2024,Q1,Uttar Pradesh,North,Lucknow,Semi-Urban,1363121,13,27,7,16,536021,362187,304068,120009,64241.78,31952.25,8358.16,23931.37,42152.16,15867.44,8965.52,17319.2,4556852,2993625,142987.0,100137.0,64117,21101.0,32693
414,2024,Q2,Uttar Pradesh,North,Lucknow,Rural,1363121,12,20,10,14,622518,420050,316447,243793,87205.28,40289.54,7318.73,39597.01,56752.9,28315.2,9458.01,18979.69,6556630,4042788,116360.0,109736.0,104802,27638.0,53361
415,2024,Q3,Uttar Pradesh,North,Lucknow,Rural,1363121,15,24,12,14,522398,327393,231216,204870,75435.36,35129.04,8283.12,32023.2,51026.25,26386.39,15073.66,9566.2,5500667,3344799,109365.0,65043.0,92857,19092.0,67330
416,2024,Q4,Uttar Pradesh,North,Lucknow,Rural,1363121,14,30,13,12,595663,502748,267584,152637,44922.88,21400.78,6086.65,17435.46,27495.21,14350.66,5391.42,7753.13,6654675,3623640,140202.0,108665.0,69943,19945.0,50067
417,2025,Q1,Uttar Pradesh,North,Lucknow,Semi-Urban,1378910,22,47,13,34,729614,494134,304419,179768,71022.91,35166.62,11242.46,24613.84,56553.0,26632.08,14482.73,15438.18,6787287,3276925,111067.0,90108.0,50990,49317.0,35850
418,2025,Q2,Uttar Pradesh,North,Lucknow,Rural,1378910,13,27,12,12,395859,348822,177754,95940,57178.79,26042.86,6115.21,25020.72,36028.13,19755.47,6760.19,9512.47,3005402,2317935,128936.0,106409.0,126650,27404.0,67046
419,2025,Q3,Uttar Pradesh,North,Lucknow,Semi-Urban,1378910,19,34,12,20,757498,568243,369283,324954,97514.05,46654.53,11631.34,39228.18,76018.19,40865.66,17934.99,17217.54,5456508,3441089,238539.0,78327.0,49917,28514.0,32018
420,2025,Q4,Uttar Pradesh,North,Lucknow,Rural,1378910,12,21,9,14,677473,542450,313634,281404,112117.58,49436.54,16546.44,46134.6,82379.67,41843.5,21701.5,18834.68,7399916,3803051,207516.0,172106.0,116788,25468.0,86143
421,2021,Q1,Uttar Pradesh,North,Kanpur,Semi-Urban,528038,24,42,21,32,422317,318053,244475,179821,80079.9,38733.13,9324.39,32022.38,44364.36,17738.42,11562.82,15063.12,2353350,1239234,119888.0,96460.0,43486,18128.0,21472
422,2021,Q2,Uttar Pradesh,North,Kanpur,Urban,528038,29,63,22,41,431996,363391,234591,102725,60837.39,25974.71,10366.57,24496.11,44052.11,21901.85,12219.62,9930.64,4475678,2599433,169664.0,106789.0,23376,19446.0,13689
423,2021,Q3,Uttar Pradesh,North,Kanpur,Rural,528038,23,41,13,22,348860,236344,182257,119224,32551.12,16256.31,3965.95,12328.87,26266.35,13051.25,6315.49,6899.61,4286460,2336837,102524.0,54957.0,41106,15174.0,22740
424,2021,Q4,Uttar Pradesh,North,Kanpur,Rural,528038,26,51,17,22,395593,334074,209527,152996,79380.97,36137.32,13194.78,30048.87,63115.9,27320.45,14283.11,21512.34,3816988,2935436,109217.0,102222.0,47320,22361.0,31445
425,2022,Q1,Uttar Pradesh,North,Kanpur,Rural,534374,20,33,13,31,280929,245574,123869,93851,22092.43,11530.28,2285.03,8277.12,16371.58,7849.09,4193.81,4328.69,3187706,2468794,103599.0,44760.0,47499,20404.0,28160
426,2022,Q2,Uttar Pradesh,North,Kanpur,Semi-Urban,534374,30,61,17,43,410503,277375,162537,162466,32622.33,15932.27,3049.53,13640.54,27778.27,12335.13,6657.93,8785.21,3020475,2172164,127955.0,62701.0,32901,16799.0,23609
427,2022,Q3,Uttar Pradesh,North,Kanpur,Semi-Urban,534374,28,62,15,28,435065,342796,180775,123464,52077.17,28801.57,9022.33,14253.26,41533.13,21538.67,9378.74,10615.72,4864178,2516098,110154.0,68059.0,37283,25345.0,22831
428,2022,Q4,Uttar Pradesh,North,Kanpur,Urban,534374,35,71,23,39,436093,309894,172661,149371,84993.96,48019.67,13896.71,23077.58,50881.31,25014.98,11243.0,14623.33,4982917,2660722,88339.0,79762.0,48022,27280.0,38194
429,2023,Q1,Uttar Pradesh,North,Kanpur,Rural,540710,20,31,19,26,328970,249086,127124,115522,42684.81,20859.7,7538.38,14286.73,31986.11,15988.17,9310.79,6687.15,1800808,1243820,93112.0,30491.0,27979,17754.0,14684
430,2023,Q2,Uttar Pradesh,North,Kanpur,Rural,540710,23,44,24,28,392181,348502,165352,111909,72266.0,36355.31,12958.93,22951.76,40022.27,16405.87,9895.21,13721.19,3849433,1877114,119193.0,49947.0,39777,27310.0,30922
431,2023,Q3,Uttar Pradesh,North,Kanpur,Semi-Urban,540710,30,49,22,26,468500,410467,228339,174671,43498.71,23160.74,5449.38,14888.59,27416.37,14406.62,7238.12,5771.64,7565293,4067493,186336.0,116441.0,21739,19606.0,10820
432,2023,Q4,Uttar Pradesh,North,Kanpur,Rural,540710,13,26,11,12,410874,257177,184730,152429,69846.5,29524.5,9904.54,30417.45,39869.86,14814.49,10008.74,15046.64,3368033,2605421,77473.0,48762.0,50246,18823.0,27546
433,2024,Q1,Uttar Pradesh,North,Kanpur,Rural,547047,22,44,18,23,275195,207800,123348,91842,45356.99,22406.28,6150.65,16800.06,29210.01,10365.12,7229.56,11615.34,3098869,2338959,59361.0,52737.0,50594,7024.0,41306
434,2024,Q2,Uttar Pradesh,North,Kanpur,Semi-Urban,547047,22,45,12,32,328571,280748,125879,116857,40636.56,17766.7,5039.45,17830.4,24003.64,10736.57,5941.63,7325.44,2166587,1239785,122159.0,71795.0,28598,23246.0,22051
435,2024,Q3,Uttar Pradesh,North,Kanpur,Rural,547047,22,37,17,25,338892,261237,146242,100620,41338.91,20374.22,6657.51,14307.18,34032.66,14712.75,7917.12,11402.78,3081077,1890682,59757.0,66585.0,47823,16297.0,21895
436,2024,Q4,Uttar Pradesh,North,Kanpur,Rural,547047,27,52,21,39,358337,291363,169803,111918,46582.61,23578.88,4893.24,18110.5,39317.97,16380.54,7102.92,15834.51,3598479,1929804,71413.0,35745.0,19857,18275.0,13931
437,2025,Q1,Uttar Pradesh,North,Kanpur,Rural,553383,27,63,24,24,373535,294129,157766,148940,52440.27,28090.37,7575.33,16774.57,41446.5,18469.37,9563.02,13414.11,4862623,3633585,129803.0,75351.0,51790,22416.0,32930
438,2025,Q2,Uttar Pradesh,North,Kanpur,Rural,553383,22,46,15,21,295506,255622,163590,104166,41258.27,21336.99,5015.91,14905.37,27860.81,11884.27,6755.65,9220.88,4513161,2279840,99282.0,53769.0,30891,13579.0,14094
439,2025,Q3,Uttar Pradesh,North,Kanpur,Rural,553383,23,41,21,26,284353,236017,113697,112660,53237.72,30248.76,8480.81,14508.15,45486.51,21981.54,8778.45,14726.52,2271421,1274991,106815.0,37019.0,29470,14423.0,21040
440,2025,Q4,Uttar Pradesh,North,Kanpur,Urban,553383,30,48,32,45,317151,228630,172095,110505,57374.88,28657.79,4826.48,23890.61,42618.55,15330.46,10421.16,16866.93,4354321,2685570,97878.0,54184.0,44231,18509.0,36129
441,2021,Q1,Uttar Pradesh,North,Agra,Urban,555494,25,51,25,30,376547,320010,202018,125871,34270.16,18442.74,5504.07,10323.35,22006.84,9322.03,3760.27,8924.53,2355823,1133865,129764.0,38630.0,40950,17271.0,22935
442,2021,Q2,Uttar Pradesh,North,Agra,Urban,555494,28,47,21,43,399399,309659,158188,154142,54333.75,25026.54,6642.19,22665.02,43986.49,23962.77,7405.02,12618.71,4043581,2292822,133536.0,55781.0,39888,17050.0,22873
443,2021,Q3,Uttar Pradesh,North,Agra,Rural,555494,16,34,17,17,337632,301511,187282,90384,25881.42,13070.57,2591.38,10219.46,16666.14,8383.58,3764.03,4518.54,4403799,3130302,91210.0,73727.0,24665,20958.0,16569
444,2021,Q4,Uttar Pradesh,North,Agra,Rural,555494,14,30,10,13,288330,206712,129072,112361,28585.1,14543.79,2809.7,11231.61,16959.57,7942.2,4216.49,4800.88,3451074,1707892,48326.0,34851.0,47942,16696.0,29279
445,2022,Q1,Uttar Pradesh,North,Agra,Rural,562159,17,34,11,19,330224,248246,188160,131420,38205.62,18634.11,5448.81,14122.7,24628.97,13394.46,6039.41,5195.1,2761107,2002737,80393.0,61813.0,38828,8948.0,20011
446,2022,Q2,Uttar Pradesh,North,Agra,Urban,562159,25,50,26,19,375211,252964,184141,112708,36784.97,18606.12,3953.41,14225.43,26055.7,13005.64,4917.7,8132.36,3848591,2825161,74916.0,47866.0,32370,14945.0,25219
447,2022,Q3,Uttar Pradesh,North,Agra,Urban,562159,32,59,25,26,491155,432558,247879,143498,44798.42,20646.05,6332.38,17819.98,38610.07,13886.28,6183.14,18540.65,7434206,4298272,162662.0,76481.0,29448,18897.0,14829
448,2022,Q4,Uttar Pradesh,North,Agra,Semi-Urban,562159,27,45,21,30,280883,175469,135959,102850,51559.31,22506.74,4393.31,24659.26,35776.68,16980.67,9934.38,8861.63,2246747,1692033,69746.0,28368.0,30696,14026.0,24700
449,2023,Q1,Uttar Pradesh,North,Agra,Semi-Urban,568825,20,37,11,24,284816,243248,154629,94575,24397.53,13357.0,3416.0,7624.53,19142.46,7862.99,4428.18,6851.3,3245639,2326858,100769.0,51693.0,27254,8059.0,17627
450,2023,Q2,Uttar Pradesh,North,Agra,Rural,568825,22,47,20,32,322576,206066,138911,125696,32346.74,17623.85,3655.54,11067.35,21231.05,9799.41,5957.01,5474.62,2800499,2177774,57330.0,63520.0,22967,10105.0,17359
451,2023,Q3,Uttar Pradesh,North,Agra,Urban,568825,35,78,20,42,503814,368531,221918,195025,54251.85,31115.15,7552.53,15584.17,44510.43,22925.56,7535.5,14049.37,3996174,2707950,97448.0,67155.0,41176,25054.0,21747
452,2023,Q4,Uttar Pradesh,North,Agra,Rural,568825,19,37,15,15,343589,220053,156552,126820,27230.89,12894.46,2202.52,12133.91,16687.81,8981.2,3887.61,3819.0,3028435,1809650,105466.0,49503.0,30490,12911.0,17594
453,2024,Q1,Uttar Pradesh,North,Agra,Rural,575491,17,30,13,21,362017,253555,150869,108445,62334.12,32941.02,7961.06,21432.03,37596.53,15572.64,7199.47,14824.41,3278505,2157604,113652.0,54862.0,42227,18020.0,19281
454,2024,Q2,Uttar Pradesh,North,Agra,Rural,575491,18,30,16,13,321787,218485,183344,93467,40423.84,19677.34,7126.17,13620.33,22555.54,9276.39,5712.57,7566.57,3765644,2478684,98672.0,37422.0,47800,14435.0,25262
455,2024,Q3,Uttar Pradesh,North,Agra,Urban,575491,30,46,18,36,323021,236172,142346,119522,26681.72,13678.61,3781.58,9221.54,18242.35,7495.3,4661.81,6085.24,4196946,2917628,104002.0,61103.0,46544,10787.0,28169
456,2024,Q4,Uttar Pradesh,North,Agra,Rural,575491,23,40,19,22,362452,272448,170990,154609,44299.32,20863.95,7507.62,15927.75,31626.12,14864.37,5860.78,10900.97,4342610,3169056,98257.0,47659.0,44824,22295.0,28670
457,2025,Q1,Uttar Pradesh,North,Agra,Semi-Urban,582157,29,50,17,31,377518,261164,198401,88884,40950.65,20063.36,6164.23,14723.06,30191.7,16307.82,7357.46,6526.42,2194350,1661978,58465.0,49771.0,24008,16756.0,12812
458,2025,Q2,Uttar Pradesh,North,Agra,Semi-Urban,582157,22,39,24,16,316651,216240,171694,128081,24606.1,13265.86,2296.61,9043.62,14613.3,5180.03,2440.03,6993.25,2391110,1745109,62397.0,28760.0,31773,19439.0,15401
459,2025,Q3,Uttar Pradesh,North,Agra,Semi-Urban,582157,29,48,30,26,373772,331180,185277,110940,70896.28,30852.59,12738.99,27304.69,45259.39,23546.27,8290.42,13422.7,6068433,3919292,135834.0,74479.0,21249,20629.0,10704
460,2025,Q4,Uttar Pradesh,North,Agra,Semi-Urban,582157,23,51,18,32,339319,257129,155675,118210,28849.31,12481.96,4201.82,12165.53,16042.84,8284.16,2959.23,4799.45,4074483,2348553,91031.0,44302.0,45685,13316.0,33277
461,2021,Q1,Uttar Pradesh,North,Varanasi,Semi-Urban,914764,18,28,13,24,316639,266825,160268,108730,37999.54,19591.65,4835.3,13572.6,29656.49,12952.16,5584.86,11119.48,2696086,1899865,73543.0,32328.0,75605,11121.0,60850
462,2021,Q2,Uttar Pradesh,North,Varanasi,Rural,914764,9,20,8,12,242012,164954,92391,89638,30330.56,14383.65,4911.53,11035.37,17989.98,6920.29,3736.93,7332.76,2540310,1293234,53809.0,31298.0,51293,16181.0,24349
463,2021,Q3,Uttar Pradesh,North,Varanasi,Urban,914764,16,34,14,20,537487,350997,293812,197892,85440.84,45458.72,8558.61,31423.52,59109.34,26528.78,9914.44,22666.12,5304349,3351655,164338.0,51145.0,33423,38289.0,25574
464,2021,Q4,Uttar Pradesh,North,Varanasi,Rural,914764,8,13,4,8,285734,217693,163806,97361,55192.89,27377.85,9132.26,18682.78,38941.42,20394.62,7820.25,10726.56,3106318,2319573,55183.0,63362.0,83490,7909.0,53046
465,2022,Q1,Uttar Pradesh,North,Varanasi,Rural,925741,16,28,13,21,254135,215490,127378,106584,28039.21,14048.77,2483.74,11506.7,24392.54,8726.11,6475.99,9190.44,1631211,1087446,76827.0,41745.0,64906,9922.0,51066
466,2022,Q2,Uttar Pradesh,North,Varanasi,Rural,925741,14,26,11,11,393114,284956,155734,118457,59711.76,31714.51,5108.25,22889.0,38448.31,19756.51,6581.78,12110.02,4610302,2711948,126072.0,39431.0,66405,12832.0,31508
467,2022,Q3,Uttar Pradesh,North,Varanasi,Rural,925741,12,23,10,16,357243,282383,165173,114139,48547.1,22176.32,3911.54,22459.24,37135.41,14501.09,10569.33,12064.98,2376360,1493664,125195.0,38219.0,66239,13841.0,47375
468,2022,Q4,Uttar Pradesh,North,Varanasi,Semi-Urban,925741,14,25,7,19,352635,301027,163643,120314,69825.51,33477.36,7044.62,29303.53,56265.27,24566.32,10515.19,21183.77,2324202,1129757,137012.0,48050.0,66967,20482.0,37842
469,2023,Q1,Uttar Pradesh,North,Varanasi,Rural,936718,16,25,16,14,410830,274445,219510,109657,37673.33,20999.12,4534.25,12139.96,29452.66,13589.85,8229.48,7633.33,3318675,1945313,82858.0,61677.0,82887,13678.0,41884
470,2023,Q2,Uttar Pradesh,North,Varanasi,Rural,936718,9,18,5,9,409981,282498,210595,153919,58481.48,31455.15,7356.53,19669.81,43152.35,21080.9,10481.99,11589.46,2909374,1583140,126689.0,54063.0,34908,11131.0,26946
471,2023,Q3,Uttar Pradesh,North,Varanasi,Semi-Urban,936718,19,42,15,28,386770,340155,201016,105977,57176.54,25275.68,7954.65,23946.22,37386.55,13476.72,10947.23,12962.61,5058007,2969531,131567.0,100476.0,61599,22737.0,49605
472,2023,Q4,Uttar Pradesh,North,Varanasi,Rural,936718,18,40,19,23,431761,315792,246364,158708,37533.23,18673.37,4730.41,14129.44,27659.51,10507.21,6242.29,10910.01,3348094,1609550,137714.0,38872.0,56149,26516.0,41861
473,2024,Q1,Uttar Pradesh,North,Varanasi,Urban,947695,15,34,14,18,553297,486242,289085,164527,84205.27,40572.33,10157.88,33475.06,50948.95,18067.37,9103.22,23778.36,8515475,4972262,189732.0,136370.0,67251,39758.0,34419
474,2024,Q2,Uttar Pradesh,North,Varanasi,Semi-Urban,947695,18,38,10,26,488573,307484,194558,112526,57752.62,29175.22,6166.06,22411.35,49137.49,20817.22,8175.35,20144.92,3533126,1986156,91648.0,69559.0,40636,32225.0,33263
475,2024,Q3,Uttar Pradesh,North,Varanasi,Rural,947695,18,38,13,27,365706,272856,186266,153628,59108.7,27968.44,7510.02,23630.24,38644.73,18937.37,10653.49,9053.87,2809861,2086312,111911.0,86731.0,76760,15765.0,55392
476,2024,Q4,Uttar Pradesh,North,Varanasi,Rural,947695,9,19,7,8,394638,315573,166496,89339,52136.2,29209.66,9010.27,13916.27,37772.98,18915.22,8366.81,10490.95,3706914,2484627,130641.0,50794.0,34201,24121.0,25963
477,2025,Q1,Uttar Pradesh,North,Varanasi,Rural,958672,16,34,11,15,381883,296988,157506,108869,74743.56,43183.53,11712.41,19847.62,64343.11,25302.14,17244.46,21796.51,3539759,2067318,66898.0,75480.0,83159,25858.0,38107
478,2025,Q2,Uttar Pradesh,North,Varanasi,Semi-Urban,958672,16,29,12,23,391330,345956,162764,140554,60073.27,28352.18,9820.77,21900.31,48142.46,20018.56,11301.63,16822.27,4270489,2159979,81658.0,55958.0,82062,23832.0,65579
479,2025,Q3,Uttar Pradesh,North,Varanasi,Semi-Urban,958672,17,34,18,21,337737,277844,189502,130728,52018.87,30089.31,4633.12,17296.44,40064.46,16293.39,10000.6,13770.47,2654087,1768919,105020.0,41868.0,40929,,31066
480,2025,Q4,Uttar Pradesh,North,Varanasi,Rural,958672,16,31,17,14,355908,281099,189011,145689,71452.58,32620.46,5893.48,32938.65,48348.06,18290.54,12544.11,17513.41,4827786,2677601,110160.0,36203.0,58415,20783.0,35568
481,2021,Q1,Uttar Pradesh,North,Prayagraj,Rural,1301728,15,31,10,14,657859,409781,333728,199144,76710.35,42462.78,10420.27,23827.3,42977.84,19008.25,9660.83,14308.76,2896435,1826502,148089.0,104162.0,91509,27740.0,63808
482,2021,Q2,Uttar Pradesh,North,Prayagraj,Rural,1301728,13,23,14,13,523705,412046,300708,223332,71061.28,40086.03,9737.09,21238.17,47666.4,24588.19,10294.82,12783.39,5358433,3115623,94297.0,117109.0,65156,28641.0,34335
483,2021,Q3,Uttar Pradesh,North,Prayagraj,Rural,1301728,19,37,18,26,636931,438740,352450,198479,49444.85,26823.22,4297.42,18324.21,29599.18,14469.42,8434.7,6695.05,3428831,2278588,168814.0,72154.0,49262,35436.0,26279
484,2021,Q4,Uttar Pradesh,North,Prayagraj,Urban,1301728,26,50,17,38,782488,552317,427907,222888,97083.93,42583.34,8144.33,46356.25,76608.77,36697.7,15285.84,24625.23,10458810,6505698,163958.0,170666.0,108234,48384.0,60611
485,2022,Q1,Uttar Pradesh,North,Prayagraj,Rural,1317348,16,34,14,13,621221,519466,342988,138394,92106.31,49101.84,13222.98,29781.49,55167.51,27761.64,9354.68,18051.2,7420999,5618488,225896.0,89548.0,72967,31150.0,45338
486,2022,Q2,Uttar Pradesh,North,Prayagraj,Rural,1317348,16,32,15,24,699050,533239,366164,271346,89891.62,44053.09,14764.5,31074.03,67139.31,33226.68,12483.72,21428.91,7566656,3674834,251010.0,107082.0,56170,44810.0,45393
487,2022,Q3,Uttar Pradesh,North,Prayagraj,Rural,1317348,16,25,10,22,747481,481740,367446,204297,66251.62,33950.12,5731.66,26569.85,45931.73,17318.35,9102.51,19510.86,7337752,5433889,129875.0,142881.0,76416,30400.0,45147
488,2022,Q4,Uttar Pradesh,North,Prayagraj,Rural,1317348,16,34,11,15,658246,488517,379260,194059,97492.84,56399.14,12138.94,28954.76,74022.66,27783.99,19440.08,26798.59,8655217,6674606,141667.0,102453.0,79665,43931.0,37421
489,2023,Q1,Uttar Pradesh,North,Prayagraj,Semi-Urban,1332969,19,42,19,18,843274,546321,459207,305135,75621.99,38785.24,10545.87,26290.89,48850.68,19701.45,13031.16,16118.07,7839610,3950260,156669.0,114319.0,94204,45932.0,66240
490,2023,Q2,Uttar Pradesh,North,Prayagraj,Rural,1332969,23,43,16,32,493949,439430,250415,200666,62083.96,35022.56,5580.56,21480.84,36545.44,14978.85,10757.83,10808.76,6485512,3925306,169003.0,101437.0,107283,22060.0,81079
491,2023,Q3,Uttar Pradesh,North,Prayagraj,Rural,1332969,18,34,16,18,541733,407137,266636,135404,76564.03,36964.52,8263.69,31335.81,65643.35,31946.47,12914.96,20781.92,4788122,3490479,157850.0,117953.0,59003,35829.0,38346
492,2023,Q4,Uttar Pradesh,North,Prayagraj,Rural,1332969,12,22,13,16,674471,439920,312659,185641,57566.82,32368.08,8494.56,16704.18,36404.94,16917.99,10632.17,8854.78,8230341,5923063,179468.0,113453.0,57580,28585.0,46472
493,2024,Q1,Uttar Pradesh,North,Prayagraj,Rural,1348590,16,33,17,15,626065,542366,282388,152099,122176.78,61142.8,17363.77,43670.21,67339.82,36109.38,14181.98,17048.46,5931571,4277748,175293.0,83970.0,111932,44945.0,67069
494,2024,Q2,Uttar Pradesh,North,Prayagraj,Semi-Urban,1348590,18,35,17,24,719939,514229,309925,245548,134543.33,58558.69,12369.92,63614.72,108767.86,45684.78,20819.4,42263.68,6692514,4705351,160305.0,128077.0,74636,34270.0,36402
495,2024,Q3,Uttar Pradesh,North,Prayagraj,Rural,1348590,12,24,6,9,777970,605701,406420,308709,109349.83,55105.06,11183.74,43061.03,72326.88,32407.51,14781.01,25138.36,5210104,2633148,186093.0,113555.0,50962,23765.0,29413
496,2024,Q4,Uttar Pradesh,North,Prayagraj,Semi-Urban,1348590,21,35,21,29,828582,681739,375567,188687,146927.28,83993.92,20156.7,42776.67,95625.54,42945.9,22015.69,30663.94,10939753,6925090,154110.0,130274.0,66962,34597.0,51515
497,2025,Q1,Uttar Pradesh,North,Prayagraj,Rural,1364210,19,34,15,27,730429,507227,299635,268175,85047.92,37478.89,9511.04,38058.0,48314.01,23705.8,13758.71,10849.5,4182225,2117544,195448.0,155997.0,116373,49505.0,88150
498,2025,Q2,Uttar Pradesh,North,Prayagraj,Semi-Urban,1364210,21,38,14,32,719713,526509,374187,202674,119066.59,65080.52,16691.37,37294.71,88000.68,38867.74,17493.34,31639.61,7066433,3988805,179359.0,110569.0,54098,23213.0,38339
499,2025,Q3,Uttar Pradesh,North,Prayagraj,Rural,1364210,19,41,19,15,790167,601554,440205,320952,60967.26,30741.14,9013.16,21212.96,39289.83,15732.77,8383.55,15173.51,9531436,5802703,210690.0,186619.0,52197,26412.0,32293
500,2025,Q4,Uttar Pradesh,North,Prayagraj,Semi-Urban,1364210,25,46,21,37,1032230,702346,401247,293293,182444.04,78875.14,15115.19,88453.7,153575.66,76730.86,45906.04,30938.76,6622530,3408974,226974.0,142723.0,95116,44607.0,45628
501,2021,Q1,Bihar,East,Patna,Rural,940846,16,34,11,20,408616,318642,218376,169527,43116.18,21311.58,7446.92,14357.68,36539.14,13445.51,6521.15,16572.48,3372940,1769159,111152.0,45031.0,68834,29614.0,56360
502,2021,Q2,Bihar,East,Patna,Rural,940846,18,36,18,14,518022,380474,218206,157778,45747.54,21063.94,5084.41,19599.19,26989.07,14113.44,6182.72,6692.91,4381319,2356093,140302.0,88987.0,74992,16241.0,36628
503,2021,Q3,Bihar,East,Patna,Semi-Urban,940846,21,40,16,28,630208,504437,329479,177371,72573.42,34051.01,12953.9,25568.5,59411.29,22750.42,9552.34,27108.53,4290196,2745731,116587.0,85155.0,81364,38970.0,43104
504,2021,Q4,Bihar,East,Patna,Rural,940846,16,31,15,23,606632,462610,314754,147701,85249.2,41693.22,12225.17,31330.81,54116.65,19505.64,8736.2,25874.81,4027824,2222741,104439.0,56285.0,45417,45096.0,25579
505,2022,Q1,Bihar,East,Patna,Rural,952136,21,43,14,25,532935,439068,273559,214703,100304.67,49026.62,14459.62,36818.43,82250.83,28880.77,24583.09,28786.97,7139456,3908938,117473.0,93982.0,60563,16856.0,36106
506,2022,Q2,Bihar,East,Patna,Rural,952136,19,34,14,30,615401,401327,323204,142075,45518.53,26149.38,7924.16,11444.99,27948.2,10685.56,5412.87,11849.78,3787534,2677736,142086.0,93886.0,51008,43759.0,35347
507,2022,Q3,Bihar,East,Patna,Rural,952136,21,37,15,32,415232,262344,195495,161215,77283.34,39052.21,6956.0,31275.13,57519.47,29086.4,9954.66,18478.41,3656047,2727485,69492.0,32126.0,71638,30769.0,33907
508,2022,Q4,Bihar,East,Patna,Urban,952136,31,68,22,48,632774,549883,351917,239889,86652.42,43769.48,10023.92,32859.02,70312.51,35270.57,20213.85,14828.09,10097208,7237579,123094.0,154968.0,40762,18390.0,18657
509,2023,Q1,Bihar,East,Patna,Semi-Urban,963426,18,36,18,27,701628,518831,355713,280526,91728.97,41017.14,7339.76,43372.07,72192.4,26871.41,14015.25,31305.73,5784954,3947665,154325.0,120408.0,36936,21888.0,23443
510,2023,Q2,Bihar,East,Patna,Rural,963426,16,28,9,24,557574,364682,219131,236814,88859.78,47298.02,13829.53,27732.24,71744.28,31967.49,15796.91,23979.88,4972944,2690095,81275.0,111341.0,86878,39446.0,70892
511,2023,Q3,Bihar,East,Patna,Urban,963426,30,52,18,47,643323,555734,244993,144371,82538.39,43776.27,11271.15,27490.98,47506.65,18172.51,10181.95,19152.18,6626614,3366515,149079.0,154741.0,61717,19004.0,30716
512,2023,Q4,Bihar,East,Patna,Rural,963426,21,46,22,30,490517,341539,240270,182270,92195.02,39449.03,13777.22,38968.78,76027.2,39478.62,19385.79,17162.79,6173344,4755596,159855.0,75890.0,82690,19860.0,43213
513,2024,Q1,Bihar,East,Patna,Rural,974716,22,35,15,30,405405,287762,185444,142193,41296.76,20301.76,7090.74,13904.25,29089.31,11781.41,5231.89,12076.02,2306455,1378149,63587.0,65158.0,68577,15723.0,35305
514,2024,Q2,Bihar,East,Patna,Semi-Urban,974716,23,53,13,19,794113,500751,457033,175479,142671.96,81347.88,15935.68,45388.41,109275.47,39995.53,21191.37,48088.56,8616752,5244374,210894.0,113038.0,84984,37678.0,69034
515,2024,Q3,Bihar,East,Patna,Urban,974716,32,71,21,40,565743,483302,234731,132876,72420.08,40322.54,12849.08,19248.46,50334.31,18225.52,13332.36,18776.43,5178105,3265932,177345.0,101289.0,53922,35557.0,35116
516,2024,Q4,Bihar,East,Patna,Urban,974716,30,59,20,43,750407,508712,378731,221460,135702.47,72767.82,12152.65,50782.0,92371.05,50494.47,25234.33,16642.24,5730972,3869034,133071.0,89305.0,78386,46882.0,50061
517,2025,Q1,Bihar,East,Patna,Semi-Urban,986006,21,42,22,29,676043,541581,382716,209540,86256.16,48143.96,9686.94,28425.27,60642.19,26259.02,10968.56,23414.61,8825629,4737658,254019.0,108783.0,66922,17711.0,49037
518,2025,Q2,Bihar,East,Patna,Semi-Urban,986006,24,49,13,21,515039,360988,260345,174546,79510.26,36867.68,8304.91,34337.67,47326.87,24601.18,11656.94,11068.75,5993625,4212435,96922.0,56112.0,73520,23353.0,40210
519,2025,Q3,Bihar,East,Patna,Urban,986006,29,64,28,28,708723,476309,285055,263489,82049.3,47530.94,7192.6,27325.75,57935.14,29570.82,15668.74,12695.58,5883443,3874191,198906.0,90402.0,92128,29325.0,72925
520,2025,Q4,Bihar,East,Patna,Rural,986006,24,56,22,26,610059,424789,265274,148760,53503.1,29001.73,7533.08,16968.3,31237.94,16257.7,7628.04,7352.2,4019582,2500722,199575.0,107912.0,72875,16113.0,33195
521,2021,Q1,Bihar,East,Gaya,Semi-Urban,1307247,16,25,15,14,471380,360813,252909,186710,69228.59,39560.01,7244.92,22423.66,56422.77,26654.67,12004.81,17763.28,3551497,1815894,79507.0,75525.0,51648,19976.0,34989
522,2021,Q2,Bihar,East,Gaya,Semi-Urban,1307247,14,23,10,14,533475,451684,261791,212215,76730.1,37596.31,12454.03,26679.76,65593.72,31342.58,18032.34,16218.8,4100466,2283779,106299.0,136057.0,49936,39087.0,38213
523,2021,Q3,Bihar,East,Gaya,Urban,1307247,18,41,19,20,552749,444639,317879,222841,109899.11,61876.75,17323.19,30699.16,86493.9,34853.01,21362.92,30277.96,5682977,2945616,158107.0,130007.0,46143,32553.0,30152
524,2021,Q4,Bihar,East,Gaya,Rural,1307247,16,26,12,12,420995,305717,199182,133872,48393.35,23078.16,4982.52,20332.68,29423.99,12196.71,4986.11,12241.17,4475469,2859271,69873.0,73686.0,105543,11348.0,84044
525,2022,Q1,Bihar,East,Gaya,Rural,1322933,9,20,7,6,468559,291701,250774,167098,46998.25,19797.97,7020.05,20180.23,30853.44,14325.8,9069.12,7458.52,3990706,2205370,86886.0,92774.0,80972,29061.0,49813
526,2022,Q2,Bihar,East,Gaya,Rural,1322933,13,21,12,16,467067,311502,255743,196988,34949.33,19626.0,5646.25,9677.08,26348.94,14201.9,6600.42,5546.63,4393054,3407794,86023.0,82774.0,63280,25639.0,46742
527,2022,Q3,Bihar,East,Gaya,Rural,1322933,15,28,13,22,393680,352314,204867,127625,55388.03,25086.12,6157.39,24144.51,36089.27,14717.25,8141.57,13230.45,3849266,2335969,168119.0,104904.0,99443,10179.0,74926
528,2022,Q4,Bihar,East,Gaya,Urban,1322933,19,42,14,21,529388,387422,249916,217295,108145.32,60736.23,8740.31,38668.78,82372.35,29954.5,16323.17,36094.68,5831867,2885126,143485.0,100777.0,54526,16638.0,26380
529,2023,Q1,Bihar,East,Gaya,Rural,1338620,15,28,13,13,571048,410012,313604,238998,97450.71,51068.96,8966.35,37415.4,53780.0,19379.98,15502.67,18897.35,5230654,4009340,187047.0,67719.0,86745,25513.0,54545
530,2023,Q2,Bihar,East,Gaya,Semi-Urban,1338620,17,32,16,18,495712,352655,196086,160833,49419.07,24081.64,7734.1,17603.34,42746.11,22223.52,12533.37,7989.23,6097177,4515272,129658.0,53979.0,116278,29576.0,79210
531,2023,Q3,Bihar,East,Gaya,Rural,1338620,12,21,10,13,359232,305604,199646,130470,56000.25,24594.92,8612.33,22793.0,33172.25,14143.62,8026.62,11002.02,3105723,1992197,125799.0,36899.0,89650,20433.0,50421
532,2023,Q4,Bihar,East,Gaya,Rural,1338620,14,23,9,17,543130,355050,219727,183965,58518.49,28329.96,5726.34,24462.19,32210.56,16769.79,8377.98,7062.79,5536403,4211577,141856.0,81413.0,100316,20777.0,66319
533,2024,Q1,Bihar,East,Gaya,Rural,1354307,15,33,13,13,365749,270223,140126,104912,43708.09,25206.28,4824.94,13676.87,27865.01,10473.79,6451.9,10939.32,2305710,1505633,70245.0,65734.0,114542,9921.0,69333
534,2024,Q2,Bihar,East,Gaya,Rural,1354307,21,45,16,25,557491,433021,251796,132697,99795.04,57403.14,17230.61,25161.29,81148.13,38845.15,21861.67,20441.31,4692084,2712084,143910.0,103472.0,108888,26590.0,57547
535,2024,Q3,Bihar,East,Gaya,Rural,1354307,14,27,10,15,382955,286210,206447,115452,43449.94,21431.84,3586.09,18432.01,32075.41,14477.45,8904.17,8693.79,3737587,2578605,106259.0,52858.0,55036,21466.0,43431
536,2024,Q4,Bihar,East,Gaya,Rural,1354307,16,32,16,18,571298,403955,252063,205777,101487.43,46275.65,12870.81,42340.97,64207.99,23501.31,13897.97,26808.72,4396226,2585524,128159.0,70323.0,127752,36647.0,60863
537,2025,Q1,Bihar,East,Gaya,Urban,1369994,22,40,17,33,643304,563753,351050,273994,71530.45,33829.52,12551.09,25149.84,47203.96,21857.43,10220.37,15126.16,7131316,5240242,182101.0,89453.0,52017,44684.0,36215
538,2025,Q2,Bihar,East,Gaya,Semi-Urban,1369994,17,34,12,18,706319,498510,334798,158302,117172.95,59061.89,10717.68,47393.37,102791.81,42195.38,25584.73,35011.7,5100857,3605174,185007.0,138096.0,79391,32178.0,55486
539,2025,Q3,Bihar,East,Gaya,Semi-Urban,1369994,19,33,19,15,681523,527046,326399,194432,89243.22,42755.65,8020.12,38467.45,65924.8,24336.38,12027.86,29560.56,8827698,6639037,127661.0,103439.0,53859,38661.0,37874
540,2025,Q4,Bihar,East,Gaya,Rural,1369994,15,31,10,17,500530,322901,252823,162169,55044.56,29946.86,8816.25,16281.44,42072.96,18661.44,10122.96,13288.55,3847796,2459125,103361.0,46921.0,97173,35933.0,71676
541,2021,Q1,Bihar,East,Muzaffarpur,Urban,740299,16,26,10,20,408952,351985,232336,107291,44797.92,21386.61,7681.34,15729.97,33140.92,16492.2,7576.57,9072.16,4455711,3099556,80077.0,46757.0,35475,24985.0,26604
542,2021,Q2,Bihar,East,Muzaffarpur,Rural,740299,13,27,10,17,284213,255149,127634,87059,26023.04,13816.76,4468.28,7738.01,17701.38,6832.18,3538.75,7330.45,2441615,1711072,86320.0,45449.0,26258,14768.0,19527
543,2021,Q3,Bihar,East,Muzaffarpur,Rural,740299,17,35,13,17,302417,251721,134349,73074,23795.05,12213.03,2026.53,9555.49,15732.95,7876.54,3165.61,4690.8,2516007,1757799,105335.0,67736.0,59125,13570.0,31209
544,2021,Q4,Bihar,East,Muzaffarpur,Rural,740299,16,36,14,13,290017,214501,144517,108510,43107.78,23086.15,6100.07,13921.56,25854.39,13371.63,7524.32,4958.44,2239099,1581603,54828.0,46685.0,57963,9293.0,44892
545,2022,Q1,Bihar,East,Muzaffarpur,Rural,749182,11,19,7,9,275359,213161,111359,67095,24387.63,13020.58,2093.51,9273.54,17922.21,6576.29,5135.15,6210.77,3590551,2597533,97169.0,55346.0,63464,14727.0,35745
546,2022,Q2,Bihar,East,Muzaffarpur,Rural,749182,17,30,15,14,226338,169992,96558,77773,45449.43,23934.95,6284.39,15230.09,32315.58,12516.24,9218.33,10581.02,2592406,1380934,48383.0,23503.0,42938,5978.0,21499
547,2022,Q3,Bihar,East,Muzaffarpur,Rural,749182,13,28,9,19,226807,161284,93024,79454,29792.93,16143.83,4009.24,9639.85,22556.76,12114.11,4553.51,5889.14,2279925,1216476,50543.0,42504.0,43129,10975.0,26100
548,2022,Q4,Bihar,East,Muzaffarpur,Rural,749182,12,27,11,13,300447,261761,122352,81895,45654.07,19439.54,8144.77,18069.76,31963.29,13483.59,6424.03,12055.67,4858317,2934877,69453.0,72851.0,69033,19886.0,43351
549,2023,Q1,Bihar,East,Muzaffarpur,Semi-Urban,758066,20,31,18,14,374123,318373,159905,107735,51953.41,24209.07,7234.44,20509.9,33679.82,12161.72,5400.69,16117.41,5483729,3334599,78415.0,88651.0,49851,12100.0,32596
550,2023,Q2,Bihar,East,Muzaffarpur,Rural,758066,7,14,7,6,305665,191523,139107,74355,34617.69,16607.1,4214.78,13795.8,22473.63,10817.11,6486.77,5169.75,1911006,1406883,62083.0,30350.0,52532,14595.0,26547
551,2023,Q3,Bihar,East,Muzaffarpur,Rural,758066,13,29,7,15,236788,174043,131504,78324,26473.97,14509.11,3771.27,8193.59,18649.9,7338.68,3856.7,7454.53,2044991,1301486,81723.0,38988.0,61963,9946.0,31980
552,2023,Q4,Bihar,East,Muzaffarpur,Semi-Urban,758066,16,33,15,23,323705,207527,185052,100786,51473.48,26119.81,5174.41,20179.25,41137.46,21010.97,9766.71,10359.77,1742993,1014194,72017.0,29632.0,40670,23527.0,30093
553,2024,Q1,Bihar,East,Muzaffarpur,Semi-Urban,766949,12,27,9,9,331311,286491,184692,73651,59636.94,25419.38,9826.92,24390.64,49801.38,23369.11,11973.28,14458.99,4714305,3044612,123595.0,79433.0,71371,24784.0,35194
554,2024,Q2,Bihar,East,Muzaffarpur,Semi-Urban,766949,16,31,12,20,260395,198371,144305,68959,36385.25,17776.75,4214.75,14393.75,25301.47,11484.1,6286.88,7530.49,3172406,2030708,84938.0,41741.0,42419,15076.0,30353
555,2024,Q3,Bihar,East,Muzaffarpur,Rural,766949,10,20,5,13,251303,177622,122028,66681,43617.55,21420.63,7194.38,15002.54,32853.98,13419.73,7191.95,12242.3,3078058,1793676,71713.0,55889.0,72777,6326.0,33493
556,2024,Q4,Bihar,East,Muzaffarpur,Semi-Urban,766949,14,23,8,12,345625,284988,174494,93284,51798.15,28509.76,5817.91,17470.47,45279.21,22264.88,7640.55,15373.79,4533246,2425838,65302.0,43797.0,50380,10252.0,39836
557,2025,Q1,Bihar,East,Muzaffarpur,Rural,775833,13,20,13,15,219401,142803,100200,91588,38159.1,18264.2,3217.63,16677.26,33256.6,11754.03,9733.25,11769.32,2040528,1579699,45105.0,17424.0,72104,7250.0,37282
558,2025,Q2,Bihar,East,Muzaffarpur,Rural,775833,13,26,12,11,357006,285193,196142,119030,49603.25,25453.38,8268.24,15881.63,42886.3,20802.9,10157.68,11925.72,2626445,1407255,63002.0,36505.0,39013,14368.0,22753
559,2025,Q3,Bihar,East,Muzaffarpur,Rural,775833,15,28,13,21,285307,228106,162828,113073,37909.71,16996.11,5157.7,15755.9,33126.96,15028.48,9602.49,8495.99,3141604,1547807,74341.0,72941.0,54467,11049.0,25164
560,2025,Q4,Bihar,East,Muzaffarpur,Semi-Urban,775833,23,40,22,22,312643,279097,141417,108264,48274.12,27340.11,7117.73,13816.27,32982.42,17232.52,6113.25,9636.64,4106113,2977303,100894.0,86550.0,57577,20937.0,46030
561,2021,Q1,Bihar,East,Bhagalpur,Urban,1427042,18,39,13,14,860203,676984,374082,234947,182168.34,100113.84,16905.54,65148.95,145591.09,57203.91,43216.45,45170.73,7772333,5652513,158105.0,128916.0,115552,37633.0,76178
562,2021,Q2,Bihar,East,Bhagalpur,Semi-Urban,1427042,18,28,17,27,478743,302930,214909,114147,67891.77,34672.59,6764.95,26454.23,52011.05,25327.87,15111.42,11571.76,5157595,3251705,78206.0,78297.0,80924,16055.0,62369
563,2021,Q3,Bihar,East,Bhagalpur,Rural,1427042,17,26,11,22,585217,420737,317024,157730,78026.68,37026.05,13691.08,27309.55,60853.45,27861.14,14085.88,18906.44,6240590,4726442,109987.0,81806.0,119854,23420.0,73178
564,2021,Q4,Bihar,East,Bhagalpur,Rural,1427042,8,13,6,9,482977,386371,251474,136592,78485.24,39798.31,12591.24,26095.69,57075.49,30340.9,9599.54,17135.05,5841821,4264658,144101.0,89773.0,112095,31158.0,62421
565,2022,Q1,Bihar,East,Bhagalpur,Rural,1444166,16,37,10,16,548512,473382,310386,159379,45551.71,22005.8,8137.75,15408.15,31533.18,12964.7,6658.32,11910.16,3660824,2104798,152997.0,134586.0,134277,17911.0,97318
566,2022,Q2,Bihar,East,Bhagalpur,Rural,1444166,20,40,12,19,539431,369443,263444,143569,91270.96,39582.22,9278.75,42409.98,75632.55,36024.59,12934.62,26673.34,3395203,2587802,127993.0,59831.0,116533,32264.0,62741
567,2022,Q3,Bihar,East,Bhagalpur,Rural,1444166,9,18,6,8,657048,518340,268822,244789,66180.88,34642.85,7094.12,24443.9,44788.26,22252.15,13047.16,9488.95,5724958,3432629,185360.0,63234.0,79935,30758.0,54682
568,2022,Q4,Bihar,East,Bhagalpur,Rural,1444166,12,21,9,11,718352,532155,397938,293279,119717.74,68435.39,11118.7,40163.66,67203.94,29090.83,12583.85,25529.25,5489928,3763008,142559.0,94491.0,66730,37466.0,54383
569,2023,Q1,Bihar,East,Bhagalpur,Rural,1461291,14,23,10,20,671563,529424,274457,274876,63939.69,30696.25,7975.14,25268.3,51839.41,26460.33,13517.21,11861.86,7897933,4844493,119519.0,123339.0,133994,44451.0,91935
570,2023,Q2,Bihar,East,Bhagalpur,Rural,1461291,14,29,14,14,657738,465471,324936,234265,113359.19,51866.32,12042.94,49449.94,88684.7,34182.52,19953.87,34548.31,6734113,4742421,104828.0,68980.0,61256,23932.0,29806
571,2023,Q3,Bihar,East,Bhagalpur,Rural,1461291,14,29,12,13,627976,552467,282278,181557,88661.56,46481.06,14471.89,27708.62,62202.74,30224.4,15629.31,16349.03,9576294,7293953,127096.0,86562.0,119572,44625.0,67351
572,2023,Q4,Bihar,East,Bhagalpur,Rural,1461291,11,20,6,15,742458,631629,364543,209379,72961.0,38429.66,9098.69,25432.65,62618.03,32614.23,10916.58,19087.22,6386248,4580912,160557.0,161221.0,102993,27093.0,64588
573,2024,Q1,Bihar,East,Bhagalpur,Rural,1478415,15,32,8,18,593580,457304,318855,199877,103991.02,57086.62,10183.97,36720.43,85098.85,45791.07,17615.22,21692.56,3528879,2216927,163609.0,115087.0,83730,40733.0,64838
574,2024,Q2,Bihar,East,Bhagalpur,Semi-Urban,1478415,19,39,18,19,670716,519829,380702,249533,102160.34,48969.79,15635.3,37555.25,70033.28,28428.77,17183.46,24421.05,6872403,4729723,207197.0,110130.0,119844,46801.0,69651
575,2024,Q3,Bihar,East,Bhagalpur,Urban,1478415,25,52,16,19,992134,757092,516348,317618,109885.83,58996.07,11832.29,39057.47,86353.05,36854.79,23136.21,26362.05,11342281,7350584,194671.0,121888.0,69829,69589.0,38552
576,2024,Q4,Bihar,East,Bhagalpur,Rural,1478415,17,29,12,19,547912,457696,251374,204479,54604.87,23004.45,8510.92,23089.5,41310.91,21215.83,9244.78,10850.3,3415385,1899323,195863.0,114202.0,95555,30647.0,45318
577,2025,Q1,Bihar,East,Bhagalpur,Semi-Urban,1495540,22,39,19,15,553083,456560,245778,161977,55899.85,23942.96,6151.01,25805.87,40468.74,17932.77,12138.75,10397.22,5610488,3013342,146591.0,90124.0,130976,,68248
578,2025,Q2,Bihar,East,Bhagalpur,Semi-Urban,1495540,25,39,27,36,761203,495667,322030,212133,80789.01,46141.0,10051.55,24596.46,62071.51,30273.31,17505.49,14292.71,7748309,5613340,113405.0,99562.0,135555,45778.0,73295
579,2025,Q3,Bihar,East,Bhagalpur,Rural,1495540,15,29,13,23,677662,480954,284446,270708,63860.54,28932.52,8358.33,26569.69,37740.42,20290.14,11143.82,6306.45,8623706,6719802,227581.0,61477.0,136910,39675.0,97131
580,2025,Q4,Bihar,East,Bhagalpur,Rural,1495540,14,31,8,13,798361,589391,324319,338147,150764.77,84182.31,17947.39,48635.06,101894.61,41016.61,16940.94,43937.06,10725842,7277657,170736.0,77066.0,131902,48591.0,65763
581,2021,Q1,Bihar,East,Darbhanga,Rural,491410,19,40,19,14,200691,158046,101113,45568,25638.38,13795.13,2861.63,8981.61,18195.25,9330.72,5341.13,3523.4,2685397,1607944,44234.0,26963.0,38379,11161.0,21325
582,2021,Q2,Bihar,East,Darbhanga,Semi-Urban,491410,21,43,18,16,386946,283289,196433,157103,52430.03,30173.06,6076.3,16180.67,35848.45,19039.66,6536.97,10271.83,4543249,3506365,64429.0,85490.0,18916,12695.0,9249
583,2021,Q3,Bihar,East,Darbhanga,Semi-Urban,491410,18,28,16,21,252463,220777,105981,94960,48004.94,22058.07,5324.94,20621.93,40434.4,16564.01,10693.55,13176.84,2926250,2130212,105408.0,70640.0,46396,11041.0,25211
584,2021,Q4,Bihar,East,Darbhanga,Rural,491410,23,38,23,28,319361,268597,164390,111123,27874.91,13571.03,3790.39,10513.49,15533.15,8344.63,4448.44,2740.07,4200991,2350069,97031.0,63244.0,23742,18746.0,11601
585,2022,Q1,Bihar,East,Darbhanga,Rural,497306,11,18,8,11,256092,207155,146906,64093,45793.21,23566.08,6167.14,16059.98,33602.73,16622.32,7172.05,9808.37,1912584,1021461,62760.0,60192.0,17871,9098.0,11470
586,2022,Q2,Bihar,East,Darbhanga,Rural,497306,18,31,10,24,296695,266845,166150,122972,53451.65,23549.05,7602.5,22300.1,30385.42,16014.93,6911.31,7459.17,3436091,1959874,107096.0,34809.0,25908,13197.0,11664
587,2022,Q3,Bihar,East,Darbhanga,Rural,497306,23,43,17,36,279292,210120,133833,108903,32513.62,17587.91,2838.39,12087.33,27165.32,11845.18,6557.19,8762.95,3634500,2812257,87608.0,36394.0,32154,20066.0,14482
588,2022,Q4,Bihar,East,Darbhanga,Urban,497306,30,53,21,27,336155,228509,188641,137418,27904.71,15568.68,3345.6,8990.43,16906.34,7643.93,3691.22,5571.19,3377553,1722209,63292.0,60360.0,45017,17790.0,24425
589,2023,Q1,Bihar,East,Darbhanga,Rural,503203,18,29,14,15,287333,241321,140765,104247,57182.09,27348.21,7144.79,22689.09,47688.34,17937.69,9804.87,19945.78,3641659,2095636,89311.0,61603.0,22015,20901.0,10529
590,2023,Q2,Bihar,East,Darbhanga,Rural,503203,16,31,16,22,333010,219669,151567,92992,61291.18,26005.58,9242.49,26043.11,41571.99,18966.36,11853.43,10752.2,2173650,1263830,62990.0,36916.0,20853,19934.0,10984
591,2023,Q3,Bihar,East,Darbhanga,Urban,503203,28,50,27,30,438974,368632,248414,166321,38300.93,21835.04,6870.0,9595.9,22648.81,10705.06,4256.26,7687.48,6741164,4438764,106259.0,99205.0,43293,11169.0,20068
592,2023,Q4,Bihar,East,Darbhanga,Semi-Urban,503203,23,42,23,22,337830,259390,146823,138775,44789.75,24901.33,4980.52,14907.9,36717.01,13748.85,6814.32,16153.83,3097869,2080333,121191.0,74831.0,46082,12024.0,21743
593,2024,Q1,Bihar,East,Darbhanga,Rural,509100,19,43,10,27,277499,215506,142732,86192,23296.29,12596.26,2378.63,8321.4,13029.0,7112.83,3872.93,2043.24,3167919,2310374,68599.0,26960.0,21637,8816.0,16319
594,2024,Q2,Bihar,East,Darbhanga,Urban,509100,29,63,19,31,400625,266368,169112,111937,56226.03,30940.46,8731.96,16553.61,47878.31,24732.99,9362.26,13783.05,1906391,1432024,81545.0,58623.0,19173,16474.0,12665
595,2024,Q3,Bihar,East,Darbhanga,Rural,509100,22,38,14,33,253401,177044,117220,63168,36465.6,19901.47,5511.61,11052.52,21832.68,9632.87,3611.17,8588.64,1783902,1221987,39768.0,36829.0,39941,17679.0,29214
596,2024,Q4,Bihar,East,Darbhanga,Rural,509100,27,49,18,28,244614,158352,118441,90820,39854.78,20069.46,5246.2,14539.12,31015.72,11152.79,8045.03,11817.9,1265553,648669,58807.0,25276.0,33845,15391.0,19421
597,2025,Q1,Bihar,East,Darbhanga,Rural,514997,19,40,16,20,353932,292276,138873,133210,28631.52,12989.47,4284.54,11357.51,18674.26,9796.54,3868.71,5009.01,4894935,3496446,111392.0,51787.0,25542,25638.0,14869
598,2025,Q2,Bihar,East,Darbhanga,Semi-Urban,514997,23,49,12,35,325473,219088,179056,119646,26293.02,14051.8,2300.07,9941.15,22419.21,11171.67,4640.08,6607.46,2403540,1718628,68873.0,48484.0,48144,17649.0,29610
599,2025,Q3,Bihar,East,Darbhanga,Rural,514997,25,52,14,37,273903,226892,145705,97678,35067.26,14953.79,5477.14,14636.32,20439.45,8775.68,3566.82,8096.95,3412120,2336533,99296.0,52198.0,44030,8663.0,30561
600,2025,Q4,Bihar,East,Darbhanga,Rural,514997,25,39,16,23,239104,171992,92160,80379,23566.79,13331.16,3070.32,7165.31,15053.87,7070.69,2833.65,5149.53,3184402,2220748,41165.0,21358.0,42743,17704.0,33967
601,2021,Q1,West Bengal,East,Kolkata,Semi-Urban,1048780,16,36,8,25,445168,378144,193730,130722,46603.37,22169.0,6791.94,17642.42,25872.5,9388.48,4500.59,11983.43,6214629,3439444,124386.0,106999.0,72850,28231.0,40567
602,2021,Q2,West Bengal,East,Kolkata,Rural,1048780,14,27,8,10,373333,296993,147363,97005,40878.62,18422.84,6995.43,15460.34,22743.58,10932.53,4862.97,6948.08,2809104,2062339,117279.0,70606.0,67663,24687.0,40612
603,2021,Q3,West Bengal,East,Kolkata,Urban,1048780,15,32,15,23,634912,535635,268014,212422,60810.71,34602.35,5753.24,20455.12,46136.62,21619.2,8161.72,16355.7,4997867,3599399,163237.0,124586.0,97881,22690.0,50815
604,2021,Q4,West Bengal,East,Kolkata,Rural,1048780,21,45,14,15,493977,438576,226367,152257,101237.4,54168.84,13795.64,33272.92,88240.65,43041.43,25175.46,20023.75,4739336,2706367,176236.0,117109.0,85978,19677.0,56592
605,2022,Q1,West Bengal,East,Kolkata,Rural,1061365,17,28,14,16,420910,302393,165276,179750,34531.56,16554.31,4993.3,12983.96,23051.96,11174.44,6041.76,5835.76,4215754,2377669,120819.0,43179.0,38981,19253.0,23794
606,2022,Q2,West Bengal,East,Kolkata,Rural,1061365,19,40,13,18,364424,296025,179867,106914,60449.63,29927.35,7926.91,22595.37,45941.41,22143.78,9209.14,14588.48,4154207,3081848,75958.0,44796.0,63225,12199.0,46150
607,2022,Q3,West Bengal,East,Kolkata,Semi-Urban,1061365,21,47,11,16,467709,383301,184238,151648,61204.59,34229.57,5939.5,21035.52,40781.4,20587.85,6698.72,13494.83,6812253,5060747,151391.0,108581.0,57486,25405.0,27512
608,2022,Q4,West Bengal,East,Kolkata,Rural,1061365,20,32,14,29,461488,358729,215365,146002,88125.56,45858.07,10751.87,31515.62,50247.28,22504.06,13761.12,13982.1,3304376,2343860,88131.0,48040.0,83253,24574.0,51886
609,2023,Q1,West Bengal,East,Kolkata,Urban,1073950,26,57,23,28,851568,748768,327650,196564,160925.9,90076.52,19130.79,51718.59,94834.12,34717.69,17251.38,42865.04,10798842,8379032,213378.0,163009.0,66037,43352.0,42466
610,2023,Q2,West Bengal,East,Kolkata,Rural,1073950,18,35,9,12,387261,251113,201754,101862,78661.28,45320.14,13679.84,19661.3,50321.44,22743.05,9287.51,18290.89,4109257,2506688,107881.0,74752.0,86474,11570.0,40200
611,2023,Q3,West Bengal,East,Kolkata,Semi-Urban,1073950,25,55,26,24,761051,504170,301675,236412,136587.04,75489.73,20893.54,40203.77,84562.59,45644.88,14249.59,24668.12,6492034,3938753,228667.0,91198.0,48660,32654.0,25370
612,2023,Q4,West Bengal,East,Kolkata,Rural,1073950,17,28,13,24,538670,468695,273272,196486,85429.79,45302.92,7429.9,32696.97,71227.17,36009.78,13841.73,21375.66,4664965,2330342,196705.0,57428.0,87863,33825.0,65989
613,2024,Q1,West Bengal,East,Kolkata,Rural,1086536,22,36,19,17,414893,312506,211891,103985,38963.74,17852.88,3999.84,17111.02,26510.9,12745.32,5867.51,7898.06,2570036,1271274,131800.0,82455.0,95263,12028.0,48096
614,2024,Q2,West Bengal,East,Kolkata,Rural,1086536,17,34,14,26,610874,449014,277530,172473,54284.97,23948.65,4962.27,25374.05,34165.28,14053.33,10065.81,10046.14,4982769,3075803,166316.0,142570.0,59188,20857.0,29769
615,2024,Q3,West Bengal,East,Kolkata,Urban,1086536,25,42,18,20,760842,529602,342668,182454,107263.74,50694.27,17982.01,38587.46,88841.8,48011.15,24041.95,16788.7,4272328,2643926,207336.0,154282.0,102520,48298.0,82627
616,2024,Q4,West Bengal,East,Kolkata,Semi-Urban,1086536,18,40,16,24,664707,584135,362270,264032,103109.38,43893.74,17896.23,41319.4,76653.54,31399.48,13865.01,31389.05,9881906,6655708,254493.0,167824.0,61890,26723.0,28046
617,2025,Q1,West Bengal,East,Kolkata,Semi-Urban,1099121,21,41,17,32,474513,396953,185254,108194,56889.62,31076.7,7563.83,18249.09,31834.45,11399.92,7824.07,12610.46,5096233,3669027,170526.0,82391.0,78730,17195.0,53286
618,2025,Q2,West Bengal,East,Kolkata,Semi-Urban,1099121,19,40,16,29,539774,478404,263230,194918,46651.34,25336.37,7029.94,14285.02,26276.18,12069.15,4528.93,9678.1,3459763,2551903,229118.0,143262.0,99103,23036.0,70979
619,2025,Q3,West Bengal,East,Kolkata,Rural,1099121,14,25,10,11,635482,456044,292340,259118,88675.59,50814.63,14957.15,22903.81,53730.67,23890.97,15903.28,13936.42,4295794,2209313,144481.0,88616.0,87290,40354.0,70577
620,2025,Q4,West Bengal,East,Kolkata,Semi-Urban,1099121,26,45,14,41,623067,440727,349659,213631,68544.48,39682.99,6077.69,22783.8,57203.32,24488.92,13349.55,19364.85,4617422,2511209,201787.0,138686.0,43779,33078.0,19920
621,2021,Q1,West Bengal,East,Howrah,Urban,1059122,20,32,13,17,524836,360008,225095,183437,62795.74,35897.96,9033.03,17864.75,50113.93,25072.81,10338.42,14702.7,3564298,2448184,80601.0,47164.0,94686,38281.0,43514
622,2021,Q2,West Bengal,East,Howrah,Urban,1059122,21,37,21,18,446887,324412,246585,119038,45644.61,26023.54,3708.84,15912.22,36061.7,14851.71,7661.62,13548.37,4108584,2689924,110938.0,66620.0,66656,,47717
623,2021,Q3,West Bengal,East,Howrah,Rural,1059122,15,32,13,18,344312,275669,153897,142237,52344.0,25945.26,8618.86,17779.87,34583.84,15738.7,8824.2,10020.95,3752730,2828282,114727.0,42667.0,98605,19903.0,80259
624,2021,Q4,West Bengal,East,Howrah,Rural,1059122,11,20,9,8,391542,293011,215240,148518,57772.68,25993.41,6630.95,25148.33,44735.43,18010.82,9831.24,16893.36,5193607,3582608,93927.0,80026.0,58777,18268.0,29567
625,2022,Q1,West Bengal,East,Howrah,Rural,1071831,13,22,8,10,424886,381255,236167,97543,58392.97,25783.3,9621.09,22988.58,43537.28,23347.29,12305.62,7884.38,3491499,1798212,150988.0,95910.0,64227,14585.0,31335
626,2022,Q2,West Bengal,East,Howrah,Rural,1071831,13,29,7,12,387876,295933,161478,163872,57956.12,24423.38,7451.51,26081.23,47896.75,18867.92,10018.52,19010.32,2288500,1715153,66688.0,93332.0,57642,21091.0,40427
627,2022,Q3,West Bengal,East,Howrah,Rural,1071831,8,12,8,5,449392,318143,188037,161820,64444.23,32355.75,6742.39,25346.08,53812.21,22211.73,10456.86,21143.61,3259875,1931862,132181.0,39296.0,94250,32590.0,67397
628,2022,Q4,West Bengal,East,Howrah,Rural,1071831,12,24,9,11,529094,345132,237710,216298,80966.0,34304.97,10659.28,36001.76,57469.95,25206.22,11627.79,20635.94,4532918,2726404,164464.0,60190.0,48462,18587.0,38273
629,2023,Q1,West Bengal,East,Howrah,Urban,1084540,21,36,18,16,731915,464341,359361,280864,65110.99,27783.64,9654.35,27673.0,42417.1,19591.57,12325.67,10499.86,6567298,4702529,139080.0,60236.0,100289,24072.0,59681
630,2023,Q2,West Bengal,East,Howrah,Semi-Urban,1084540,16,35,14,15,452907,296527,255607,116087,68073.26,32616.41,7845.57,27611.28,52459.58,22434.84,10267.19,19757.55,5228145,3506961,96007.0,83481.0,88852,23388.0,60524
631,2023,Q3,West Bengal,East,Howrah,Urban,1084540,19,43,18,20,803498,575907,365128,279652,91834.05,40816.2,8338.76,42679.09,66718.33,30763.74,11671.15,24283.44,5137796,2946180,271071.0,135140.0,90032,41108.0,46781
632,2023,Q4,West Bengal,East,Howrah,Rural,1084540,14,26,10,18,542519,373993,298953,224221,111165.29,61667.54,15490.73,34007.02,76175.93,34152.53,21494.24,20529.16,3389106,2467602,111585.0,56791.0,87510,27062.0,48279
633,2024,Q1,West Bengal,East,Howrah,Semi-Urban,1097250,17,31,18,19,532462,436332,253935,142252,82504.78,40063.15,12207.75,30233.89,72006.15,37154.06,18164.62,16687.48,7507584,5786023,179489.0,134083.0,79592,23553.0,39737
634,2024,Q2,West Bengal,East,Howrah,Rural,1097250,13,29,13,15,442067,312319,208170,163579,52835.61,26763.22,5417.43,20654.96,46047.02,19711.25,13231.75,13104.01,4305602,3073397,87025.0,49296.0,75716,16130.0,35133
635,2024,Q3,West Bengal,East,Howrah,Semi-Urban,1097250,17,35,10,13,419837,377392,192039,172224,49501.3,22525.6,6426.88,20548.82,40696.17,20887.99,11036.77,8771.4,4782881,2991507,163852.0,61248.0,97029,16728.0,77104
636,2024,Q4,West Bengal,East,Howrah,Rural,1097250,12,25,8,12,510141,389527,288812,191198,80161.65,42204.23,11601.96,26355.46,50606.25,21708.63,12938.12,15959.5,3869001,2546223,176013.0,71326.0,42827,30979.0,30414
637,2025,Q1,West Bengal,East,Howrah,Rural,1109959,14,28,9,15,523316,355657,239738,150084,47765.09,21840.28,8232.76,17692.05,37952.04,15682.55,10128.16,12141.32,3399585,1748395,80291.0,80131.0,97704,18298.0,73696
638,2025,Q2,West Bengal,East,Howrah,Rural,1109959,17,26,16,21,412308,288134,162753,172220,52739.73,29480.91,5689.74,17569.08,32550.37,13221.55,7780.84,11547.98,4855973,2604993,68937.0,62338.0,60904,18473.0,40616
639,2025,Q3,West Bengal,East,Howrah,Urban,1109959,20,36,13,25,518523,363868,253575,144273,70174.42,40058.99,7655.38,22460.06,59970.38,24897.73,16159.47,18913.17,3958048,2504445,103341.0,92405.0,83722,28230.0,55526
640,2025,Q4,West Bengal,East,Howrah,Rural,1109959,15,26,12,10,413768,283088,177908,137568,66244.02,31914.05,11437.55,22892.42,50686.28,26992.07,14024.19,9670.02,2896371,1583496,112887.0,54132.0,102261,30175.0,73442
641,2021,Q1,West Bengal,East,Siliguri,Rural,668400,11,19,9,9,350108,249656,174447,129639,69756.08,36086.87,8289.76,25379.44,49949.37,25161.84,14128.5,10659.03,3801396,2316933,61660.0,49175.0,36717,15953.0,24712
642,2021,Q2,West Bengal,East,Siliguri,Urban,668400,19,36,12,16,352007,273322,172101,92612,60039.15,27705.41,6869.08,25464.66,52645.67,22366.67,14030.72,16248.29,4225354,2874621,92303.0,76166.0,57674,25330.0,38329
643,2021,Q3,West Bengal,East,Siliguri,Rural,668400,21,43,13,15,351052,242331,168481,132282,47703.01,21451.7,4862.5,21388.81,30295.95,14029.47,6984.89,9281.59,2217892,1719563,66113.0,32353.0,42184,24000.0,32230
644,2021,Q4,West Bengal,East,Siliguri,Rural,668400,16,33,10,21,290465,247760,115240,111061,27411.25,12846.9,3986.67,10577.67,19485.99,8247.65,4878.55,6359.79,4492836,2977512,115544.0,31776.0,55770,12836.0,34832
645,2022,Q1,West Bengal,East,Siliguri,Urban,676420,28,43,17,35,523849,410240,214077,164245,63117.24,35298.49,9946.4,17872.36,36463.88,19255.18,8242.56,8966.13,5780427,3184424,169594.0,60718.0,41466,13537.0,20985
646,2022,Q2,West Bengal,East,Siliguri,Rural,676420,10,17,6,13,243173,192828,99249,101763,44764.37,23201.7,3706.51,17856.15,38385.01,17449.73,6373.88,14561.4,2183273,1486760,59593.0,26103.0,42745,10744.0,21119
647,2022,Q3,West Bengal,East,Siliguri,Rural,676420,18,32,12,22,324865,237814,161968,104985,37445.73,19738.38,3095.61,14611.73,26351.97,9527.2,4904.02,11920.75,4093299,2050674,86976.0,69736.0,40684,17591.0,20521
648,2022,Q4,West Bengal,East,Siliguri,Semi-Urban,676420,19,40,19,13,355285,302565,182657,144892,29987.01,15324.79,2505.94,12156.29,21574.52,10181.11,4029.71,7363.71,3897154,2873777,88066.0,75057.0,37570,13619.0,30597
649,2023,Q1,West Bengal,East,Siliguri,Urban,684441,23,50,21,36,541596,399216,281513,232824,93760.72,53456.59,8566.46,31737.67,73375.16,38166.91,21543.9,13664.35,5667422,3141113,109725.0,88141.0,48614,20515.0,27874
650,2023,Q2,West Bengal,East,Siliguri,Rural,684441,15,29,11,17,299214,198830,116534,78141,46925.51,20979.44,4263.44,21682.63,37412.11,15377.56,10969.6,11064.95,2025077,1290195,80669.0,36853.0,27205,9240.0,14012
651,2023,Q3,West Bengal,East,Siliguri,Semi-Urban,684441,21,43,16,24,357280,276713,205732,84112,38044.34,17491.57,4484.31,16068.46,31195.46,16613.82,5874.42,8707.22,3631112,2215787,99939.0,68453.0,31839,17653.0,19054
652,2023,Q4,West Bengal,East,Siliguri,Semi-Urban,684441,23,49,14,17,524640,403942,289370,121827,75139.95,41906.48,6744.64,26488.84,47289.11,20396.15,13298.54,13594.41,7515016,3620603,187473.0,128673.0,25914,16988.0,15006
653,2024,Q1,West Bengal,East,Siliguri,Semi-Urban,692462,24,46,14,26,387122,302630,181069,86576,78509.81,38923.66,13775.47,25810.68,47218.46,18313.56,12896.4,16008.49,2961879,1451191,87101.0,84689.0,45716,13485.0,33391
654,2024,Q2,West Bengal,East,Siliguri,Semi-Urban,692462,23,52,22,19,488800,390886,251140,192966,71998.97,37573.57,7905.18,26520.22,43937.88,20796.57,8468.53,14672.78,5351820,3150320,94116.0,46949.0,55492,21389.0,34950
655,2024,Q3,West Bengal,East,Siliguri,Rural,692462,15,34,15,21,435264,324602,212098,163589,76185.08,40729.53,13697.2,21758.35,50663.61,26172.8,13054.43,11436.38,5229620,3922804,129763.0,60105.0,33316,24494.0,19826
656,2024,Q4,West Bengal,East,Siliguri,Urban,692462,33,63,22,34,559267,358660,280036,232407,94516.19,54719.43,14165.4,25631.37,57045.5,20107.58,10495.21,26442.71,3636273,2571542,157066.0,44591.0,48587,35869.0,35277
657,2025,Q1,West Bengal,East,Siliguri,Rural,700483,17,33,15,14,438956,332150,171863,182967,68074.61,34311.52,11128.41,22634.68,38185.36,15414.5,8620.38,14150.49,3688091,2071970,79688.0,86751.0,24658,26772.0,18703
658,2025,Q2,West Bengal,East,Siliguri,Rural,700483,19,38,12,23,267080,202131,135901,110256,34653.38,17868.32,5984.68,10800.38,23615.05,9772.36,6711.4,7131.3,1598138,1171328,47056.0,29769.0,24962,18183.0,15400
659,2025,Q3,West Bengal,East,Siliguri,Rural,700483,15,30,13,17,280575,225502,153869,104168,47949.25,26958.13,5380.83,15610.29,26584.19,13788.65,7758.73,5036.82,2269060,1406766,88046.0,37498.0,62251,9113.0,47037
660,2025,Q4,West Bengal,East,Siliguri,Rural,700483,18,39,19,19,353272,298381,171653,128497,51165.05,28405.12,5094.89,17665.04,43881.87,17557.76,11529.67,14794.44,3292521,2319145,87727.0,54769.0,47919,24427.0,27013
661,2021,Q1,West Bengal,East,Durgapur,Rural,531234,15,24,11,21,236250,175938,94114,82692,21059.95,11082.57,3605.59,6371.78,14783.99,5295.61,4187.44,5300.94,1950063,1149792,41769.0,51638.0,35894,17211.0,28088
662,2021,Q2,West Bengal,East,Durgapur,Rural,531234,14,29,12,18,265078,166908,117999,111719,47333.61,21405.7,8490.56,17437.35,33731.46,15670.73,6182.94,11877.79,1516546,831729,75530.0,27748.0,47905,15942.0,35180
663,2021,Q3,West Bengal,East,Durgapur,Rural,531234,20,45,19,24,181279,145523,87976,46892,32975.86,15894.26,4855.37,12226.23,23455.85,8628.38,5025.22,9802.25,1061049,567018,35589.0,23014.0,29125,9410.0,23012
664,2021,Q4,West Bengal,East,Durgapur,Rural,531234,11,23,8,15,254797,190777,106697,72297,38757.97,21793.68,4010.83,12953.46,22251.49,10410.8,6320.47,5520.22,1930333,1249970,60062.0,47606.0,43671,17415.0,21350
665,2022,Q1,West Bengal,East,Durgapur,Rural,537608,14,29,11,13,267702,187716,154807,104788,40750.45,23011.36,6479.55,11259.55,25492.6,10922.29,5037.55,9532.75,3170115,2271806,89343.0,54595.0,33536,9442.0,17673
666,2022,Q2,West Bengal,East,Durgapur,Rural,537608,16,31,16,25,208462,169948,104110,67265,32549.2,18589.42,4900.12,9059.67,26003.11,10361.84,4774.21,10867.07,2944647,1790931,54813.0,46452.0,43787,10114.0,24487
667,2022,Q3,West Bengal,East,Durgapur,Semi-Urban,537608,18,32,14,15,360719,283371,145817,93298,73791.14,39663.09,6438.27,27689.78,62386.62,27371.95,15743.91,19270.76,3591498,1777374,133048.0,39672.0,34929,13567.0,27492
668,2022,Q4,West Bengal,East,Durgapur,Rural,537608,18,37,18,28,249130,186252,98443,55475,35075.7,16866.52,2818.71,15390.47,26412.88,11491.8,4695.76,10225.32,2808173,1737418,55327.0,43570.0,44749,7628.0,21536
669,2023,Q1,West Bengal,East,Durgapur,Rural,543983,21,34,18,23,299006,245451,152939,101600,65463.04,33130.74,8216.81,24115.49,45987.65,20035.37,10779.31,15172.97,2980923,2183831,71458.0,74950.0,34552,18213.0,19855
670,2023,Q2,West Bengal,East,Durgapur,Semi-Urban,543983,21,40,15,31,236434,178824,99036,94767,26081.69,11645.22,3142.62,11293.85,22085.66,8463.51,5584.3,8037.85,2315196,1512267,48849.0,36328.0,38704,13478.0,21308
671,2023,Q3,West Bengal,East,Durgapur,Rural,543983,15,25,8,23,290662,209566,138466,81767,45635.65,22433.53,7637.56,15564.57,32885.89,12458.84,8126.79,12300.26,2441477,1466985,71290.0,64364.0,40279,14925.0,23706
672,2023,Q4,West Bengal,East,Durgapur,Urban,543983,27,48,18,39,283827,191966,141371,72124,56461.77,29110.46,5422.44,21928.87,36445.78,17236.12,8635.37,10574.29,2887226,1637902,81381.0,33372.0,38190,15681.0,18907
673,2024,Q1,West Bengal,East,Durgapur,Rural,550358,16,33,9,24,241474,213162,96946,101293,21472.28,12240.89,2217.46,7013.93,12056.24,6132.07,2934.77,2989.39,2963342,1574977,75378.0,27043.0,50012,14316.0,35588
674,2024,Q2,West Bengal,East,Durgapur,Rural,550358,15,33,12,22,221662,184318,109703,51019,26549.45,12676.5,3141.73,10731.21,18763.19,8819.79,4501.98,5441.42,3214694,1879324,42418.0,49791.0,25198,11526.0,17911
675,2024,Q3,West Bengal,East,Durgapur,Semi-Urban,550358,18,39,14,16,247871,182601,124826,89166,45880.84,26506.45,6674.18,12700.21,32111.8,16943.43,8260.03,6908.34,2695693,1859087,56728.0,54199.0,48862,11754.0,33864
676,2024,Q4,West Bengal,East,Durgapur,Semi-Urban,550358,22,42,13,30,248544,204058,139725,72789,20980.97,10699.56,3656.27,6625.14,15086.44,5620.41,3739.77,5726.25,3230820,1865626,83773.0,40537.0,45319,10452.0,24687
677,2025,Q1,West Bengal,East,Durgapur,Urban,556733,19,43,17,17,402872,347960,209183,109339,64868.58,35764.32,6345.01,22759.26,50654.54,18006.38,13041.75,19606.41,3554693,2327831,163441.0,53891.0,43950,17008.0,30579
678,2025,Q2,West Bengal,East,Durgapur,Urban,556733,26,55,24,27,471303,328804,198444,139735,79181.58,34929.58,12778.34,31473.66,64788.88,30281.28,17265.64,17241.97,5422241,3412999,87885.0,50608.0,27700,28012.0,21605
679,2025,Q3,West Bengal,East,Durgapur,Semi-Urban,556733,21,45,12,18,321027,253350,143766,90742,23829.73,11071.08,3170.56,9588.09,17481.55,7845.82,3800.2,5835.54,2224957,1144913,72355.0,50705.0,29504,24002.0,16840
680,2025,Q4,West Bengal,East,Durgapur,Urban,556733,20,37,15,28,323723,217233,186065,105612,24208.81,13681.82,4051.02,6475.98,16976.95,6496.14,4689.71,5791.11,3340538,1957620,66124.0,44274.0,40485,22422.0,30162
681,2021,Q1,West Bengal,East,Malda,Rural,1769546,12,22,7,10,575216,447160,286764,185279,101334.06,49493.62,9367.73,42472.7,73462.9,31316.78,13172.58,28973.55,6084103,3814967,212522.0,86727.0,77098,15977.0,52544
682,2021,Q2,West Bengal,East,Malda,Rural,1769546,6,10,6,6,482086,344766,239547,139322,37773.66,16505.01,5360.69,15907.96,28498.86,10189.82,5719.53,12589.51,3536160,2002612,112931.0,79314.0,166303,13061.0,135694
683,2021,Q3,West Bengal,East,Malda,Rural,1769546,13,21,8,12,821823,596999,405322,302349,143929.43,68209.38,13122.45,62597.6,92541.79,36281.85,16572.28,39687.67,10534238,5215765,135142.0,183365.0,80310,26277.0,44495
684,2021,Q4,West Bengal,East,Malda,Rural,1769546,8,18,4,7,529200,473373,298300,196064,64761.93,29495.07,8050.17,27216.7,52037.09,20968.13,10590.11,20478.84,6737039,4016213,177981.0,79311.0,65583,23885.0,51825
685,2022,Q1,West Bengal,East,Malda,Rural,1790780,11,22,11,11,561754,498754,297176,190493,61025.99,32619.55,8066.35,20340.09,44048.43,16066.31,10206.34,17775.78,3995037,2674076,216416.0,154294.0,123744,39050.0,90080
686,2022,Q2,West Bengal,East,Malda,Urban,1790780,19,44,12,25,1002691,681918,420101,237665,171136.37,95342.64,24101.4,51692.33,132168.45,53968.97,29608.54,48590.94,11018181,7344998,223125.0,113974.0,66699,66173.0,32631
687,2022,Q3,West Bengal,East,Malda,Rural,1790780,13,26,11,16,562975,389356,241783,237358,46842.6,26203.78,7351.79,13287.03,38476.79,20949.02,8242.37,9285.4,3469052,2250042,117005.0,49110.0,79617,34800.0,36924
688,2022,Q4,West Bengal,East,Malda,Rural,1790780,14,29,9,18,885529,746663,397042,362291,75719.94,32084.93,7379.33,36255.68,66323.34,28000.19,18230.29,20092.86,13945443,8515936,237276.0,215043.0,122777,49972.0,97716
689,2023,Q1,West Bengal,East,Malda,Rural,1812015,8,13,4,10,808507,580823,396599,286897,111014.37,53069.4,10268.95,47676.02,66334.05,35035.76,19788.85,11509.45,7003708,4852578,171414.0,86380.0,130001,58661.0,97835
690,2023,Q2,West Bengal,East,Malda,Urban,1812015,23,45,16,30,990381,693832,406505,327671,151154.75,66303.69,20708.01,64143.05,91535.79,44188.25,20148.29,27199.26,10385417,7168234,305761.0,191256.0,124357,27785.0,86121
691,2023,Q3,West Bengal,East,Malda,Rural,1812015,7,16,4,6,879747,745007,336782,360944,95183.77,48400.15,12724.28,34059.33,74901.44,29319.14,13651.8,31930.5,13592545,8365580,290178.0,132697.0,75553,52160.0,42557
692,2023,Q4,West Bengal,East,Malda,Rural,1812015,13,24,14,13,670639,499265,256467,166285,133198.16,59309.23,17788.85,56100.08,115734.55,44131.47,21536.27,50066.81,4589209,2744566,230147.0,130376.0,69538,31274.0,51306
693,2024,Q1,West Bengal,East,Malda,Rural,1833249,10,16,5,14,747853,511688,346769,290393,103682.97,47979.25,10550.92,45152.8,85209.87,39739.5,22093.38,23376.98,4886330,2610623,227000.0,162395.0,114981,20007.0,85423
694,2024,Q2,West Bengal,East,Malda,Urban,1833249,24,50,16,19,994301,848470,447003,225898,119331.8,63039.05,20296.61,35996.14,96146.29,44029.34,17384.83,34732.12,14065049,7884901,263575.0,200873.0,77498,52639.0,39935
695,2024,Q3,West Bengal,East,Malda,Semi-Urban,1833249,15,28,13,17,775150,674002,311592,176957,109800.56,54986.2,19234.57,35579.79,85702.8,40579.53,20609.19,24514.08,7475215,5725433,179742.0,139201.0,90817,37653.0,72389
696,2024,Q4,West Bengal,East,Malda,Semi-Urban,1833249,16,37,14,16,1077963,756307,445149,397036,180000.33,103303.62,29829.61,46867.1,102565.49,49529.15,27678.58,25357.75,7109905,5232036,359473.0,147428.0,99083,59191.0,58881
697,2025,Q1,West Bengal,East,Malda,Rural,1854484,11,23,6,10,654082,542674,289700,230890,109407.8,56512.08,13277.92,39617.8,73652.31,34094.89,12441.23,27116.18,5749103,3737179,242962.0,154696.0,168635,25235.0,122211
698,2025,Q2,West Bengal,East,Malda,Rural,1854484,18,35,18,21,782040,683611,409063,286330,119910.92,65782.28,21334.95,32793.7,97422.51,47883.88,17436.32,32102.31,10578712,5811192,295621.0,182660.0,165432,23354.0,89967
699,2025,Q3,West Bengal,East,Malda,Semi-Urban,1854484,14,29,10,9,762584,661261,323746,185850,122140.97,66866.63,20293.05,34981.29,101276.4,41786.83,23372.21,36117.37,5075611,3191033,257254.0,121934.0,66333,55311.0,49403
700,2025,Q4,West Bengal,East,Malda,Rural,1854484,18,32,19,18,897416,668672,496108,330059,67988.84,34625.27,11736.06,21627.51,39683.04,18660.25,8028.07,12994.72,7844013,4158354,301721.0,182570.0,66186,50306.0,39729
701,2021,Q1,Odisha,East,Bhubaneswar,Rural,1097377,17,27,16,12,749836,573078,432357,174096,109032.36,60508.29,12661.09,35862.98,69340.32,36161.71,14731.45,18447.16,7974810,4436449,128585.0,113502.0,66851,20872.0,44629
702,2021,Q2,Odisha,East,Bhubaneswar,Semi-Urban,1097377,25,47,19,19,635127,421285,302534,210318,114754.95,59211.13,15222.23,40321.59,82664.52,43368.44,15605.03,23691.05,4548501,2207282,97148.0,107197.0,54959,25701.0,37274
703,2021,Q3,Odisha,East,Bhubaneswar,Rural,1097377,19,36,20,14,785420,614938,423455,243780,111562.14,62848.48,11587.84,37125.83,68694.37,30860.74,19649.25,18184.37,9367571,6684721,186825.0,153982.0,75538,35440.0,61019
704,2021,Q4,Odisha,East,Bhubaneswar,Semi-Urban,1097377,19,40,14,24,696538,479654,364250,229504,108211.71,55815.14,13460.82,38935.75,80833.81,32994.42,21029.98,26809.42,5240333,3554760,206031.0,,84207,41935.0,59163
705,2022,Q1,Odisha,East,Bhubaneswar,Rural,1110545,16,26,14,12,770844,656352,425121,316354,104221.4,46408.73,8563.27,49249.41,84316.59,30772.13,25159.52,28384.94,6241753,4257871,259552.0,177667.0,41748,51562.0,21406
706,2022,Q2,Odisha,East,Bhubaneswar,Semi-Urban,1110545,24,41,14,27,645485,532037,275953,188429,91491.62,43959.72,14781.58,32750.31,55731.13,20422.13,11478.95,23830.05,5903834,4232892,175752.0,121587.0,41489,30072.0,24538
707,2022,Q3,Odisha,East,Bhubaneswar,Semi-Urban,1110545,26,60,18,18,663326,484649,294030,159451,83985.02,36921.42,9205.74,37857.86,70759.39,29040.34,18394.17,23324.87,4806826,2839413,183746.0,99564.0,78322,28216.0,41472
708,2022,Q4,Odisha,East,Bhubaneswar,Rural,1110545,24,54,19,30,675011,583424,330341,216654,135013.68,59115.47,13200.35,62697.86,109327.4,56540.88,25836.98,26949.53,7316189,5004710,212458.0,143747.0,46097,49318.0,33538
709,2023,Q1,Odisha,East,Bhubaneswar,Semi-Urban,1123714,23,43,21,29,744170,589174,403898,167825,103255.74,52390.22,14987.32,35878.2,74396.09,40796.95,12472.28,21126.86,5056578,3008216,204839.0,81472.0,49816,54461.0,39868
710,2023,Q2,Odisha,East,Bhubaneswar,Rural,1123714,20,41,16,28,707622,438775,376904,266658,106258.56,60073.42,14067.69,32117.44,79761.51,43813.35,16098.65,19849.51,7395349,5201492,133563.0,68692.0,46452,52426.0,33466
711,2023,Q3,Odisha,East,Bhubaneswar,Urban,1123714,33,69,28,42,979641,710057,538541,249036,98944.97,47326.2,11674.61,39944.16,80713.3,38792.92,17849.03,24071.35,6569785,4389170,276602.0,92702.0,82572,62409.0,49469
712,2023,Q4,Odisha,East,Bhubaneswar,Semi-Urban,1123714,26,54,28,23,862682,680219,500122,226237,118980.25,59983.04,12280.29,46716.91,67308.56,31265.71,13934.19,22108.66,5438083,4160854,181825.0,125695.0,78512,56711.0,47621
713,2024,Q1,Odisha,East,Bhubaneswar,Urban,1136882,40,77,38,48,748290,494433,375061,241493,64526.81,32415.96,10497.82,21613.03,37110.23,15575.13,10211.69,11323.41,7897436,4959495,192131.0,88004.0,73784,55245.0,59059
714,2024,Q2,Odisha,East,Bhubaneswar,Rural,1136882,20,33,14,14,514900,376261,292568,207496,73090.47,30767.39,7422.35,34900.74,40797.31,20435.69,7359.44,13002.17,3583361,1889563,167794.0,93562.0,82602,36064.0,59125
715,2024,Q3,Odisha,East,Bhubaneswar,Rural,1136882,17,39,16,21,679356,538785,304571,153576,91895.24,47804.66,8123.13,35967.45,77380.2,31244.19,15021.64,31114.37,7209652,4523509,160150.0,126851.0,88736,27735.0,65608
716,2024,Q4,Odisha,East,Bhubaneswar,Rural,1136882,26,56,23,34,721353,581959,285626,287694,55963.89,28669.54,8615.15,18679.21,32188.36,17193.51,9537.57,5457.28,9348976,5408449,219716.0,125847.0,73437,51077.0,59013
717,2025,Q1,Odisha,East,Bhubaneswar,Urban,1150051,30,53,23,29,803100,637483,427654,300734,131453.79,56214.56,20893.04,54346.19,95424.41,44432.29,15970.44,35021.68,10277488,7760479,182563.0,157885.0,74782,41981.0,56701
718,2025,Q2,Odisha,East,Bhubaneswar,Rural,1150051,20,39,20,28,863473,588119,418676,342728,81595.82,36659.02,13121.58,31815.22,61356.82,23846.16,13883.18,23627.48,6880827,5159312,233656.0,145130.0,76082,43426.0,35989
719,2025,Q3,Odisha,East,Bhubaneswar,Urban,1150051,35,76,23,41,743056,618753,366228,297040,143922.14,77151.28,19418.26,47352.6,97415.35,46722.7,27973.83,22718.82,7184335,4386893,203159.0,113158.0,45327,37094.0,28687
720,2025,Q4,Odisha,East,Bhubaneswar,Semi-Urban,1150051,25,46,22,37,1064474,833921,413567,450846,170364.15,75564.21,16072.47,78727.47,103130.9,37035.8,29526.54,36568.56,14239822,10216535,300711.0,216812.0,101154,78092.0,61952
721,2021,Q1,Odisha,East,Cuttack,Rural,1074562,28,62,27,32,865230,634966,420610,282523,140706.89,61342.96,22354.24,57009.69,109188.76,58964.62,24023.74,26200.39,9649187,4827750,152603.0,91640.0,96140,33815.0,75237
722,2021,Q2,Odisha,East,Cuttack,Semi-Urban,1074562,36,80,24,44,632480,427960,279543,237540,53467.61,23062.11,6290.41,24115.09,30837.95,15535.96,5544.17,9757.82,7460712,4231031,192597.0,96737.0,66901,37766.0,50698
723,2021,Q3,Odisha,East,Cuttack,Rural,1074562,26,42,19,38,1005133,733730,560143,328706,153585.54,78201.14,13364.43,62019.98,98086.47,45449.63,26777.89,25858.95,12026617,6336488,268422.0,225429.0,62687,58724.0,49974
724,2021,Q4,Odisha,East,Cuttack,Urban,1074562,49,105,42,67,707959,495152,361674,285367,136341.77,74640.11,22517.26,39184.4,103026.27,43221.41,25413.74,34391.12,7249309,5321844,184175.0,119482.0,48575,30700.0,32390
725,2022,Q1,Odisha,East,Cuttack,Rural,1087456,31,50,31,37,613797,535731,238054,201445,46451.14,26103.34,7273.44,13074.36,28567.01,13543.44,7748.95,7274.63,8858338,5601614,241771.0,114465.0,82966,45391.0,44577
726,2022,Q2,Odisha,East,Cuttack,Rural,1087456,29,52,18,27,916189,690537,416873,272503,91041.05,47336.04,8550.16,35154.85,79299.32,34785.14,23212.06,21302.12,9525280,6915536,176094.0,,77253,67011.0,52683
727,2022,Q3,Odisha,East,Cuttack,Semi-Urban,1087456,37,72,25,54,804615,638702,318503,261052,133846.11,65821.34,13698.18,54326.6,87293.25,42784.59,16706.77,27801.89,11627461,5793202,243759.0,151977.0,45115,40475.0,29100
728,2022,Q4,Odisha,East,Cuttack,Rural,1087456,33,72,27,33,735850,633709,308576,186676,77228.39,42456.22,8734.37,26037.8,46896.36,18375.81,11568.66,16951.88,5469778,2678608,179953.0,187233.0,43827,49509.0,30282
729,2023,Q1,Odisha,East,Cuttack,Urban,1100351,40,79,33,49,756915,470537,292930,272037,113479.99,53116.07,18332.38,42031.53,78347.96,28937.01,23262.11,26148.84,6630427,3903489,166148.0,115703.0,87864,51858.0,52126
730,2023,Q2,Odisha,East,Cuttack,Semi-Urban,1100351,34,73,22,33,654201,515914,353391,227842,64936.81,35948.33,7160.74,21827.73,53558.26,27150.0,8732.34,17675.92,7683915,5718055,145620.0,117931.0,80834,28796.0,41897
731,2023,Q3,Odisha,East,Cuttack,Semi-Urban,1100351,39,66,23,36,729981,584874,300881,303208,106214.16,51997.26,14515.24,39701.66,59204.57,32445.13,14093.85,12665.59,7113297,3465678,134024.0,139197.0,99544,18635.0,66078
732,2023,Q4,Odisha,East,Cuttack,Urban,1100351,44,76,30,30,635940,402275,346289,251650,103721.95,57192.36,13896.4,32633.19,67463.08,29512.08,11415.26,26535.74,6414753,4381116,187329.0,98084.0,82597,16447.0,53224
733,2024,Q1,Odisha,East,Cuttack,Semi-Urban,1113246,31,61,30,34,895312,680415,453255,222920,67518.66,31445.74,7112.12,28960.8,50842.08,22430.4,8410.99,20000.69,7257452,3497038,155859.0,93977.0,71959,38528.0,47170
734,2024,Q2,Odisha,East,Cuttack,Semi-Urban,1113246,35,61,22,33,615279,402148,326200,164149,116512.23,63639.38,17535.61,35337.24,76467.39,31821.74,18267.85,26377.81,3085673,1827723,177595.0,79318.0,52811,44275.0,37389
735,2024,Q3,Odisha,East,Cuttack,Rural,1113246,31,68,32,24,806160,710168,329753,226772,84326.88,35906.7,14780.76,33639.43,62272.08,25614.35,13264.85,23392.87,6952917,3549820,288228.0,137277.0,87652,27432.0,41702
736,2024,Q4,Odisha,East,Cuttack,Rural,1113246,32,50,34,40,680977,455088,336379,200805,119114.83,58286.87,20999.71,39828.26,80871.9,34784.8,20477.42,25609.68,7083806,4192759,195899.0,111607.0,70991,23733.0,49813
737,2025,Q1,Odisha,East,Cuttack,Rural,1126140,27,47,19,30,652166,413961,286028,183983,58085.49,27035.58,4798.18,26251.73,48924.7,25793.29,9260.74,13870.68,5654509,4338494,108601.0,94986.0,64911,36462.0,50301
738,2025,Q2,Odisha,East,Cuttack,Rural,1126140,29,47,21,23,628955,522306,268994,138635,115748.05,53037.79,12301.59,50408.67,72849.22,28331.88,20235.45,24281.89,4100375,3136198,138038.0,121368.0,80179,44125.0,47884
739,2025,Q3,Odisha,East,Cuttack,Semi-Urban,1126140,40,64,22,34,673629,554422,331022,222600,68067.91,30838.01,8170.03,29059.87,54062.75,21673.94,13937.69,18451.12,5460459,3359585,192824.0,164712.0,45946,28129.0,29292
740,2025,Q4,Odisha,East,Cuttack,Semi-Urban,1126140,43,73,28,54,790033,596464,432327,256608,128416.83,70446.64,18468.13,39502.06,73375.74,30702.95,21902.97,20769.82,10288221,6748739,161697.0,141568.0,64568,22919.0,37695
741,2021,Q1,Odisha,East,Puri,Rural,1257864,14,26,13,13,638928,507752,272461,236995,91653.73,50369.72,9564.02,31719.98,77121.85,35646.47,18916.79,22558.59,6775868,4783466,227226.0,143956.0,76728,33459.0,36289
742,2021,Q2,Odisha,East,Puri,Rural,1257864,15,33,8,12,752109,466548,328281,257708,119119.26,59672.58,15597.5,43849.18,94027.08,42286.32,23054.38,28686.38,5242308,2521889,211542.0,93444.0,90321,19922.0,57492
743,2021,Q3,Odisha,East,Puri,Semi-Urban,1257864,18,39,12,24,865307,577678,485460,226827,158406.54,73208.75,15838.44,69359.35,87855.09,43617.73,22585.75,21651.61,7073272,4793797,246097.0,98979.0,77215,51802.0,52859
744,2021,Q4,Odisha,East,Puri,Rural,1257864,21,45,19,27,565843,393282,259515,157748,62355.08,32556.66,8514.41,21284.01,38944.76,20781.52,7273.54,10889.7,6252358,4863444,167808.0,123228.0,93161,20298.0,48948
745,2022,Q1,Odisha,East,Puri,Rural,1272958,21,38,17,32,572809,470821,304175,152601,77495.32,42119.1,11023.58,24352.65,54794.96,27719.27,10571.14,16504.55,7689232,5498585,195834.0,137985.0,75716,42439.0,44706
746,2022,Q2,Odisha,East,Puri,Semi-Urban,1272958,22,36,23,29,933120,595720,497057,357097,144266.72,71895.38,13134.54,59236.8,101798.02,40593.46,21262.92,39941.64,4671788,3531733,156243.0,98895.0,85064,41838.0,55118
747,2022,Q3,Odisha,East,Puri,Semi-Urban,1272958,24,40,13,38,750479,659364,434660,259640,55520.44,27596.67,6696.72,21227.05,41642.47,18229.81,12108.41,11304.25,11451292,6001181,236732.0,170607.0,62100,22788.0,31153
748,2022,Q4,Odisha,East,Puri,Rural,1272958,20,36,15,31,587553,453254,234888,168559,90295.67,43576.38,7809.73,38909.56,61228.89,23214.82,11768.1,26245.96,5819182,3857177,172555.0,60502.0,76774,15250.0,62543
749,2023,Q1,Odisha,East,Puri,Rural,1288052,17,32,12,17,514646,370959,287119,187836,49219.97,27698.88,7383.16,14137.93,29486.0,15437.88,5962.55,8085.57,5945901,4515806,125406.0,83550.0,116928,13070.0,92501
750,2023,Q2,Odisha,East,Puri,Rural,1288052,23,40,19,26,738656,557127,418725,199817,87619.13,37875.85,12350.45,37392.83,67902.44,30631.36,17464.0,19807.09,4758022,2855972,147591.0,161860.0,50897,38602.0,35516
751,2023,Q3,Odisha,East,Puri,Urban,1288052,31,71,25,37,1011216,743035,553839,261790,153273.37,86543.69,25809.98,40919.69,110032.55,52665.13,23678.26,33689.15,13192494,9876220,253914.0,223841.0,55775,68261.0,44669
752,2023,Q4,Odisha,East,Puri,Rural,1288052,26,51,25,31,933933,698208,488249,360912,137211.7,69619.12,16625.27,50967.31,80348.68,34444.09,21111.7,24792.88,8072713,4247767,320850.0,118929.0,98463,68185.0,67659
753,2024,Q1,Odisha,East,Puri,Semi-Urban,1303147,21,44,18,27,1047759,879603,561790,434514,213362.56,93329.28,26865.12,93168.17,172804.13,61439.65,29024.91,82339.56,10786198,6371076,208871.0,234156.0,53868,64554.0,30638
754,2024,Q2,Odisha,East,Puri,Rural,1303147,20,41,17,20,779061,542181,419887,208910,78393.47,41804.32,7703.25,28885.91,46123.67,23877.29,12394.53,9851.85,4535757,2867116,165412.0,136434.0,47074,34730.0,22486
755,2024,Q3,Odisha,East,Puri,Rural,1303147,16,25,11,22,695908,570817,315869,214952,110470.97,48321.96,9201.28,52947.74,82922.37,44763.11,24757.41,13401.86,8286801,5358994,197435.0,121935.0,95188,47808.0,69119
756,2024,Q4,Odisha,East,Puri,Rural,1303147,15,28,13,16,751918,469622,311905,242559,129726.24,65333.11,14853.16,49539.97,75836.06,41077.34,21207.88,13550.84,5387870,4194214,112900.0,123960.0,69254,27773.0,45715
757,2025,Q1,Odisha,East,Puri,Semi-Urban,1318241,26,41,27,20,1091782,826944,512720,463346,225081.69,99112.27,29399.5,96569.93,163099.56,73866.04,39099.67,50133.84,12023443,6187755,185953.0,216862.0,91241,58320.0,64097
758,2025,Q2,Odisha,East,Puri,Rural,1318241,18,36,12,20,858190,701639,346520,295345,159608.89,88816.78,23982.0,46810.11,128552.37,52242.61,25749.61,50560.15,5397827,3563532,319642.0,134691.0,56010,55636.0,38503
759,2025,Q3,Odisha,East,Puri,Urban,1318241,31,57,30,33,1228857,1015044,470775,497437,101759.61,54697.7,16942.66,30119.25,73978.77,30169.28,15475.19,28334.3,10112037,6700843,313802.0,188123.0,117355,49589.0,60916
760,2025,Q4,Odisha,East,Puri,Semi-Urban,1318241,27,57,28,22,789988,609554,397274,253456,112768.59,56016.47,16442.7,40309.42,78125.31,37960.26,17434.97,22730.07,7443335,3624359,186972.0,110159.0,99015,53130.0,57548
761,2021,Q1,Odisha,East,Sambalpur,Semi-Urban,563307,21,49,21,20,284829,215160,131283,84862,40280.24,21837.3,6203.37,12239.57,33191.22,17202.68,7942.53,8046.01,3682999,1978542,90973.0,47007.0,50662,10802.0,24723
762,2021,Q2,Odisha,East,Sambalpur,Rural,563307,12,24,8,14,308851,213719,153210,89954,45362.9,21595.81,8140.29,15626.8,33389.17,17191.83,8731.9,7465.44,2019236,1264492,94405.0,33075.0,48523,10772.0,39269
763,2021,Q3,Odisha,East,Sambalpur,Rural,563307,16,32,16,14,281591,188445,142549,69238,39870.02,20439.78,3747.78,15682.45,24051.72,11647.72,6572.07,5831.93,3438095,2071368,85949.0,53277.0,30908,7436.0,19053
764,2021,Q4,Odisha,East,Sambalpur,Semi-Urban,563307,21,46,14,24,373006,288874,162184,144435,39047.66,22351.48,4551.29,12144.88,26323.59,13126.41,5893.34,7303.85,3594328,1944705,65701.0,87810.0,38496,13407.0,20257
765,2022,Q1,Odisha,East,Sambalpur,Rural,570066,21,49,21,14,206840,163573,104506,83650,30537.6,15114.97,4913.45,10509.17,26095.36,10369.85,6146.62,9578.88,1281010,976793,42745.0,35887.0,41776,14005.0,34229
766,2022,Q2,Odisha,East,Sambalpur,Rural,570066,12,25,12,14,296094,217376,152474,89737,37397.91,15753.85,3198.09,18445.98,22944.82,10126.03,3738.61,9080.18,3344075,2397431,56635.0,60058.0,51472,9165.0,26269
767,2022,Q3,Odisha,East,Sambalpur,Rural,570066,18,32,10,22,248057,190687,140985,84401,46812.52,24405.06,7929.53,14477.93,34830.19,16473.98,9065.71,9290.51,2102632,1260118,85684.0,26245.0,51067,18058.0,25254
768,2022,Q4,Odisha,East,Sambalpur,Rural,570066,19,43,13,17,221441,154381,114862,68528,33546.4,14705.07,2922.7,15918.62,27881.66,14079.43,5490.53,8311.69,2311616,1152024,46978.0,28105.0,36691,7018.0,27639
769,2023,Q1,Odisha,East,Sambalpur,Rural,576826,16,25,14,22,311087,257071,124722,113741,28503.35,15424.46,4815.37,8263.51,22418.29,11458.32,6697.52,4262.46,3429561,2482919,65562.0,80471.0,42690,16643.0,30324
770,2023,Q2,Odisha,East,Sambalpur,Rural,576826,18,41,11,17,215872,150240,91452,49741,29588.72,12795.32,3141.88,13651.51,25582.3,9520.38,5185.6,10876.31,2207531,1302476,34453.0,22502.0,35835,7091.0,25170
771,2023,Q3,Odisha,East,Sambalpur,Semi-Urban,576826,23,38,18,19,297274,184672,132038,71006,37954.3,18172.71,5712.43,14069.16,30161.49,14758.66,8781.21,6621.62,2607205,1716748,52021.0,29158.0,37843,7496.0,24803
772,2023,Q4,Odisha,East,Sambalpur,Urban,576826,27,49,29,27,349950,256006,167598,123248,49134.27,20825.6,5176.89,23131.79,32061.58,17551.08,6456.54,8053.96,2186456,1211920,115999.0,46323.0,29631,25865.0,20726
773,2024,Q1,Odisha,East,Sambalpur,Urban,583586,28,58,25,36,378806,278147,188843,86195,55105.75,27485.58,7452.08,20168.09,33979.79,17291.25,7144.01,9544.53,4654647,2352751,130371.0,88657.0,32091,27371.0,23993
774,2024,Q2,Odisha,East,Sambalpur,Urban,583586,31,62,25,24,513691,425664,201251,135602,77520.03,34265.97,8099.49,35154.58,47576.09,18744.95,13744.72,15086.41,6697375,3931171,172867.0,113831.0,47288,,33499
775,2024,Q3,Odisha,East,Sambalpur,Rural,583586,20,33,13,30,376367,284367,171213,105150,56251.74,24974.06,6861.76,24415.92,47860.71,20093.07,12804.24,14963.4,5210956,3107535,91340.0,79902.0,50016,28009.0,40713
776,2024,Q4,Odisha,East,Sambalpur,Rural,583586,20,38,14,19,312793,211493,163348,104042,62433.4,29443.3,8152.58,24837.51,49801.24,19354.76,8188.5,22257.98,3762574,2837290,93395.0,31197.0,36557,20437.0,21363
777,2025,Q1,Odisha,East,Sambalpur,Urban,590345,33,51,35,35,445286,300365,223615,173764,70089.99,37636.73,7272.94,25180.31,48629.71,18465.94,8066.26,22097.52,5248371,2668761,71005.0,92662.0,32534,13679.0,24682
778,2025,Q2,Odisha,East,Sambalpur,Rural,590345,22,45,18,29,277643,182827,106482,87067,51018.99,23027.58,8806.1,19185.31,29835.8,10751.64,8447.05,10637.12,2792825,1961769,73539.0,37372.0,22081,16328.0,15172
779,2025,Q3,Odisha,East,Sambalpur,Urban,590345,29,58,18,22,425766,346218,210137,132084,80227.58,43091.1,7036.22,30100.27,65211.79,34815.55,10976.57,19419.67,4846836,3073248,112325.0,109983.0,26947,22682.0,16503
780,2025,Q4,Odisha,East,Sambalpur,Rural,590345,21,40,13,28,405589,304792,205420,125937,40984.03,18063.0,3736.21,19184.82,28751.41,13851.78,6028.86,8870.77,3551980,1912017,82310.0,86497.0,33593,14490.0,21573
781,2021,Q1,Odisha,East,Balasore,Rural,1484961,21,42,12,16,1095106,791826,563176,432196,189101.49,94135.8,29006.78,65958.91,152304.91,77208.72,29233.93,45862.26,11757748,6769427,213839.0,188456.0,61302,66623.0,34383
782,2021,Q2,Odisha,East,Balasore,Rural,1484961,28,46,20,34,935918,585683,373788,262998,138196.03,70439.22,12712.46,55044.35,85658.47,32930.34,14511.57,38216.55,9453853,4818319,231078.0,124563.0,64869,37738.0,47573
783,2021,Q3,Odisha,East,Balasore,Rural,1484961,20,32,21,23,1197855,963482,578385,286086,176394.63,85780.94,25208.79,65404.9,142550.77,69423.51,36209.99,36917.27,7415146,5159777,249301.0,182315.0,136846,45764.0,66021
784,2021,Q4,Odisha,East,Balasore,Rural,1484961,24,53,20,17,1337232,1139351,543342,553049,173333.35,85586.56,28332.58,59414.21,133055.59,48146.12,39126.94,45782.52,16904951,9065422,294435.0,306614.0,67185,91622.0,40666
785,2022,Q1,Odisha,East,Balasore,Semi-Urban,1502780,36,69,25,36,1334317,1002138,564002,555432,216637.41,125613.06,32385.7,58638.65,130608.09,51908.04,33558.75,45141.3,9650713,5521522,423641.0,168165.0,106518,44820.0,52041
786,2022,Q2,Odisha,East,Balasore,Semi-Urban,1502780,31,67,25,31,1083397,789530,619699,413098,108247.98,54886.27,15295.29,38066.43,76260.78,39047.45,20397.08,16816.25,12049794,8598426,277394.0,229663.0,138832,41519.0,76222
787,2022,Q3,Odisha,East,Balasore,Urban,1502780,39,64,32,32,904791,564053,457867,267270,78010.21,34872.98,13587.0,29550.22,51143.62,21316.18,14196.45,15630.98,8131331,6211189,219087.0,147801.0,71261,67363.0,53976
788,2022,Q4,Odisha,East,Balasore,Semi-Urban,1502780,31,64,28,23,957638,851543,466247,286768,165392.47,69813.16,25408.21,70171.1,130929.94,50150.06,38484.55,42295.33,7457661,4929399,236912.0,180143.0,86450,40851.0,65354
789,2023,Q1,Odisha,East,Balasore,Rural,1520600,26,60,22,19,814720,706592,446664,238417,125052.47,71873.44,21883.69,31295.34,109379.25,57237.04,31428.73,20713.48,10246629,7877976,195367.0,202227.0,105340,23837.0,70687
790,2023,Q2,Odisha,East,Balasore,Semi-Urban,1520600,36,62,27,44,1061797,769787,431745,443360,164944.47,89482.07,25398.07,50064.34,91249.13,38682.41,22350.99,30215.73,8991144,4730770,259968.0,212151.0,142305,39394.0,101825
791,2023,Q3,Odisha,East,Balasore,Rural,1520600,25,42,19,21,1153948,929897,452909,464969,108785.42,57201.11,13802.16,37782.15,77759.88,29209.02,21213.13,27337.73,10644914,7697581,353764.0,136765.0,105075,35117.0,61776
792,2023,Q4,Odisha,East,Balasore,Rural,1520600,22,43,22,24,1097016,958241,543283,371778,121664.77,62310.08,14561.47,44793.22,106691.43,56160.04,28267.05,22264.34,9176023,5246127,344688.0,203541.0,123834,52313.0,96149
793,2024,Q1,Odisha,East,Balasore,Rural,1538419,33,64,34,52,881510,578612,357950,320029,112750.86,54670.12,16096.39,41984.35,90657.68,41670.18,21352.65,27634.85,7373529,4561222,140568.0,116970.0,136991,61993.0,103306
794,2024,Q2,Odisha,East,Balasore,Rural,1538419,27,57,20,24,1033205,661116,461176,327273,196153.09,110707.34,20181.37,65264.37,120245.71,54567.4,30560.64,35117.68,7941669,4600619,153065.0,108563.0,119623,52236.0,60927
795,2024,Q3,Odisha,East,Balasore,Urban,1538419,44,95,47,50,1219645,870540,628892,387006,169899.93,72721.76,28576.53,68601.64,141217.94,63727.88,32286.43,45203.63,7373080,4844589,273410.0,277558.0,116767,87468.0,86252
796,2024,Q4,Odisha,East,Balasore,Semi-Urban,1538419,32,52,24,26,1379275,1144651,733094,492365,180747.86,85448.77,16934.55,78364.54,142650.07,54498.85,36845.93,51305.29,10298157,5915675,457844.0,242506.0,83390,82783.0,41034
797,2025,Q1,Odisha,East,Balasore,Semi-Urban,1556239,30,63,27,41,974004,646860,416188,289116,178642.95,101482.1,15338.81,61822.03,98934.89,48461.05,19697.96,30775.87,5151601,3466040,198495.0,148364.0,84828,55163.0,64349
798,2025,Q2,Odisha,East,Balasore,Rural,1556239,29,66,24,44,985445,777789,454070,377018,149883.42,84845.66,17643.03,47394.73,93316.44,44009.92,23083.13,26223.39,13654153,9555254,259909.0,169030.0,64795,35088.0,52546
799,2025,Q3,Odisha,East,Balasore,Semi-Urban,1556239,33,70,31,31,1194209,950203,568713,470169,229530.46,125908.42,29565.44,74056.6,155133.82,80091.75,35467.97,39574.1,8378090,5759843,269911.0,210440.0,85834,45419.0,69002
800,2025,Q4,Odisha,East,Balasore,Semi-Urban,1556239,37,80,33,53,1320986,1040483,755901,343766,252875.06,127586.56,23333.78,101954.73,184152.59,86964.47,55186.52,42001.6,11947038,9287387,492720.0,325961.0,96998,89287.0,51412
801,2021,Q1,Karnataka,South,Bengaluru,Semi-Urban,1273692,32,68,24,48,844183,751961,450321,361345,66885.36,36024.61,11519.33,19341.42,37421.98,13097.76,7329.99,16994.23,7916789,3804835,332158.0,205609.0,86970,31148.0,63129
802,2021,Q2,Karnataka,South,Bengaluru,Rural,1273692,24,50,24,28,779628,651357,337608,317479,70038.43,30442.13,5996.25,33600.05,46916.98,25396.62,13966.62,7553.73,7088383,4119244,177519.0,97526.0,102628,36798.0,75796
803,2021,Q3,Karnataka,South,Bengaluru,Semi-Urban,1273692,34,58,21,46,824990,512139,463967,289420,113213.95,53587.91,19853.95,39772.1,64831.37,31001.69,17428.0,16401.68,9070952,6378676,175137.0,138786.0,68221,43800.0,53709
804,2021,Q4,Karnataka,South,Bengaluru,Rural,1273692,27,56,21,21,695257,616440,349372,168113,128445.8,69811.46,11903.79,46730.54,109086.5,51064.17,28728.64,29293.7,6496299,4968879,140646.0,112846.0,58743,41960.0,27363
805,2022,Q1,Karnataka,South,Bengaluru,Rural,1288976,28,61,30,42,677153,577180,318420,272104,62317.17,27764.97,7065.78,27486.42,34867.7,13066.52,7754.63,14046.55,5423477,2850075,249785.0,158570.0,75219,46834.0,36393
806,2022,Q2,Karnataka,South,Bengaluru,Rural,1288976,23,37,18,18,690427,464959,297609,191949,99936.77,43265.57,9880.81,46790.39,83725.11,39829.79,21957.06,21938.26,3448868,2160925,147063.0,75622.0,89528,48226.0,69507
807,2022,Q3,Karnataka,South,Bengaluru,Rural,1288976,22,38,23,18,1134537,863753,534731,291206,179404.12,85989.49,19097.86,74316.77,102608.51,46570.47,20912.35,35125.68,9477765,6451857,348995.0,228639.0,65119,69613.0,29690
808,2022,Q4,Karnataka,South,Bengaluru,Rural,1288976,26,45,25,19,784688,565300,299621,298217,123134.78,52327.97,13192.55,57614.26,97438.15,47260.42,18905.73,31272.0,4414551,3069386,211918.0,157578.0,64610,56805.0,41941
809,2023,Q1,Karnataka,South,Bengaluru,Rural,1304260,26,55,18,31,945178,592189,392973,317459,113047.23,61455.52,14571.73,37019.97,73739.7,28193.3,18107.73,27438.67,5468686,3601684,232865.0,150368.0,116502,40320.0,61511
810,2023,Q2,Karnataka,South,Bengaluru,Semi-Urban,1304260,31,52,21,24,856558,629479,336483,345243,122324.29,58642.96,17979.66,45701.67,84708.1,42545.72,23294.41,18867.96,9822996,6171646,248443.0,137394.0,54375,26396.0,43553
811,2023,Q3,Karnataka,South,Bengaluru,Rural,1304260,25,47,22,21,1061648,863306,518738,359725,93516.93,40572.45,10360.4,42584.08,79218.47,36829.2,20911.97,21477.3,12042409,8509363,318741.0,137133.0,56480,69904.0,37022
812,2023,Q4,Karnataka,South,Bengaluru,Rural,1304260,29,57,22,28,1109861,967643,591034,441527,226956.98,99484.8,28514.55,98957.64,124847.8,56342.88,36130.22,32374.7,14450257,7631270,262973.0,239934.0,64315,53385.0,33420
813,2024,Q1,Karnataka,South,Bengaluru,Semi-Urban,1319544,39,64,32,29,1183209,847307,652264,434649,197333.93,90070.91,23813.09,83449.94,110111.26,58772.01,23583.85,27755.4,6547947,4439877,404186.0,230713.0,67627,43998.0,36851
814,2024,Q2,Karnataka,South,Bengaluru,Urban,1319544,33,64,30,31,998202,716737,443429,271374,130784.65,59575.94,23089.3,48119.41,77309.67,34483.32,13289.84,29536.51,11406319,7850360,161905.0,218271.0,114683,65025.0,79071
815,2024,Q3,Karnataka,South,Bengaluru,Semi-Urban,1319544,36,78,21,53,809303,697677,357927,233584,73596.19,32965.33,10524.62,30106.24,56117.78,22796.74,16722.68,16598.36,8820892,4883644,165128.0,168540.0,59132,50058.0,46657
816,2024,Q4,Karnataka,South,Bengaluru,Rural,1319544,21,35,22,14,990616,757337,428572,355864,191504.07,103394.41,27692.83,60416.82,135215.43,48672.48,35675.91,50867.04,13993173,9963850,238141.0,124884.0,122369,37456.0,92907
817,2025,Q1,Karnataka,South,Bengaluru,Semi-Urban,1334829,35,81,20,42,1120410,774136,476201,260688,100898.24,50533.24,8375.28,41989.72,87780.3,42240.68,20379.57,25160.05,8349621,5767486,225202.0,194787.0,101386,33205.0,79732
818,2025,Q2,Karnataka,South,Bengaluru,Rural,1334829,24,44,25,26,1096875,881271,453040,469616,144526.53,81966.51,19211.02,43349.0,113117.36,58736.1,21828.17,32553.09,14865690,8029109,232709.0,117827.0,71366,43096.0,40157
819,2025,Q3,Karnataka,South,Bengaluru,Semi-Urban,1334829,33,61,32,35,1220144,928408,548512,517377,150444.31,67464.06,27007.48,55972.77,120127.66,51862.95,33118.1,35146.61,14513394,10214068,336241.0,170342.0,86777,33258.0,41522
820,2025,Q4,Karnataka,South,Bengaluru,Semi-Urban,1334829,36,79,33,52,1112339,969004,456147,335287,144047.41,77217.85,24667.24,42162.31,98833.68,53203.0,22963.77,22666.91,10221771,6082037,344824.0,232603.0,91027,80198.0,62608
821,2021,Q1,Karnataka,South,Mysuru,Rural,1372011,20,45,12,30,826827,678295,332424,228615,155908.68,72878.49,15553.41,67476.77,92390.59,36646.87,23090.79,32652.93,5547837,3997965,229532.0,156517.0,112567,21563.0,66628
822,2021,Q2,Karnataka,South,Mysuru,Rural,1372011,19,41,18,28,718804,537494,299667,214174,93735.35,50090.23,12591.41,31053.71,77196.35,31214.82,22114.05,23867.49,8361695,6051447,257814.0,163322.0,95251,24804.0,66723
823,2021,Q3,Karnataka,South,Mysuru,Semi-Urban,1372011,28,49,25,44,852417,606306,416300,218001,65016.51,36309.08,5483.94,23223.5,44961.94,22590.69,13193.88,9177.38,10900080,5347859,288737.0,123925.0,109424,48704.0,59343
824,2021,Q4,Karnataka,South,Mysuru,Rural,1372011,24,39,24,24,942059,625958,396826,403494,174178.83,81400.07,16800.64,75978.12,124714.23,55988.42,23008.84,45716.97,6004826,3480367,257041.0,120406.0,94421,57770.0,59324
825,2022,Q1,Karnataka,South,Mysuru,Rural,1388475,23,35,19,29,1066867,959005,588400,249011,213414.49,116981.42,25763.24,70669.82,139891.26,61922.7,25259.11,52709.45,6971109,3661668,300012.0,279572.0,59019,48173.0,48329
826,2022,Q2,Karnataka,South,Mysuru,Rural,1388475,24,39,25,35,653253,542512,333873,249036,98172.03,41920.98,10154.64,46096.41,66841.43,29407.26,19316.6,18117.57,6231560,3769764,198343.0,69996.0,129030,35902.0,88410
827,2022,Q3,Karnataka,South,Mysuru,Semi-Urban,1388475,30,52,30,40,1169195,1051148,631956,460805,214766.17,107304.99,29649.91,77811.27,141458.1,73258.41,37732.36,30467.33,10667881,7474314,428268.0,335768.0,94533,47527.0,48156
828,2022,Q4,Karnataka,South,Mysuru,Urban,1388475,40,81,40,47,885862,632960,404225,375885,73596.75,42456.04,13219.09,17921.62,52053.08,28252.42,11211.39,12589.26,11673145,5651312,143578.0,104355.0,94082,25495.0,52306
829,2023,Q1,Karnataka,South,Mysuru,Rural,1404939,23,52,21,36,883073,705433,437352,284079,165359.27,90651.6,26232.0,48475.67,101372.66,48662.19,19053.06,33657.4,12422812,6076774,262183.0,180228.0,56864,25477.0,33970
830,2023,Q2,Karnataka,South,Mysuru,Semi-Urban,1404939,31,68,29,46,952883,614307,373178,380150,165718.83,78608.43,19553.25,67557.15,143541.92,52071.4,38515.52,52955.0,9317975,5397656,184602.0,78515.0,110047,57537.0,71296
831,2023,Q3,Karnataka,South,Mysuru,Semi-Urban,1404939,24,51,20,17,1270827,982069,703689,515161,167885.32,81679.68,20976.21,65229.43,141930.01,72047.76,25222.89,44659.36,13707315,9811168,371889.0,313458.0,114001,54030.0,66985
832,2023,Q4,Karnataka,South,Mysuru,Semi-Urban,1404939,32,62,27,42,1202672,837089,492324,338283,163434.63,83504.97,13948.59,65981.07,117381.63,49722.51,27567.47,40091.66,15035707,8050561,276121.0,148035.0,106609,85669.0,69222
833,2024,Q1,Karnataka,South,Mysuru,Urban,1421403,35,67,19,38,989709,799233,561824,235566,114733.62,56544.13,18068.36,40121.13,79891.38,28395.97,20724.99,30770.42,10489413,5547650,359699.0,178053.0,68566,36380.0,41782
834,2024,Q2,Karnataka,South,Mysuru,Urban,1421403,32,62,20,30,998037,792952,467087,301819,140006.04,60570.05,11542.3,67893.7,88612.0,32637.43,18350.45,37624.11,10879463,8004565,333803.0,208751.0,73805,69116.0,44114
835,2024,Q3,Karnataka,South,Mysuru,Rural,1421403,22,51,13,22,866019,555040,355459,198682,103946.71,49303.04,9601.47,45042.19,79319.55,43571.83,15271.02,20476.7,5126091,3246682,162453.0,174487.0,70187,62022.0,57073
836,2024,Q4,Karnataka,South,Mysuru,Semi-Urban,1421403,30,54,23,27,1279669,1121087,593477,457957,122247.24,63695.69,14491.23,44060.33,81662.12,28598.06,22261.18,30802.88,17720690,11423424,505865.0,351901.0,72714,95930.0,48588
837,2025,Q1,Karnataka,South,Mysuru,Semi-Urban,1437867,32,49,21,41,1296958,1052993,600100,383804,228495.62,118161.77,24939.54,85394.3,195432.55,89972.45,52897.52,52562.58,17151115,8490352,290331.0,198813.0,94523,63661.0,68808
838,2025,Q2,Karnataka,South,Mysuru,Rural,1437867,26,44,27,31,762416,513906,442022,199049,114855.81,64514.03,17862.01,32479.76,85796.6,30213.08,24295.14,31288.38,6398607,4403952,172473.0,157417.0,56303,47466.0,32377
839,2025,Q3,Karnataka,South,Mysuru,Rural,1437867,23,52,17,31,773926,607924,368681,329205,140168.76,76255.01,13919.3,49994.45,103104.07,37625.13,21521.17,43957.77,7758768,5472423,169443.0,160359.0,94780,22694.0,68439
840,2025,Q4,Karnataka,South,Mysuru,Semi-Urban,1437867,28,63,24,38,1216506,807285,502227,285740,140616.87,81510.49,17309.84,41796.54,111039.53,54262.73,20945.11,35831.69,12581991,9807354,189883.0,185030.0,81263,84934.0,48052
841,2021,Q1,Karnataka,South,Hubli,Rural,915594,28,64,20,27,653279,573051,302997,174345,62458.18,34233.85,6816.39,21407.94,44915.71,21137.41,10019.16,13759.14,7424186,5187578,154631.0,174407.0,66987,48932.0,41453
842,2021,Q2,Karnataka,South,Hubli,Rural,915594,22,40,16,20,842495,727763,373507,239351,79859.58,38291.28,10961.65,30606.65,67651.02,29199.54,18466.13,19985.35,8546141,5109120,241525.0,189355.0,86471,46857.0,50666
843,2021,Q3,Karnataka,South,Hubli,Rural,915594,31,57,23,43,680635,590634,338974,184135,91515.77,43010.91,9224.35,39280.51,70090.28,26438.59,14061.07,29590.62,4571427,2620972,180816.0,71265.0,44261,20994.0,22442
844,2021,Q4,Karnataka,South,Hubli,Semi-Urban,915594,33,69,26,50,515987,369746,281046,181596,111199.03,49727.18,19704.32,41767.52,95856.51,40712.39,28527.21,26616.91,3890941,2018771,84789.0,93231.0,63773,20803.0,44432
845,2022,Q1,Karnataka,South,Hubli,Rural,926581,23,46,23,28,723949,552600,331313,228815,151746.2,74187.13,19079.0,58480.08,108480.1,52272.53,24433.42,31774.15,6237027,4610509,220159.0,102693.0,50715,53008.0,26058
846,2022,Q2,Karnataka,South,Hubli,Rural,926581,26,49,25,35,574680,394386,284496,162050,73995.92,38113.77,7777.35,28104.8,44681.42,19200.17,7662.13,17819.11,3276847,1683706,140779.0,113552.0,36890,38729.0,17702
847,2022,Q3,Karnataka,South,Hubli,Urban,926581,38,61,33,46,690375,488154,313234,198348,86916.93,45899.33,9524.24,31493.36,57867.26,25293.31,9290.86,23283.09,3830146,2885273,169849.0,83554.0,50355,31967.0,38074
848,2022,Q4,Karnataka,South,Hubli,Rural,926581,26,57,17,31,759889,663690,381105,239500,106491.69,56467.42,10509.46,39514.81,78153.37,37476.16,22336.36,18340.85,6221035,3277607,223696.0,182558.0,61606,41654.0,42136
849,2023,Q1,Karnataka,South,Hubli,Semi-Urban,937568,36,61,24,27,791379,602997,338423,266544,101069.27,50989.82,8386.84,41692.62,88443.85,32269.6,22768.47,33405.78,8533746,4418510,201211.0,102427.0,81094,29700.0,47337
850,2023,Q2,Karnataka,South,Hubli,Semi-Urban,937568,30,46,24,45,766970,558823,392753,319580,76715.59,35101.83,12690.48,28923.28,60447.79,30841.38,17652.06,11954.35,5699961,3418504,156694.0,72503.0,67982,49765.0,39390
851,2023,Q3,Karnataka,South,Hubli,Rural,937568,27,46,23,29,865392,623055,460311,296353,66219.0,29964.43,6245.46,30009.11,43617.96,20317.15,10657.21,12643.6,8729345,5263132,232287.0,89421.0,83615,61095.0,61392
852,2023,Q4,Karnataka,South,Hubli,Semi-Urban,937568,38,62,22,55,674076,503117,370444,236263,62913.06,26487.68,9504.09,26921.3,44684.12,24129.1,11616.16,8938.85,6676417,5057133,124179.0,76628.0,46723,44677.0,26423
853,2024,Q1,Karnataka,South,Hubli,Rural,948555,27,59,27,40,592620,388082,284876,164181,90474.22,40096.03,13926.43,36451.76,73759.0,40022.27,15885.88,17850.85,3418895,1970363,119455.0,61492.0,89077,17549.0,48632
854,2024,Q2,Karnataka,South,Hubli,Rural,948555,29,51,17,33,686181,458872,284738,241180,78750.97,44669.98,9489.12,24591.88,58673.07,30925.54,12691.12,15056.41,4090725,3058830,198862.0,139015.0,40019,26593.0,29975
855,2024,Q3,Karnataka,South,Hubli,Urban,948555,42,82,36,40,891259,636337,376156,216690,113881.98,52047.11,17874.28,43960.59,67723.61,29669.28,17495.2,20559.13,10348196,6815991,162380.0,152446.0,62308,59638.0,50756
856,2024,Q4,Karnataka,South,Hubli,Rural,948555,31,65,18,22,627753,559866,307874,173471,62408.04,29829.71,6906.68,25671.65,51993.88,24482.91,9546.55,17964.42,10037296,5029015,184527.0,171120.0,48487,20544.0,31395
857,2025,Q1,Karnataka,South,Hubli,Semi-Urban,959542,38,79,36,59,688973,493248,356040,268414,73097.01,31377.36,5894.5,35825.15,44024.94,24025.88,10270.98,9728.08,7344533,5371802,114486.0,157560.0,45843,20856.0,29366
858,2025,Q2,Karnataka,South,Hubli,Semi-Urban,959542,34,70,30,46,614841,495085,281856,144271,65527.75,36914.99,7095.49,21517.28,40156.66,14269.46,11752.96,14134.24,8170061,4756119,196945.0,154172.0,40071,30713.0,18429
859,2025,Q3,Karnataka,South,Hubli,Rural,959542,32,62,22,38,576640,479532,301240,153078,87877.96,37763.85,9474.6,40639.52,77317.61,28600.33,17852.45,30864.82,4873881,3641948,211390.0,86378.0,51133,33199.0,37015
860,2025,Q4,Karnataka,South,Hubli,Semi-Urban,959542,35,82,34,45,865628,756219,497418,331585,90122.38,38934.72,10075.35,41112.31,53011.47,28625.59,10995.93,13389.95,6559128,4252960,,177154.0,71640,59794.0,34095
861,2021,Q1,Karnataka,South,Mangaluru,Rural,1146731,19,39,13,23,830400,699286,370840,265066,76696.32,35767.67,8968.93,31959.72,56466.99,30425.17,16527.85,9513.98,5116369,3450603,166587.0,169876.0,48234,60054.0,37130
862,2021,Q2,Karnataka,South,Mangaluru,Rural,1146731,19,41,17,21,718053,581558,399877,273682,112717.26,65140.17,12400.95,35176.14,66399.35,32953.31,19720.84,13725.2,4469240,3186387,145589.0,119999.0,105410,35866.0,63406
863,2021,Q3,Karnataka,South,Mangaluru,Urban,1146731,37,72,32,57,1059454,903419,443178,307282,156017.29,78529.49,27731.07,49756.73,136463.26,64099.09,38598.55,33765.62,13237619,9710323,433458.0,261940.0,45822,60114.0,24290
864,2021,Q4,Karnataka,South,Mangaluru,Rural,1146731,17,38,15,15,679577,606534,375423,151730,132365.76,70321.55,20022.66,42021.55,112624.18,59354.31,22462.01,30807.86,8217225,5311643,234922.0,120543.0,67405,32752.0,35528
865,2022,Q1,Karnataka,South,Mangaluru,Semi-Urban,1160491,25,58,14,30,881759,555651,374671,361665,125965.21,61279.48,21264.95,43420.77,84537.81,44114.65,17185.43,23237.72,8753629,6134477,199029.0,82660.0,77527,23185.0,48692
866,2022,Q2,Karnataka,South,Mangaluru,Rural,1160491,27,50,27,37,611472,547748,342816,202410,93484.91,48778.85,12496.02,32210.04,74527.95,29589.04,21089.38,23849.52,4376168,2506899,196185.0,131842.0,70330,27941.0,51901
867,2022,Q3,Karnataka,South,Mangaluru,Rural,1160491,24,49,14,16,887154,569817,496427,269548,132482.79,73107.55,12985.88,46389.37,89763.45,35690.41,24886.99,29186.05,6092824,4338514,252524.0,110775.0,101787,49858.0,80731
868,2022,Q4,Karnataka,South,Mangaluru,Rural,1160491,20,33,12,26,713056,473303,312636,236326,59199.4,33552.31,6540.71,19106.38,36886.81,18063.33,10308.99,8514.49,8267033,5234091,181934.0,80885.0,67159,,47630
869,2023,Q1,Karnataka,South,Mangaluru,Semi-Urban,1174252,28,63,24,27,890477,573622,379374,339190,133389.92,65372.06,12565.23,55452.64,111036.42,41287.11,27935.98,41813.34,5655551,3400043,216725.0,123073.0,97913,56169.0,70826
870,2023,Q2,Karnataka,South,Mangaluru,Semi-Urban,1174252,30,49,18,44,1032561,837168,517500,306715,110637.97,62630.56,13685.88,34321.54,71921.33,29066.89,11746.1,31108.34,13367576,10015554,297431.0,265924.0,84863,50670.0,69288
871,2023,Q3,Karnataka,South,Mangaluru,Rural,1174252,24,43,19,25,611090,439920,340862,231024,66111.68,34287.46,8040.1,23784.11,47336.26,23177.43,10670.31,13488.52,4946821,2805937,,98592.0,64215,28690.0,49962
872,2023,Q4,Karnataka,South,Mangaluru,Semi-Urban,1174252,30,62,24,21,804545,682007,368187,272259,87798.54,49843.87,8306.36,29648.31,69270.63,25287.08,16887.95,27095.6,5093253,3882368,181720.0,101715.0,99523,23230.0,66856
873,2024,Q1,Karnataka,South,Mangaluru,Rural,1188013,24,39,21,25,623478,465449,354196,239501,61216.22,34892.66,6592.77,19730.79,40404.45,15162.25,8415.91,16826.29,3227224,1876835,183860.0,81188.0,73883,33242.0,51940
874,2024,Q2,Karnataka,South,Mangaluru,Rural,1188013,22,42,15,34,703332,455783,273102,193933,71007.45,39445.68,7900.0,23661.77,52593.17,26089.42,11348.99,15154.76,7617831,5540784,108132.0,75585.0,47748,25458.0,35075
875,2024,Q3,Karnataka,South,Mangaluru,Rural,1188013,22,50,21,19,805619,524995,364370,288830,97245.66,44651.77,14793.08,37800.81,65024.72,33038.82,11648.31,20337.6,6306329,3846408,164908.0,111711.0,73286,59970.0,38216
876,2024,Q4,Karnataka,South,Mangaluru,Semi-Urban,1188013,32,63,24,40,1052259,789887,581857,252224,161520.17,77832.45,22144.73,61542.99,114416.46,48782.13,23245.45,42388.88,8838665,4786033,300758.0,174656.0,96785,68381.0,51209
877,2025,Q1,Karnataka,South,Mangaluru,Rural,1201774,24,52,14,34,583371,403048,328903,234229,100973.69,47601.65,16979.19,36392.85,77430.1,31676.79,17409.96,28343.35,5629482,3939324,181045.0,121192.0,44895,32219.0,31647
878,2025,Q2,Karnataka,South,Mangaluru,Rural,1201774,23,51,24,21,927694,748040,460265,368346,109100.52,51312.52,17319.23,40468.77,76244.66,28468.93,16271.59,31504.15,6143770,4386783,209981.0,104805.0,105616,66196.0,80897
879,2025,Q3,Karnataka,South,Mangaluru,Semi-Urban,1201774,29,60,23,43,990147,877544,397033,226275,181989.88,87681.15,26388.0,67920.74,152947.7,61319.1,25093.85,66534.76,9378400,6960365,311997.0,187989.0,96093,67236.0,48994
880,2025,Q4,Karnataka,South,Mangaluru,Semi-Urban,1201774,32,74,28,27,1131290,868752,619960,284367,194128.18,98058.58,21133.96,74935.64,114933.44,47029.49,24099.68,43804.27,7520944,4483098,351486.0,135285.0,75133,63826.0,53478
881,2021,Q1,Karnataka,South,Belagavi,Rural,1189316,33,52,18,44,974512,714939,499262,409500,99590.98,44795.74,15177.53,39617.71,66382.61,36360.32,17262.85,12759.44,9467241,5381851,225576.0,107124.0,106242,45870.0,59312
882,2021,Q2,Karnataka,South,Belagavi,Semi-Urban,1189316,37,61,31,27,938719,721354,454483,341388,75828.54,37235.32,9552.75,29040.48,66225.92,25023.84,16997.56,24204.52,11098992,5851528,234093.0,160389.0,96114,26769.0,60438
883,2021,Q3,Karnataka,South,Belagavi,Semi-Urban,1189316,39,65,38,43,974874,854841,450084,262164,169685.62,88412.35,29241.13,52032.15,131090.78,51012.17,23769.35,56309.26,7704914,5542485,244142.0,169499.0,67103,70000.0,51113
884,2021,Q4,Karnataka,South,Belagavi,Urban,1189316,44,78,38,43,775989,613019,421826,185970,81289.14,44524.99,14090.43,22673.72,46853.53,19952.23,13495.28,13406.01,5268144,3231038,189794.0,160937.0,77541,48796.0,43179
885,2022,Q1,Karnataka,South,Belagavi,Rural,1203587,31,69,31,23,1078018,697079,499197,410439,85156.15,40261.77,13028.26,31866.12,61498.04,26653.27,16840.02,18004.74,8236584,4001618,292316.0,193236.0,54556,66907.0,39753
886,2022,Q2,Karnataka,South,Belagavi,Urban,1203587,39,66,24,32,751341,577008,432052,258296,109784.77,47408.23,17734.13,44642.41,83817.4,32205.86,20811.87,30799.67,5733298,3424398,216386.0,76725.0,59810,27918.0,39593
887,2022,Q3,Karnataka,South,Belagavi,Rural,1203587,32,66,27,46,961835,640925,426044,359731,176627.88,91902.31,30018.71,54706.87,100326.67,46475.77,28972.21,24878.69,7166361,5143088,188870.0,,48242,52917.0,24129
888,2022,Q4,Karnataka,South,Belagavi,Rural,1203587,32,74,21,23,865422,676547,380356,288853,164030.44,77013.66,21041.3,65975.48,118110.84,41371.06,29081.55,47658.23,9996147,4812010,324277.0,120697.0,85767,40980.0,55423
889,2023,Q1,Karnataka,South,Belagavi,Rural,1217859,32,63,22,49,678340,558451,309490,223672,73917.09,31224.54,11308.17,31384.37,57992.65,27887.02,16406.88,13698.75,7953680,3844009,253720.0,129163.0,104468,44648.0,47793
890,2023,Q2,Karnataka,South,Belagavi,Rural,1217859,29,65,18,29,829900,597248,322314,231204,99871.97,47572.87,12456.2,39842.9,67477.85,25245.81,20152.26,22079.79,7310321,4932832,259632.0,136282.0,66477,22833.0,39859
891,2023,Q3,Karnataka,South,Belagavi,Urban,1217859,48,74,29,58,813881,710999,375389,214609,123900.48,52423.18,16175.46,55301.84,99768.48,36985.94,28572.87,34209.66,9873125,5257531,205318.0,109579.0,92291,40291.0,45285
892,2023,Q4,Karnataka,South,Belagavi,Urban,1217859,45,93,38,46,736476,602514,399708,181483,101498.15,48311.68,16131.53,37054.94,59157.67,23130.88,9478.5,26548.29,10561558,7432623,190982.0,107389.0,48797,45696.0,34152
893,2024,Q1,Karnataka,South,Belagavi,Rural,1232131,33,63,34,46,818454,701170,330119,186267,121355.94,57365.94,18048.15,45941.85,100790.26,41771.02,20712.59,38306.65,6343712,4781913,251580.0,175738.0,91504,46044.0,71789
894,2024,Q2,Karnataka,South,Belagavi,Urban,1232131,45,74,28,62,1141125,920458,527500,414832,130001.14,63567.13,22512.12,43921.9,89982.03,48196.89,18625.92,23159.22,12983784,8871424,384513.0,285526.0,50730,55585.0,39472
895,2024,Q3,Karnataka,South,Belagavi,Rural,1232131,34,58,23,36,740418,648416,390845,219639,86940.11,42415.94,8949.06,35575.11,60158.19,31538.5,10203.13,18416.57,4784042,3574598,204752.0,202609.0,70835,25526.0,32268
896,2024,Q4,Karnataka,South,Belagavi,Rural,1232131,37,62,20,37,701764,571109,381606,285174,109911.76,46262.22,10265.96,53383.58,71084.85,36097.24,20184.86,14802.76,8671581,4632963,217429.0,112307.0,76974,35352.0,37625
897,2025,Q1,Karnataka,South,Belagavi,Rural,1246403,32,58,25,49,875599,568241,413913,311792,65643.82,31703.49,8295.51,25644.82,42639.32,20611.19,12461.74,9566.4,7003121,5096483,260049.0,143696.0,106138,58208.0,53960
898,2025,Q2,Karnataka,South,Belagavi,Rural,1246403,37,86,39,44,1171977,979483,566622,353655,176995.6,102481.94,22840.58,51673.08,146172.52,74946.27,24848.87,46377.38,9648091,6534247,237643.0,246792.0,54439,52567.0,26561
899,2025,Q3,Karnataka,South,Belagavi,Rural,1246403,36,83,37,39,1067605,707860,425938,431471,92226.19,48653.14,11248.03,32325.03,55027.11,27218.95,13142.44,14665.72,5635080,3237306,286607.0,144109.0,67182,27153.0,30470
900,2025,Q4,Karnataka,South,Belagavi,Rural,1246403,34,72,30,31,981766,786655,475679,323476,112130.82,54010.88,12842.73,45277.21,83576.81,43564.58,17764.46,22247.77,7779249,5838287,318226.0,222124.0,48892,68808.0,24961
901,2021,Q1,Tamil Nadu,South,Chennai,Rural,1544156,19,41,11,16,873073,694515,451408,214848,165345.98,88312.45,21895.24,55138.29,103094.9,53531.58,28305.05,21258.27,6694680,4598947,,165101.0,82676,58673.0,43854
902,2021,Q2,Tamil Nadu,South,Chennai,Rural,1544156,28,49,18,32,840760,700935,360075,309789,135930.01,78837.25,22693.87,34398.89,108852.0,46511.51,28895.72,33444.78,9054020,4938057,328553.0,87389.0,105732,40627.0,70103
903,2021,Q3,Tamil Nadu,South,Chennai,Rural,1544156,24,53,17,26,1008955,704294,460041,348783,153988.37,73343.25,17182.51,63462.61,115773.67,43597.16,22625.0,49551.51,7020073,3410764,162658.0,94743.0,76782,58265.0,36287
904,2021,Q4,Tamil Nadu,South,Chennai,Rural,1544156,26,59,25,25,1289017,918168,508521,552668,237776.66,125218.0,34982.37,77576.29,146037.46,56956.03,32966.69,56114.74,15190185,7553441,419611.0,112015.0,98352,73336.0,69249
905,2022,Q1,Tamil Nadu,South,Chennai,Rural,1562685,29,46,18,37,1022884,680537,498193,421085,81517.22,35197.84,6573.95,39745.43,48887.18,21245.46,13313.36,14328.37,7684806,4228945,199577.0,166823.0,102910,66357.0,78008
906,2022,Q2,Tamil Nadu,South,Chennai,Semi-Urban,1562685,24,43,23,21,1313787,1163420,502850,410527,214404.67,96090.61,37996.44,80317.62,161454.77,61815.88,26296.65,73342.24,9949056,6491251,492881.0,158156.0,111279,77965.0,66277
907,2022,Q3,Tamil Nadu,South,Chennai,Semi-Urban,1562685,31,65,28,27,1189571,924899,618607,510721,87789.22,37966.38,13545.69,36277.15,52234.3,24784.67,10731.73,16717.9,15744543,10325981,313451.0,150881.0,143257,63915.0,71033
908,2022,Q4,Tamil Nadu,South,Chennai,Rural,1562685,26,60,24,19,1210616,890297,534416,305502,202968.58,94659.2,22456.1,85853.28,122410.1,55284.93,19786.17,47339.0,9829568,5781140,265534.0,273077.0,99058,64265.0,74216
909,2023,Q1,Tamil Nadu,South,Chennai,Rural,1581215,25,53,14,17,1099947,947799,546550,291243,99302.34,53174.74,9657.47,36470.13,55540.08,23974.25,13417.41,18148.42,12739928,6538948,382494.0,267268.0,120101,81625.0,94287
910,2023,Q2,Tamil Nadu,South,Chennai,Urban,1581215,38,68,36,55,1292209,891827,737549,406622,110781.41,58005.49,13711.52,39064.41,64383.91,32067.88,17506.34,14809.69,13009553,6286435,364407.0,143095.0,84289,58073.0,63978
911,2023,Q3,Tamil Nadu,South,Chennai,Rural,1581215,27,62,17,23,907864,763421,346081,223976,124562.54,54156.93,14447.73,55957.87,79780.87,36078.57,23702.32,19999.98,13565525,10080024,192625.0,148519.0,92748,54424.0,44751
912,2023,Q4,Tamil Nadu,South,Chennai,Semi-Urban,1581215,32,74,27,36,988641,788402,492429,352851,78823.73,40609.16,7941.73,30272.84,48772.17,19764.61,12663.26,16344.3,8567863,6456916,297723.0,227968.0,125900,44242.0,61092
913,2024,Q1,Tamil Nadu,South,Chennai,Rural,1599745,24,43,15,34,958492,682899,443656,298170,122463.61,67394.43,19830.35,35238.84,99617.21,36880.78,27091.4,35645.03,11662522,8464884,171588.0,98982.0,109014,65894.0,88962
914,2024,Q2,Tamil Nadu,South,Chennai,Semi-Urban,1599745,31,63,29,28,987595,822353,443411,245283,111196.67,63875.42,16656.81,30664.44,80637.89,43848.84,23097.88,13691.17,9413763,5169343,290389.0,247640.0,78324,57394.0,49766
915,2024,Q3,Tamil Nadu,South,Chennai,Semi-Urban,1599745,32,54,28,38,1249452,880473,634682,492525,267290.03,136104.03,26553.38,104632.62,207116.93,111331.72,39282.07,56503.14,13697567,8245503,252307.0,131896.0,62008,85896.0,40698
916,2024,Q4,Tamil Nadu,South,Chennai,Rural,1599745,25,45,17,27,1074458,831012,574516,388563,121954.85,67614.23,10588.2,43752.43,70226.25,32390.74,17519.77,20315.74,12428142,9407939,228501.0,223578.0,72208,67227.0,34728
917,2025,Q1,Tamil Nadu,South,Chennai,Rural,1618275,19,42,10,22,957752,793190,372195,377954,184204.17,81862.35,26348.68,75993.13,102185.65,53094.9,26692.58,22398.17,6247809,3989830,284041.0,211082.0,84921,70520.0,65145
918,2025,Q2,Tamil Nadu,South,Chennai,Semi-Urban,1618275,34,78,25,51,1099080,906942,579526,246032,121934.22,70665.11,11244.73,40024.37,88905.6,45173.94,16729.98,27001.68,7946854,5670609,313905.0,219013.0,85704,39073.0,56270
919,2025,Q3,Tamil Nadu,South,Chennai,Rural,1618275,20,36,13,23,1369873,968516,572632,438156,119857.73,60280.92,15538.05,44038.75,77805.28,41309.52,13434.49,23061.27,16646334,11629602,432107.0,189190.0,66754,91201.0,46888
920,2025,Q4,Tamil Nadu,South,Chennai,Rural,1618275,26,43,23,33,1365728,1122175,699121,520219,193974.39,109785.68,15871.26,68317.46,130150.1,64525.04,28607.23,37017.82,16813673,12937438,254124.0,149469.0,110223,68747.0,62582
921,2021,Q1,Tamil Nadu,South,Madurai,Rural,1342503,18,29,17,27,992132,786800,387482,372626,91634.92,49913.41,13982.25,27739.26,79183.72,39404.14,20354.13,19425.46,6920285,5200379,226640.0,239937.0,72172,31260.0,54552
922,2021,Q2,Tamil Nadu,South,Madurai,Rural,1342503,21,46,14,31,906641,731234,410766,210771,154090.45,73895.83,21578.13,58616.49,109272.28,42586.92,19634.73,47050.63,5372489,4153494,184303.0,213960.0,62979,27667.0,41785
923,2021,Q3,Tamil Nadu,South,Madurai,Rural,1342503,26,41,25,27,697637,466933,393294,169684,130208.03,55501.04,16464.49,58242.49,106739.12,52861.54,24382.37,29495.21,8180494,6003929,207137.0,67272.0,104039,45970.0,67751
924,2021,Q4,Tamil Nadu,South,Madurai,Semi-Urban,1342503,30,59,22,36,876210,651267,382163,215378,108374.86,52125.37,16776.47,39473.02,65871.9,28646.62,11598.71,25626.56,9445480,5138450,166751.0,158575.0,85202,59727.0,43832
925,2022,Q1,Tamil Nadu,South,Madurai,Rural,1358613,21,49,18,23,807065,629881,321312,335177,117849.57,60104.81,10998.39,46746.37,65499.9,31184.72,16426.57,17888.61,8418343,4183523,234165.0,98700.0,97214,42533.0,67315
926,2022,Q2,Tamil Nadu,South,Madurai,Urban,1358613,35,78,38,55,1160224,1030043,642133,432522,90978.45,50403.51,11733.09,28841.85,74495.0,30735.42,16066.41,27693.17,8204680,6058692,414127.0,312170.0,112195,47310.0,65233
927,2022,Q3,Tamil Nadu,South,Madurai,Rural,1358613,23,37,15,33,913198,728199,381256,359817,169948.84,96192.61,27953.67,45802.55,134486.8,66815.08,23502.25,44169.46,5321939,2807284,211481.0,97119.0,119325,33782.0,96528
928,2022,Q4,Tamil Nadu,South,Madurai,Semi-Urban,1358613,28,48,23,25,1272658,1090965,490288,533285,196461.72,103594.67,28426.57,64440.48,122238.54,61325.77,21048.14,39864.63,20417932,14404219,378843.0,133080.0,60500,53558.0,30819
929,2023,Q1,Tamil Nadu,South,Madurai,Semi-Urban,1374723,28,48,20,31,1083843,874905,531996,318406,188790.1,93375.77,29745.1,65669.23,107626.97,52852.06,29571.55,25203.36,7700806,4486750,342801.0,107252.0,67390,79264.0,46572
930,2023,Q2,Tamil Nadu,South,Madurai,Rural,1374723,25,57,23,23,829937,560904,476562,272744,152467.85,85036.6,13019.03,54412.22,133270.59,70954.18,28099.89,34216.52,9487019,5428249,236380.0,151697.0,86512,56643.0,63852
931,2023,Q3,Tamil Nadu,South,Madurai,Rural,1374723,22,39,18,24,922475,712646,411705,236889,156535.65,78414.11,22614.65,55506.88,133083.56,65411.97,22140.35,45531.23,8953153,6901780,312157.0,226529.0,93260,44261.0,53402
932,2023,Q4,Tamil Nadu,South,Madurai,Semi-Urban,1374723,32,55,19,23,916006,669431,449223,257835,176390.73,86529.54,15932.95,73928.23,112185.7,40349.43,26737.35,45098.91,7838930,3801762,277999.0,,117361,58622.0,55559
933,2024,Q1,Tamil Nadu,South,Madurai,Rural,1390833,23,45,17,28,1124408,1011180,601494,342837,151394.92,87459.62,22826.72,41108.57,105695.97,37249.69,24613.17,43833.1,8925240,4343272,481141.0,227123.0,78279,79733.0,64088
934,2024,Q2,Tamil Nadu,South,Madurai,Urban,1390833,37,78,31,45,1060852,867749,491996,382471,92611.63,51284.66,15778.7,25548.27,67409.48,24019.83,19533.67,23855.98,11785913,7176824,349300.0,175984.0,87511,73560.0,44595
935,2024,Q3,Tamil Nadu,South,Madurai,Rural,1390833,23,35,15,22,713703,563977,352398,171558,117245.45,66960.64,9410.95,40873.86,95258.98,40077.46,16090.31,39091.21,7409731,5026206,167476.0,103967.0,111187,26617.0,63271
936,2024,Q4,Tamil Nadu,South,Madurai,Rural,1390833,24,44,26,33,1214585,988758,560232,366617,164451.47,90864.74,20803.14,52783.6,106491.0,53774.98,29776.89,22939.13,8014537,5120002,325609.0,250711.0,52432,32137.0,35485
937,2025,Q1,Tamil Nadu,South,Madurai,Rural,1406943,25,41,23,29,742126,595515,372468,243628,143557.58,83045.54,18794.97,41717.07,84445.05,37501.56,15666.75,31276.73,7092424,3612248,223469.0,154015.0,88804,21575.0,62374
938,2025,Q2,Tamil Nadu,South,Madurai,Semi-Urban,1406943,31,71,19,36,1088843,956323,550361,272817,146392.86,77887.67,24346.22,44158.98,89236.31,48215.13,15016.64,26004.54,13640035,9554826,454997.0,278819.0,55379,29479.0,27005
939,2025,Q3,Tamil Nadu,South,Madurai,Rural,1406943,21,47,16,27,1056771,749841,452967,308488,189203.6,87140.78,30610.24,71452.58,107481.0,52648.14,23804.26,31028.61,11778417,7215335,307536.0,229070.0,61987,69025.0,38460
940,2025,Q4,Tamil Nadu,South,Madurai,Rural,1406943,27,57,19,20,1219174,920803,531794,451632,208343.47,110433.78,32647.67,65262.03,129022.12,57792.2,22256.32,48973.6,7993911,5795090,381355.0,266564.0,114376,51626.0,80681
941,2021,Q1,Tamil Nadu,South,Coimbatore,Rural,1124451,20,37,11,21,619574,487113,269985,225833,90636.93,40418.92,12210.45,38007.55,69574.24,37735.82,15241.65,16596.77,8013001,5368167,204043.0,69805.0,81794,19902.0,38005
942,2021,Q2,Tamil Nadu,South,Coimbatore,Semi-Urban,1124451,22,36,13,19,559377,444766,259775,154321,78006.96,44333.91,10043.21,23629.84,57493.35,23080.13,13332.94,21080.28,4591231,3005467,184360.0,97149.0,103223,38820.0,75829
943,2021,Q3,Tamil Nadu,South,Coimbatore,Rural,1124451,21,35,18,22,588328,439641,329457,140192,108849.69,62137.97,13634.51,33077.21,77829.87,42203.94,17448.15,18177.79,3327352,2029406,154279.0,81971.0,83552,35003.0,37799
944,2021,Q4,Tamil Nadu,South,Coimbatore,Semi-Urban,1124451,23,44,19,36,666282,555187,329779,244637,82247.92,41730.96,9663.65,30853.31,51286.57,26558.61,11622.38,13105.58,7723906,6013710,244449.0,119257.0,103550,25708.0,79878
945,2022,Q1,Tamil Nadu,South,Coimbatore,Rural,1137944,19,44,20,15,674321,569661,305972,241612,88145.88,47757.64,9367.73,31020.51,58383.23,22652.91,15220.39,20509.93,7620462,4017347,193267.0,118873.0,101150,32539.0,59234
946,2022,Q2,Tamil Nadu,South,Coimbatore,Rural,1137944,17,28,17,18,672621,432188,342157,278141,77501.35,44209.49,11774.96,21516.91,44219.75,18826.44,7606.16,17787.14,7572019,3679447,191866.0,105597.0,68715,20325.0,39832
947,2022,Q3,Tamil Nadu,South,Coimbatore,Rural,1137944,23,38,18,35,782598,540133,443821,215129,106884.33,58336.2,17715.95,30832.18,87012.9,34545.18,20729.2,31738.52,4836526,2779697,172931.0,114476.0,98385,54686.0,66484
948,2022,Q4,Tamil Nadu,South,Coimbatore,Rural,1137944,19,40,16,30,535199,399115,301663,220552,69194.43,38084.15,9584.57,21525.71,55711.54,24652.62,10504.06,20554.86,3710890,1989560,90294.0,92525.0,69617,25209.0,38395
949,2023,Q1,Tamil Nadu,South,Coimbatore,Rural,1151437,15,33,11,12,455307,374328,238080,140113,40794.89,20984.12,6135.32,13675.45,23490.48,10835.25,4666.56,7988.67,6242408,3764880,142427.0,93442.0,77440,17488.0,43058
950,2023,Q2,Tamil Nadu,South,Coimbatore,Rural,1151437,16,28,9,25,665204,444676,268312,198048,73227.25,36241.0,12542.9,24443.35,54001.92,24530.17,14738.03,14733.72,5539793,3831280,98294.0,70915.0,73809,22075.0,58611
951,2023,Q3,Tamil Nadu,South,Coimbatore,Rural,1151437,21,38,21,28,779391,538065,441334,182154,135562.29,60794.59,11921.39,62846.31,91985.88,39357.52,17679.14,34949.23,6379616,3908850,148524.0,107560.0,100319,43305.0,45901
952,2023,Q4,Tamil Nadu,South,Coimbatore,Rural,1151437,21,45,12,22,645185,572360,306551,243543,77206.44,36412.56,9496.57,31297.3,54679.85,29268.63,9157.97,16253.25,8101501,4500055,155215.0,149470.0,60280,27978.0,37170
953,2024,Q1,Tamil Nadu,South,Coimbatore,Semi-Urban,1164931,20,39,18,14,860480,716791,355581,219641,91935.73,42614.09,14672.35,34649.28,66963.49,33711.72,15904.78,17346.99,10444280,6529935,220269.0,216573.0,85326,48008.0,49702
954,2024,Q2,Tamil Nadu,South,Coimbatore,Rural,1164931,19,34,20,23,508916,389498,198473,142810,67614.13,38958.52,12050.34,16605.27,39375.96,18019.48,10804.58,10551.9,6490910,4405680,109762.0,105208.0,63677,36212.0,49470
955,2024,Q3,Tamil Nadu,South,Coimbatore,Semi-Urban,1164931,29,52,19,33,1023983,865480,538572,322475,125372.76,64045.08,20225.82,41101.86,89134.86,44637.98,25090.01,19406.87,8739892,6594025,278478.0,106206.0,88828,63344.0,50663
956,2024,Q4,Tamil Nadu,South,Coimbatore,Semi-Urban,1164931,24,49,15,37,772470,550153,350571,184822,113898.92,62476.98,13601.31,37820.63,79880.08,38285.28,21300.98,20293.82,8074193,3889270,154092.0,172340.0,69822,36183.0,52323
957,2025,Q1,Tamil Nadu,South,Coimbatore,Rural,1178424,18,31,16,22,512587,334265,233424,192829,84708.64,40036.83,10370.56,34301.25,72059.42,32447.01,14250.33,25362.08,4707305,2317530,107436.0,69288.0,68781,29385.0,38161
958,2025,Q2,Tamil Nadu,South,Coimbatore,Semi-Urban,1178424,24,44,23,18,995239,664870,409749,394647,171222.04,96808.09,18377.23,56036.72,129126.27,46965.64,27541.67,54618.96,8495703,5254149,224186.0,159545.0,109096,34088.0,55470
959,2025,Q3,Tamil Nadu,South,Coimbatore,Semi-Urban,1178424,26,50,18,39,745507,522424,318227,186835,93657.96,50457.86,15110.95,28089.15,57617.39,20576.7,17081.02,19959.67,8672482,6535776,116880.0,163067.0,68620,25988.0,46276
960,2025,Q4,Tamil Nadu,South,Coimbatore,Semi-Urban,1178424,24,39,23,21,861922,741093,360873,233404,67579.03,29967.53,6781.07,30830.44,43551.05,22341.54,12551.71,8657.79,7432883,5209423,241324.0,107934.0,89142,63230.0,40591
961,2021,Q1,Tamil Nadu,South,Salem,Urban,838841,38,79,38,36,498307,369367,210736,154576,101417.08,53850.04,14988.72,32578.32,83246.31,44855.26,20997.6,17393.46,3968389,2303031,126982.0,67803.0,45689,29764.0,30495
962,2021,Q2,Tamil Nadu,South,Salem,Rural,838841,35,81,27,42,693484,549121,306665,268737,62940.15,29187.28,8910.83,24842.04,39144.86,19746.23,7510.14,11888.49,6032823,3594030,247929.0,160514.0,64666,20470.0,31035
963,2021,Q3,Tamil Nadu,South,Salem,Rural,838841,27,47,24,19,522155,459695,267716,148378,43192.1,19680.85,7602.57,15908.68,33547.18,18277.34,9354.49,5915.35,7544134,4929741,158864.0,116722.0,32454,25336.0,16172
964,2021,Q4,Tamil Nadu,South,Salem,Semi-Urban,838841,38,79,41,48,725474,504291,325015,299312,127558.25,58759.0,19115.6,49683.66,107484.67,42581.08,27823.2,37080.4,8231013,4363597,162563.0,72493.0,42087,46537.0,30495
965,2022,Q1,Tamil Nadu,South,Salem,Rural,848907,26,46,17,32,587044,412458,311970,157577,83177.66,44447.46,11853.83,26876.37,67655.93,24606.42,12815.03,30234.47,3287493,2132348,107304.0,65214.0,59937,39434.0,36235
966,2022,Q2,Tamil Nadu,South,Salem,Rural,848907,29,67,24,35,799164,717933,371456,282375,113336.39,64617.82,12576.48,36142.09,92961.77,44711.8,18520.39,29729.58,5976339,4649740,306771.0,147482.0,51391,41618.0,38489
967,2022,Q3,Tamil Nadu,South,Salem,Urban,848907,46,91,32,51,782873,644729,299351,191386,159970.14,79630.95,22667.42,57671.77,103274.03,52521.68,25246.83,25505.53,7792750,4226044,258313.0,125710.0,78000,56623.0,58700
968,2022,Q4,Tamil Nadu,South,Salem,Urban,848907,51,106,34,70,576563,428579,250729,178135,86660.52,37856.19,12858.43,35945.91,69957.73,32201.08,12972.24,24784.41,6606822,3389033,142286.0,116417.0,79074,20853.0,42031
969,2023,Q1,Tamil Nadu,South,Salem,Rural,858973,29,53,23,20,501815,347349,246291,191307,82478.39,39883.02,13779.62,28815.75,57877.14,23720.98,14359.72,19796.44,2488194,1264598,138922.0,69363.0,73644,13964.0,49271
970,2023,Q2,Tamil Nadu,South,Salem,Rural,858973,29,50,20,21,533679,428085,256028,206768,47640.36,27603.96,3886.21,16150.19,41414.78,16448.81,10641.78,14324.19,5400122,3177062,126732.0,96046.0,67045,29342.0,42778
971,2023,Q3,Tamil Nadu,South,Salem,Urban,858973,46,84,31,73,525425,379684,220578,140249,57590.2,24888.64,7904.43,24797.14,47244.96,23778.61,8559.09,14907.26,2760332,1935578,173830.0,104040.0,68069,26187.0,31789
972,2023,Q4,Tamil Nadu,South,Salem,Rural,858973,34,73,23,44,593022,462960,270959,168293,113934.03,54149.64,14066.66,45717.74,88670.54,45418.45,22682.61,20569.48,7614078,3918795,166962.0,143923.0,58829,26969.0,43776
973,2024,Q1,Tamil Nadu,South,Salem,Rural,869039,26,43,19,33,602605,471479,300436,206870,80067.74,36427.05,12811.38,30829.31,57310.94,28152.01,13742.43,15416.5,3561276,2717083,108468.0,131657.0,41646,30504.0,19720
974,2024,Q2,Tamil Nadu,South,Salem,Urban,869039,44,102,27,42,485103,407656,214557,166708,40651.72,20517.11,6199.31,13935.3,32950.5,12120.8,7938.86,12890.85,3671555,2638670,158572.0,91047.0,82426,35637.0,60804
975,2024,Q3,Tamil Nadu,South,Salem,Rural,869039,31,58,19,28,782767,697591,445951,203992,138848.37,69594.36,20045.03,49208.98,97556.82,52716.53,20160.1,24680.19,11765363,7106385,249122.0,94237.0,66943,46271.0,46874
976,2024,Q4,Tamil Nadu,South,Salem,Rural,869039,33,58,29,51,763080,496349,293509,247836,128149.82,68201.09,22194.54,37754.19,89892.6,35852.04,25932.77,28107.79,5727964,3476330,170142.0,100048.0,65542,35625.0,37356
977,2025,Q1,Tamil Nadu,South,Salem,Semi-Urban,879105,37,77,37,33,550961,445003,277772,172959,44881.86,24432.55,5618.17,14831.14,37392.38,17385.47,9221.83,10785.08,5657679,2814364,205987.0,68051.0,49700,17853.0,25819
978,2025,Q2,Tamil Nadu,South,Salem,Urban,879105,46,93,47,50,690693,434436,327319,233766,56557.79,26427.63,7083.79,23046.37,41103.83,22542.96,7147.37,11413.5,3370357,2258750,158296.0,98234.0,45899,20850.0,23688
979,2025,Q3,Tamil Nadu,South,Salem,Semi-Urban,879105,40,68,25,35,654650,449470,261432,254196,88444.61,43818.0,7680.2,36946.41,65585.38,27418.69,11444.25,26722.44,7347304,3909696,120344.0,85012.0,36553,33254.0,24005
980,2025,Q4,Tamil Nadu,South,Salem,Rural,879105,31,55,21,26,593760,374300,303001,253881,90216.52,47531.98,12373.34,30311.19,74828.29,35496.67,18615.09,20716.54,4280454,2069289,103917.0,76029.0,47293,29274.0,31778
981,2021,Q1,Tamil Nadu,South,Tiruchirappalli,Rural,1158034,28,54,17,41,959878,659933,534976,339757,204349.88,85934.25,18804.57,99611.06,149274.39,80782.91,44661.81,23829.67,5687090,4033041,242542.0,102131.0,81660,50334.0,50819
982,2021,Q2,Tamil Nadu,South,Tiruchirappalli,Semi-Urban,1158034,39,87,27,35,942695,825918,423865,261328,94018.32,41517.49,13132.27,39368.56,60423.0,28579.41,10370.07,21473.52,10428734,5855243,206494.0,187672.0,98001,32383.0,57178
983,2021,Q3,Tamil Nadu,South,Tiruchirappalli,Rural,1158034,32,59,27,31,960342,662285,523039,266201,186787.78,104715.5,22365.15,59707.13,117900.09,46597.97,32897.28,38404.84,6253249,4804980,198868.0,124319.0,57536,35890.0,45985
984,2021,Q4,Tamil Nadu,South,Tiruchirappalli,Urban,1158034,53,92,54,49,677479,575654,361984,190967,55940.52,30396.35,9872.09,15672.08,35548.56,18259.58,6822.14,10466.84,8199930,4598167,228359.0,78704.0,104860,26751.0,62645
985,2022,Q1,Tamil Nadu,South,Tiruchirappalli,Semi-Urban,1171930,34,67,34,37,707798,514756,404078,166420,92491.49,40008.38,10589.84,41893.27,79578.83,28340.18,21107.8,30130.85,4722691,3563016,225853.0,90294.0,94738,21707.0,50070
986,2022,Q2,Tamil Nadu,South,Tiruchirappalli,Semi-Urban,1171930,39,73,32,60,839467,727709,429932,206122,143007.71,65213.74,15581.4,62212.57,104956.17,49365.14,31019.24,24571.79,11289613,5447097,321812.0,117283.0,50145,29368.0,33645
987,2022,Q3,Tamil Nadu,South,Tiruchirappalli,Rural,1171930,30,54,32,47,961120,749910,501406,367192,150370.79,70621.18,17193.87,62555.74,101027.21,42316.54,27296.84,31413.84,7925050,5286793,310745.0,90679.0,49474,27449.0,37427
988,2022,Q4,Tamil Nadu,South,Tiruchirappalli,Rural,1171930,32,71,32,48,669025,449662,293854,166325,96568.74,55255.58,16316.0,24997.16,67687.07,32306.92,13016.05,22364.1,3489576,2232727,146042.0,132306.0,102389,20807.0,83297
989,2023,Q1,Tamil Nadu,South,Tiruchirappalli,Rural,1185826,32,52,20,42,1058292,846102,598723,420057,83829.42,39294.33,10516.4,34018.69,48707.42,19795.66,12107.5,16804.26,14223217,6848224,234183.0,211108.0,97411,60392.0,45515
990,2023,Q2,Tamil Nadu,South,Tiruchirappalli,Semi-Urban,1185826,43,74,29,33,902345,685333,405545,230493,174801.34,88535.61,18253.2,68012.53,101684.79,53253.22,17636.96,30794.61,10310136,6364045,153121.0,146578.0,45161,53690.0,31055
991,2023,Q3,Tamil Nadu,South,Tiruchirappalli,Semi-Urban,1185826,44,85,37,52,787556,543443,300021,238856,112559.28,48474.82,19405.1,44679.37,71712.23,30358.95,11959.5,29393.78,9636985,5599557,211842.0,142264.0,59815,48280.0,42559
992,2023,Q4,Tamil Nadu,South,Tiruchirappalli,Urban,1185826,51,87,47,38,877302,573254,447976,303816,69554.09,33608.91,7289.69,28655.49,39142.34,16195.7,10606.3,12340.33,10548356,5194951,179788.0,105865.0,96096,43123.0,76824
993,2024,Q1,Tamil Nadu,South,Tiruchirappalli,Rural,1199723,32,73,23,37,727207,643400,374216,168224,68097.71,30962.9,7522.25,29612.57,59869.61,28840.97,17308.93,13719.71,7602067,4397547,214450.0,168607.0,79362,33717.0,64505
994,2024,Q2,Tamil Nadu,South,Tiruchirappalli,Rural,1199723,35,76,32,39,884666,633181,355101,336092,161031.87,91483.46,16623.39,52925.03,116736.21,48880.3,20549.22,47306.69,4762016,2434637,147998.0,,52233,22201.0,26466
995,2024,Q3,Tamil Nadu,South,Tiruchirappalli,Rural,1199723,34,54,32,24,1006636,661070,428481,246841,113408.82,50036.77,20347.42,43024.63,74616.46,39874.56,13923.78,20818.12,5145305,3706167,177730.0,154073.0,73635,60357.0,37893
996,2024,Q4,Tamil Nadu,South,Tiruchirappalli,Semi-Urban,1199723,46,93,44,44,1099987,978069,608979,374135,130529.36,74604.9,22865.89,33058.57,72596.15,30590.38,20559.6,21446.16,18418386,13522532,235735.0,155819.0,107643,35318.0,56855
997,2025,Q1,Tamil Nadu,South,Tiruchirappalli,Semi-Urban,1213619,36,81,37,34,743826,492223,354719,184404,100111.47,56208.35,10974.32,32928.8,73583.46,36696.07,17912.28,18975.11,8162078,4517848,230388.0,118357.0,83309,38801.0,67988
998,2025,Q2,Tamil Nadu,South,Tiruchirappalli,Rural,1213619,35,58,31,31,973212,868394,554050,261338,95743.82,49201.25,14000.14,32542.43,76086.84,35775.38,13364.31,26947.15,6269734,4457137,369450.0,118017.0,82406,58324.0,48752
999,2025,Q3,Tamil Nadu,South,Tiruchirappalli,Rural,1213619,39,67,36,55,885478,766117,487865,358080,136068.87,67626.26,20553.35,47889.27,84292.76,41958.3,19954.83,22379.63,6103327,2955793,187671.0,177323.0,107256,43827.0,69825
1000,2025,Q4,Tamil Nadu,South,Tiruchirappalli,Rural,1213619,32,63,20,43,1060617,911754,425657,357564,176137.12,76782.32,28480.35,70874.44,143185.89,62964.37,25109.02,55112.51,12277919,7513700,322935.0,181403.0,83874,65075.0,61789
1001,2021,Q1,Andhra Pradesh,South,Vijayawada,Rural,1352560,15,30,11,18,634718,444462,253303,258511,44640.14,24654.2,8020.99,11964.95,35263.21,12449.84,6761.25,16052.12,5764717,3176694,210085.0,125214.0,48505,16530.0,32810
1002,2021,Q2,Andhra Pradesh,South,Vijayawada,Rural,1352560,15,35,9,20,548455,422982,217255,208974,75995.68,42236.4,10236.76,23522.51,64909.84,34618.02,18750.58,11541.24,7556473,4732469,101610.0,60990.0,66671,34817.0,36521
1003,2021,Q3,Andhra Pradesh,South,Vijayawada,Semi-Urban,1352560,24,42,18,25,836742,557993,393682,273835,126368.15,63534.56,13025.83,49807.76,97155.94,49497.34,19888.99,27769.61,6184808,4655720,216378.0,83357.0,121295,44988.0,86103
1004,2021,Q4,Andhra Pradesh,South,Vijayawada,Urban,1352560,30,69,24,36,966425,618661,448963,373070,183398.28,78537.5,24339.79,80520.99,107370.54,41890.45,30711.23,34768.86,5054904,3058459,216015.0,168095.0,102056,30606.0,58228
1005,2022,Q1,Andhra Pradesh,South,Vijayawada,Rural,1368790,18,39,19,26,806668,630499,390145,246286,136238.29,58445.68,23813.01,53979.61,75100.92,40957.48,19679.41,14464.04,9884140,5471945,192560.0,163654.0,111219,52609.0,60309
1006,2022,Q2,Andhra Pradesh,South,Vijayawada,Rural,1368790,18,30,11,13,776223,563842,432260,211874,105771.99,59274.03,14010.78,32487.18,71212.38,37272.78,14487.06,19452.55,8816248,4313210,135688.0,117847.0,96024,42477.0,76200
1007,2022,Q3,Andhra Pradesh,South,Vijayawada,Rural,1368790,17,31,16,21,811819,689730,458349,252067,154188.57,82382.71,20568.9,51236.96,126369.43,56279.15,34088.33,36001.96,11037851,5520610,318547.0,183784.0,64740,59843.0,45737
1008,2022,Q4,Andhra Pradesh,South,Vijayawada,Rural,1368790,14,25,8,14,735391,499483,304913,240301,104999.63,53967.95,17853.51,33178.17,74145.19,38665.09,21488.61,13991.49,6478631,4252772,121885.0,69509.0,82884,30388.0,56955
1009,2023,Q1,Andhra Pradesh,South,Vijayawada,Rural,1385021,16,37,8,20,841486,680119,380811,354471,156800.48,80239.91,27714.79,48845.78,137082.03,60311.25,38195.03,38575.75,5874038,3188165,203025.0,132189.0,103062,42527.0,55191
1010,2023,Q2,Andhra Pradesh,South,Vijayawada,Rural,1385021,16,29,17,23,677357,593294,303812,244024,131354.38,69457.78,14395.44,47501.16,83788.73,38947.63,24893.39,19947.72,10120408,5628250,200423.0,182454.0,81867,38721.0,52532
1011,2023,Q3,Andhra Pradesh,South,Vijayawada,Rural,1385021,25,40,20,38,894853,639342,435143,327919,97962.49,49066.54,13730.77,35165.18,54068.21,19957.39,10220.01,23890.81,6738178,3792618,198511.0,145904.0,120719,28861.0,76453
1012,2023,Q4,Andhra Pradesh,South,Vijayawada,Urban,1385021,27,55,25,29,775325,620970,392612,188551,111664.97,50563.42,14082.06,47019.5,78407.13,40156.39,21596.51,16654.23,5129181,2999775,259199.0,119903.0,104967,46625.0,84713
1013,2024,Q1,Andhra Pradesh,South,Vijayawada,Rural,1401252,21,35,16,24,902588,652238,519908,301358,90725.5,40161.56,11367.3,39196.64,50555.49,22194.32,15084.58,13276.59,5311094,3303130,257130.0,177380.0,73108,62914.0,37802
1014,2024,Q2,Andhra Pradesh,South,Vijayawada,Rural,1401252,26,52,21,37,640596,464860,344907,211970,74249.79,40135.11,13158.41,20956.27,56035.92,29211.99,13020.65,13803.28,6595145,4141306,130270.0,57125.0,114798,38265.0,93622
1015,2024,Q3,Andhra Pradesh,South,Vijayawada,Rural,1401252,15,28,15,11,959540,861787,479351,277906,95734.12,40975.82,12207.16,42551.14,54464.77,26888.98,11550.35,16025.44,15721315,10824743,234263.0,197323.0,90387,61262.0,65337
1016,2024,Q4,Andhra Pradesh,South,Vijayawada,Urban,1401252,29,49,29,28,1289054,900659,728792,544491,131583.2,57069.69,13402.64,61110.86,91657.66,50294.34,20934.5,20428.81,16851602,12048986,327035.0,233167.0,67889,51754.0,33002
1017,2025,Q1,Andhra Pradesh,South,Vijayawada,Semi-Urban,1417482,22,49,16,26,872579,559086,394905,266742,159616.04,76724.01,25265.57,57626.46,127765.57,65116.62,37502.76,25146.19,8786518,5558372,238643.0,112667.0,73231,35030.0,39019
1018,2025,Q2,Andhra Pradesh,South,Vijayawada,Rural,1417482,17,28,9,25,945376,741454,518158,244426,179433.56,77290.36,16890.31,85252.89,116983.9,41963.47,23782.95,51237.48,7356978,5726014,174673.0,123975.0,69644,34940.0,49037
1019,2025,Q3,Andhra Pradesh,South,Vijayawada,Urban,1417482,33,60,21,32,1120176,809663,576418,302174,178986.78,88229.55,24301.84,66455.38,138975.05,55276.32,38500.59,45198.14,14781581,10043184,330082.0,135067.0,88090,36827.0,57019
1020,2025,Q4,Andhra Pradesh,South,Vijayawada,Rural,1417482,20,37,15,26,686159,583320,305496,214930,121539.26,57036.44,14417.02,50085.8,79111.08,37099.46,16341.77,25669.85,5319259,3048364,238392.0,137638.0,68445,30544.0,43867
1021,2021,Q1,Andhra Pradesh,South,Visakhapatnam,Semi-Urban,1004686,22,39,12,16,629508,458233,256076,162880,110489.09,55269.35,15722.68,39497.06,65782.43,27221.32,13970.14,24590.96,6015554,4203647,138280.0,134208.0,49432,24049.0,26365
1022,2021,Q2,Andhra Pradesh,South,Visakhapatnam,Semi-Urban,1004686,23,42,17,30,702393,467319,275714,183266,111937.86,57479.69,15562.91,38895.27,72441.66,26350.31,15639.29,30452.06,5957605,4062707,125505.0,73319.0,39710,37870.0,21486
1023,2021,Q3,Andhra Pradesh,South,Visakhapatnam,Semi-Urban,1004686,22,40,18,31,446959,352907,244622,133280,61664.43,26568.83,7311.16,27784.44,39932.93,14112.25,7484.88,18335.8,4953110,3044160,113964.0,56283.0,37543,17320.0,17164
1024,2021,Q4,Andhra Pradesh,South,Visakhapatnam,Rural,1004686,19,33,17,18,457698,376728,217948,154178,78936.57,45646.63,13420.05,19869.9,50879.55,26894.3,13511.26,10473.99,5758063,2769854,174047.0,97281.0,63774,16025.0,36345
1025,2022,Q1,Andhra Pradesh,South,Visakhapatnam,Urban,1016742,26,43,14,29,574866,511820,241868,149653,44489.15,18857.08,5778.64,19853.44,31892.11,11501.85,6174.59,14215.67,5909011,4075049,,108766.0,79196,36272.0,59973
1026,2022,Q2,Andhra Pradesh,South,Visakhapatnam,Rural,1016742,16,25,12,23,373420,291740,194259,119903,39068.64,16856.72,4268.57,17943.34,22059.9,10925.5,6302.94,4831.46,3557350,1874050,112236.0,73326.0,36057,15757.0,26251
1027,2022,Q3,Andhra Pradesh,South,Visakhapatnam,Urban,1016742,20,38,15,25,824265,692208,420310,257106,167375.58,81723.69,20864.74,64787.16,137236.88,60124.6,31877.15,45235.13,9086956,5867999,204757.0,199205.0,89311,58544.0,67425
1028,2022,Q4,Andhra Pradesh,South,Visakhapatnam,Rural,1016742,15,28,11,13,616595,535956,291686,153074,47223.91,20135.94,6656.47,20431.5,35454.53,18783.38,6616.06,10055.09,6940789,3455936,169663.0,156450.0,42344,40493.0,30706
1029,2023,Q1,Andhra Pradesh,South,Visakhapatnam,Urban,1028798,26,53,17,40,750859,656195,414337,217716,106366.98,56741.72,14764.18,34861.08,86051.07,30320.13,22054.12,33676.82,10169304,5153461,198798.0,108170.0,50110,26420.0,30333
1030,2023,Q2,Andhra Pradesh,South,Visakhapatnam,Rural,1028798,16,34,14,15,480323,325761,246966,145637,41487.15,19564.15,6419.41,15503.59,23167.1,9302.86,4233.74,9630.5,3116086,1689660,152679.0,85041.0,88972,16576.0,72860
1031,2023,Q3,Andhra Pradesh,South,Visakhapatnam,Rural,1028798,19,38,20,27,492553,398697,267736,161499,51475.04,24051.46,8483.44,18940.14,34773.59,14164.42,9487.08,11122.09,6821007,4113238,91022.0,95205.0,52632,24423.0,37656
1032,2023,Q4,Andhra Pradesh,South,Visakhapatnam,Rural,1028798,17,26,10,22,498944,418981,254410,170697,86506.12,38478.4,12321.72,35706.0,49457.56,23689.88,14727.32,11040.36,7476199,3849348,187908.0,99794.0,64075,23167.0,36810
1033,2024,Q1,Andhra Pradesh,South,Visakhapatnam,Rural,1040854,18,37,11,18,616100,488407,308470,253683,91784.49,43626.5,10752.01,37405.98,71247.73,29502.76,16976.56,24768.41,5742913,3131230,142903.0,74836.0,92541,24755.0,62098
1034,2024,Q2,Andhra Pradesh,South,Visakhapatnam,Rural,1040854,19,33,14,28,485282,412467,203556,111670,85282.8,42692.24,9144.07,33446.49,48940.78,21855.58,13772.51,13312.69,4133752,2644178,103614.0,126146.0,40583,22445.0,20152
1035,2024,Q3,Andhra Pradesh,South,Visakhapatnam,Rural,1040854,17,38,13,24,394815,277751,228680,122331,71920.2,36251.57,11897.18,23771.46,53934.46,26699.63,10357.39,16877.43,3554168,2560029,72362.0,46123.0,58537,21020.0,43772
1036,2024,Q4,Andhra Pradesh,South,Visakhapatnam,Rural,1040854,20,45,21,14,419582,270827,224624,108990,69490.12,38483.68,11177.87,19828.56,60226.3,24103.02,11569.08,24554.2,3459185,2661338,61800.0,54729.0,88313,13988.0,65832
1037,2025,Q1,Andhra Pradesh,South,Visakhapatnam,Rural,1052910,19,31,13,25,605900,435710,249622,215792,99657.96,44167.47,16388.62,39101.87,76032.82,39828.49,22096.33,14108.0,7471075,4974266,187129.0,135824.0,82853,36336.0,56325
1038,2025,Q2,Andhra Pradesh,South,Visakhapatnam,Rural,1052910,19,34,11,18,412362,361892,193919,107117,58343.66,32013.78,6452.34,19877.55,38151.92,19991.23,9091.16,9069.53,3902355,2465745,163104.0,73311.0,40736,13488.0,21639
1039,2025,Q3,Andhra Pradesh,South,Visakhapatnam,Semi-Urban,1052910,21,37,22,16,685531,525227,360000,188453,130715.17,60876.03,14860.61,54978.53,86935.84,33886.34,25205.09,27844.4,6196548,3474918,139430.0,155764.0,49392,34425.0,34457
1040,2025,Q4,Andhra Pradesh,South,Visakhapatnam,Urban,1052910,31,64,25,22,958076,836077,436636,216618,169664.31,85984.94,20408.5,63270.87,140969.64,54767.17,31230.15,54972.32,15375533,10046757,189259.0,127754.0,87744,47257.0,66587
1041,2021,Q1,Andhra Pradesh,South,Guntur,Semi-Urban,1064975,18,33,13,18,613276,439637,284119,237632,60259.78,30183.83,6659.14,23416.81,47610.43,21912.11,10799.5,14898.81,7625666,5100084,173038.0,123299.0,93149,15365.0,60191
1042,2021,Q2,Andhra Pradesh,South,Guntur,Rural,1064975,17,27,14,23,475248,383824,227141,148176,52297.79,24892.04,7563.24,19842.51,30766.06,11338.13,7765.41,11662.52,3330391,2009251,138958.0,79083.0,87736,33020.0,62288
1043,2021,Q3,Andhra Pradesh,South,Guntur,Rural,1064975,14,25,9,19,552928,437539,283980,149136,74655.46,38959.33,11884.04,23812.09,48133.69,24262.61,10667.67,13203.4,7857217,4194109,172497.0,92383.0,80405,29762.0,41320
1044,2021,Q4,Andhra Pradesh,South,Guntur,Rural,1064975,20,43,12,17,660125,541852,283918,227148,100320.33,53841.05,16369.48,30109.8,62178.26,29723.93,10298.82,22155.51,4174827,2730042,128919.0,142347.0,90974,29043.0,42447
1045,2022,Q1,Andhra Pradesh,South,Guntur,Semi-Urban,1077754,21,42,14,14,680380,465847,375319,216317,101514.54,55295.87,14645.0,31573.66,87270.27,47689.69,25532.14,14048.45,6526820,3336021,202311.0,121644.0,55276,17203.0,27684
1046,2022,Q2,Andhra Pradesh,South,Guntur,Rural,1077754,18,30,18,25,400905,276502,218017,155807,85157.91,49068.26,10305.28,25784.37,53871.61,27026.42,10876.58,15968.61,4350261,2448170,118802.0,62708.0,70573,21328.0,56384
1047,2022,Q3,Andhra Pradesh,South,Guntur,Rural,1077754,20,40,13,17,634164,521941,268023,221430,78767.81,39785.39,8518.89,30463.52,45824.0,20317.98,11117.6,14388.42,5286901,2586326,121192.0,104606.0,45847,20262.0,23733
1048,2022,Q4,Andhra Pradesh,South,Guntur,Semi-Urban,1077754,24,45,15,18,597316,503802,270519,151466,76467.98,32478.51,10916.89,33072.58,52027.53,18310.84,13232.92,20483.78,5746822,3671538,204151.0,123818.0,62757,35857.0,41791
1049,2023,Q1,Andhra Pradesh,South,Guntur,Rural,1090534,21,38,21,30,435672,380426,203970,162064,77851.28,37668.83,13355.01,26827.44,48749.04,19567.57,10267.86,18913.61,3512218,2596094,,117079.0,55063,32035.0,36949
1050,2023,Q2,Andhra Pradesh,South,Guntur,Rural,1090534,21,33,13,18,610533,416612,350341,215874,94616.73,53253.42,13887.98,27475.33,79028.99,42778.09,14034.74,22216.16,6885507,4510891,102116.0,116935.0,62116,35185.0,34977
1051,2023,Q3,Andhra Pradesh,South,Guntur,Rural,1090534,14,27,15,20,679059,574329,306221,265192,140963.19,74613.46,14256.55,52093.18,79377.87,30119.14,23430.49,25828.24,7167023,4860999,195355.0,167128.0,39748,25460.0,24302
1052,2023,Q4,Andhra Pradesh,South,Guntur,Semi-Urban,1090534,23,38,22,23,807266,522649,416509,227325,139734.24,73563.92,24234.18,41936.14,77804.97,27404.73,20839.21,29561.03,6890952,3394349,202820.0,93342.0,50760,37315.0,38506
1053,2024,Q1,Andhra Pradesh,South,Guntur,Rural,1103314,21,37,19,30,459078,330450,264411,195785,44026.59,20399.61,5273.21,18353.78,30621.89,14507.47,8755.73,7358.7,2599882,1280604,101081.0,95829.0,71983,12846.0,42845
1054,2024,Q2,Andhra Pradesh,South,Guntur,Urban,1103314,28,48,26,27,628407,487564,343720,192285,103460.7,56525.87,10282.71,36652.12,81942.6,36905.2,21668.52,23368.89,6469488,4060510,169952.0,70985.0,72901,43325.0,56942
1055,2024,Q3,Andhra Pradesh,South,Guntur,Rural,1103314,22,43,23,28,504869,388158,255183,178901,71208.82,30290.44,8102.45,32815.93,49211.15,17832.2,13488.55,17890.41,3477688,1728690,120119.0,117505.0,70544,17396.0,56212
1056,2024,Q4,Andhra Pradesh,South,Guntur,Rural,1103314,10,18,10,10,462872,326237,221994,119829,66063.34,36970.29,5610.5,23482.55,39842.68,16138.6,9692.97,14011.11,5146843,2625594,102392.0,94219.0,79960,14187.0,43527
1057,2025,Q1,Andhra Pradesh,South,Guntur,Rural,1116093,19,38,12,30,539723,349297,218109,184918,108977.56,62318.45,13558.26,33100.85,75611.63,34025.35,19480.55,22105.74,2506434,1533760,110231.0,102266.0,73282,29874.0,40462
1058,2025,Q2,Andhra Pradesh,South,Guntur,Rural,1116093,15,29,13,20,645649,462054,374405,257110,66294.0,31174.32,8302.3,26817.39,55074.66,27849.74,15375.44,11849.48,4674017,2396400,134323.0,110288.0,84880,20757.0,59165
1059,2025,Q3,Andhra Pradesh,South,Guntur,Semi-Urban,1116093,22,47,24,32,816274,657432,379041,304800,139660.68,76450.89,17440.32,45769.47,82401.67,38054.21,16241.87,28105.59,7591378,5485835,210347.0,81181.0,75406,20806.0,47041
1060,2025,Q4,Andhra Pradesh,South,Guntur,Rural,1116093,21,40,16,32,462588,375346,254518,194953,45668.68,19499.35,5933.2,20236.13,27008.51,13979.05,4751.93,8277.54,7037529,4760847,132667.0,84159.0,58338,17134.0,29020
1061,2021,Q1,Andhra Pradesh,South,Nellore,Semi-Urban,528593,23,46,16,23,273429,224872,142605,71675,24209.52,13700.56,2501.01,8007.95,16064.81,6523.93,3500.64,6040.23,1985263,1361738,91219.0,66139.0,29682,20240.0,16639
1062,2021,Q2,Andhra Pradesh,South,Nellore,Rural,528593,19,37,12,14,304074,250870,143565,110119,44707.08,23045.28,6553.27,15108.54,27534.11,11116.66,6101.42,10316.04,2769938,1464609,84290.0,68959.0,26476,10866.0,19081
1063,2021,Q3,Andhra Pradesh,South,Nellore,Rural,528593,17,38,18,22,337769,257454,191489,133294,69367.84,37782.79,9315.19,22269.86,44083.93,18557.18,12571.01,12955.75,2942762,1753908,60384.0,61350.0,46555,22863.0,31265
1064,2021,Q4,Andhra Pradesh,South,Nellore,Rural,528593,25,48,19,25,231355,178622,101880,83003,26519.26,11360.26,4753.68,10405.32,19027.87,6751.99,4486.24,7789.63,2785176,1453414,79717.0,49033.0,39361,14648.0,26048
1065,2022,Q1,Andhra Pradesh,South,Nellore,Urban,534936,25,56,22,17,369145,317538,142292,81463,44100.98,24883.38,5815.87,13401.73,32306.98,13452.68,6271.53,12582.77,3846553,2578418,137162.0,44855.0,22050,18819.0,14634
1066,2022,Q2,Andhra Pradesh,South,Nellore,Semi-Urban,534936,21,36,14,25,436583,297268,251987,161540,72855.11,34101.09,6249.05,32504.97,49003.11,26768.34,8562.72,13672.06,4411311,2378392,108864.0,36033.0,22881,18271.0,16824
1067,2022,Q3,Andhra Pradesh,South,Nellore,Rural,534936,20,42,18,16,308969,202929,142202,104889,42136.0,17929.28,6734.32,17472.4,33268.67,12188.43,5916.44,15163.79,3753475,2087668,91738.0,55567.0,34379,11377.0,23392
1068,2022,Q4,Andhra Pradesh,South,Nellore,Rural,534936,22,36,12,29,301986,239464,167862,113386,43973.14,21678.8,4012.33,18282.01,38589.78,13682.55,9145.15,15762.08,3336833,1842027,71926.0,52852.0,36595,18965.0,20076
1069,2023,Q1,Andhra Pradesh,South,Nellore,Rural,541279,22,46,22,18,225545,147377,92970,74869,43593.69,24994.94,3654.03,14944.73,37310.44,14410.43,10735.95,12164.06,1330019,759193,34577.0,45634.0,34888,9932.0,24316
1070,2023,Q2,Andhra Pradesh,South,Nellore,Urban,541279,28,56,26,21,431656,322480,240499,130154,66347.79,30619.48,7803.31,27925.0,43148.69,17292.95,7203.83,18651.91,5405093,2797890,141102.0,42844.0,21064,22942.0,13394
1071,2023,Q3,Andhra Pradesh,South,Nellore,Rural,541279,15,31,12,15,357214,294259,163861,142171,69011.47,31358.29,11840.93,25812.25,42271.48,15204.4,8701.51,18365.57,4246288,3250752,120355.0,89647.0,21944,10015.0,14780
1072,2023,Q4,Andhra Pradesh,South,Nellore,Urban,541279,33,64,19,29,350594,250534,136283,143753,50881.83,21917.23,4345.9,24618.7,37832.39,19955.04,8852.3,9025.04,2080548,1124717,112297.0,70700.0,40305,16539.0,22472
1073,2024,Q1,Andhra Pradesh,South,Nellore,Rural,547622,22,35,15,26,331877,264366,188615,128462,46015.72,22646.17,6871.91,16497.64,38033.26,20612.02,9309.15,8112.09,2019023,1063684,94378.0,32659.0,20966,14948.0,12048
1074,2024,Q2,Andhra Pradesh,South,Nellore,Semi-Urban,547622,24,47,21,26,330676,293240,131371,137947,38128.07,16677.78,3320.69,18129.6,26375.09,13143.75,5214.65,8016.69,3306205,2486047,107387.0,51531.0,47287,16798.0,25445
1075,2024,Q3,Andhra Pradesh,South,Nellore,Rural,547622,19,44,14,19,338755,301229,194866,124835,58588.17,31691.76,9724.35,17172.07,41621.71,19727.54,9790.44,12103.73,3385554,1836511,110322.0,89769.0,34158,11993.0,21670
1076,2024,Q4,Andhra Pradesh,South,Nellore,Urban,547622,36,73,36,30,495182,390451,191314,174776,89714.15,46040.67,15390.27,28283.21,49629.81,23632.85,11240.47,14756.49,3137081,2214524,121124.0,95858.0,19313,19979.0,12292
1077,2025,Q1,Andhra Pradesh,South,Nellore,Rural,553965,23,52,23,26,373791,328129,172634,104483,32829.13,18758.81,4467.74,9602.58,25288.13,9421.77,4554.21,11312.15,3527143,2621532,111814.0,101802.0,23386,20876.0,15720
1078,2025,Q2,Andhra Pradesh,South,Nellore,Urban,553965,29,45,18,26,511551,339175,198171,169956,77355.08,44232.99,10354.33,22767.76,66285.42,32813.39,13060.76,20411.26,3919185,2681007,156491.0,85977.0,32727,15709.0,23433
1079,2025,Q3,Andhra Pradesh,South,Nellore,Semi-Urban,553965,23,53,12,22,348872,221001,160880,122403,70997.93,38998.76,9007.37,22991.8,56004.76,29051.06,12609.08,14344.62,2561180,1633590,93729.0,47853.0,41852,21401.0,24357
1080,2025,Q4,Andhra Pradesh,South,Nellore,Rural,553965,24,54,26,21,282563,228726,130808,63601,35624.5,19507.56,4612.25,11504.69,25149.14,11717.02,4796.33,8635.79,2965438,1722371,81602.0,27952.0,41820,16082.0,24711
1081,2021,Q1,Andhra Pradesh,South,Kurnool,Semi-Urban,980774,18,32,14,27,487090,343934,264001,167913,96498.06,52490.42,15132.22,28875.42,68914.36,35086.1,13544.82,20283.45,5858000,3691848,86597.0,70517.0,71709,27378.0,35786
1082,2021,Q2,Andhra Pradesh,South,Kurnool,Rural,980774,14,29,15,11,315049,203718,134990,94237,43190.49,19712.57,6814.73,16663.19,37475.17,15541.8,9605.59,12327.78,2933931,2114786,58487.0,62254.0,37231,17304.0,24022
1083,2021,Q3,Andhra Pradesh,South,Kurnool,Rural,980774,14,29,7,16,281764,185767,142184,80382,36103.08,18908.4,4585.52,12609.15,31335.35,13175.78,8261.25,9898.33,2502395,1448218,53295.0,41193.0,62089,10978.0,28077
1084,2021,Q4,Andhra Pradesh,South,Kurnool,Rural,980774,8,16,7,7,333512,210266,142547,127947,48116.42,22190.85,7779.47,18146.1,29783.96,12414.89,7535.65,9833.42,3766070,2055947,76934.0,44612.0,77957,10990.0,52840
1085,2022,Q1,Andhra Pradesh,South,Kurnool,Urban,992543,23,50,14,30,609694,476404,254379,150385,61501.01,30882.3,5348.77,25269.93,38359.63,16800.83,8682.63,12876.17,3510680,1770036,174841.0,124400.0,38363,28141.0,17857
1086,2022,Q2,Andhra Pradesh,South,Kurnool,Semi-Urban,992543,14,24,14,15,406385,340774,212389,141232,77671.16,42669.82,9165.92,25835.42,64207.18,25804.54,12873.37,25529.27,3244405,1854432,135030.0,55390.0,75170,28231.0,52588
1087,2022,Q3,Andhra Pradesh,South,Kurnool,Semi-Urban,992543,13,21,11,12,367719,275992,188749,110627,67880.22,36491.48,12117.91,19270.83,43947.41,21048.4,12295.03,10603.98,3285889,2159313,102303.0,76698.0,38054,27317.0,28388
1088,2022,Q4,Andhra Pradesh,South,Kurnool,Urban,992543,20,42,13,14,643856,470641,278643,217591,85228.66,42393.33,12760.72,30074.62,70878.68,27579.7,14609.56,28689.42,5496988,3267024,156992.0,147033.0,73654,29591.0,59067
1089,2023,Q1,Andhra Pradesh,South,Kurnool,Urban,1004312,25,39,23,33,480011,327132,270253,148615,69657.45,33870.99,11265.41,24521.05,47220.79,22223.62,8942.66,16054.5,4241707,3183738,107396.0,99947.0,89505,34660.0,69929
1090,2023,Q2,Andhra Pradesh,South,Kurnool,Rural,1004312,13,29,8,9,272737,195742,137503,83044,21449.46,10526.13,3339.36,7583.98,13776.39,5421.1,2697.85,5657.45,2385464,1386117,58521.0,46945.0,57706,11876.0,46729
1091,2023,Q3,Andhra Pradesh,South,Kurnool,Rural,1004312,15,23,16,20,400984,294118,196899,109543,34097.41,19211.76,3281.78,11603.87,27609.65,13755.97,5107.03,8746.65,4653062,3402776,96963.0,60162.0,40861,21311.0,29903
1092,2023,Q4,Andhra Pradesh,South,Kurnool,Semi-Urban,1004312,19,31,15,27,415794,307285,224891,99273,74036.15,31112.36,7656.52,35267.27,42906.55,15810.08,11026.86,16069.62,4130446,2552737,84698.0,94320.0,61320,24793.0,37855
1093,2024,Q1,Andhra Pradesh,South,Kurnool,Rural,1016081,12,19,10,15,318404,268763,163645,113533,44413.75,20602.22,6118.91,17692.63,28957.24,14448.53,4826.91,9681.8,3101904,1806406,62334.0,,72600,19134.0,38074
1094,2024,Q2,Andhra Pradesh,South,Kurnool,Rural,1016081,16,37,13,16,426157,326881,182536,112255,57073.38,24531.94,5813.07,26728.36,48212.17,18048.08,11963.73,18200.36,3665691,1871346,90059.0,78834.0,71073,25208.0,49871
1095,2024,Q3,Andhra Pradesh,South,Kurnool,Semi-Urban,1016081,27,55,25,34,483416,320811,204061,132768,97034.46,49338.01,10208.58,37487.87,56919.85,30153.4,16220.63,10545.82,3936507,2272112,79811.0,89648.0,80622,26934.0,59548
1096,2024,Q4,Andhra Pradesh,South,Kurnool,Rural,1016081,14,25,10,13,390707,273199,183193,116131,67080.77,35189.28,6779.07,25112.42,44099.95,15621.66,7725.1,20753.19,3946822,3076307,78931.0,36360.0,41709,25810.0,20602
1097,2025,Q1,Andhra Pradesh,South,Kurnool,Semi-Urban,1027851,18,29,13,14,433326,379266,232394,161114,66221.3,32574.97,6288.94,27357.39,54725.49,22214.59,9167.0,23343.9,5083811,2837045,95867.0,91710.0,80820,27595.0,63895
1098,2025,Q2,Andhra Pradesh,South,Kurnool,Semi-Urban,1027851,17,36,16,15,418553,315578,160643,118221,52782.77,23235.2,6667.71,22879.86,41762.7,21580.87,9876.21,10305.63,2878841,1508422,108380.0,62123.0,84811,20195.0,62965
1099,2025,Q3,Andhra Pradesh,South,Kurnool,Semi-Urban,1027851,17,32,13,20,599313,507984,336060,135579,51870.92,23970.43,6441.81,21458.68,39519.29,17790.25,11320.13,10408.91,8571469,5353025,235888.0,77571.0,63932,38504.0,30972
1100,2025,Q4,Andhra Pradesh,South,Kurnool,Urban,1027851,17,35,17,27,606585,391922,250704,174672,56907.02,26603.96,10106.04,20197.01,44493.04,17115.85,10084.17,17293.02,5356068,2621002,133798.0,85635.0,78299,29940.0,58149
1101,2021,Q1,Telangana,South,Hyderabad,Rural,735083,33,77,20,36,616284,383022,252905,138217,129691.76,62222.15,12402.23,55067.39,75198.72,34319.3,22305.8,18573.61,4695533,3660970,151446.0,73933.0,48608,45118.0,22167
1102,2021,Q2,Telangana,South,Hyderabad,Semi-Urban,735083,45,92,41,54,418462,276970,236200,112530,86849.69,42651.6,14938.57,29259.52,70551.95,30746.05,11965.82,27840.08,4347898,3058561,123461.0,75615.0,37890,28431.0,17081
1103,2021,Q3,Telangana,South,Hyderabad,Rural,735083,33,55,22,42,540513,404495,288464,170754,70059.06,29517.77,7744.28,32797.01,52621.33,26655.96,14433.92,11531.46,6217279,3383591,93834.0,105907.0,30701,33773.0,16649
1104,2021,Q4,Telangana,South,Hyderabad,Rural,735083,36,62,20,33,502056,349426,283153,134968,73181.42,41030.77,8117.71,24032.94,48134.48,22558.99,13886.84,11688.66,6054987,3652010,77782.0,69404.0,57485,29920.0,30238
1105,2022,Q1,Telangana,South,Hyderabad,Rural,743903,39,86,37,28,605700,459876,299683,180694,103597.07,53116.06,17213.75,33267.26,60462.05,24801.81,13865.05,21795.18,4825798,3656831,215790.0,61803.0,66115,41346.0,37295
1106,2022,Q2,Telangana,South,Hyderabad,Semi-Urban,743903,44,85,39,40,616181,438570,276527,217962,62124.42,29761.7,9803.63,22559.09,38774.65,19676.73,9980.0,9117.92,6668354,3227855,173919.0,94271.0,39677,36328.0,32348
1107,2022,Q3,Telangana,South,Hyderabad,Rural,743903,38,85,21,44,411881,346425,181958,156833,87144.9,49067.61,8750.6,29326.69,53525.97,25433.19,12641.1,15451.68,6056482,4539379,77072.0,68711.0,35137,18163.0,23096
1108,2022,Q4,Telangana,South,Hyderabad,Urban,743903,55,108,59,78,687856,567355,382121,271366,70574.81,39402.01,6243.6,24929.2,48331.46,24848.73,13235.74,10246.99,7384037,4261449,145290.0,123423.0,66974,39658.0,54427
1109,2023,Q1,Telangana,South,Hyderabad,Rural,752724,38,71,26,60,672477,519833,331088,148914,141553.86,60284.49,13820.33,67449.04,116207.27,42691.43,33915.09,39600.75,7706724,4825832,249505.0,154539.0,30068,41372.0,17945
1110,2023,Q2,Telangana,South,Hyderabad,Rural,752724,35,62,23,34,655025,484337,289744,203662,55928.13,28427.25,5060.52,22440.35,36083.39,19727.17,8769.28,7586.94,4767436,2333856,143250.0,99419.0,64374,25954.0,48937
1111,2023,Q3,Telangana,South,Hyderabad,Rural,752724,38,70,35,55,698924,450126,266763,234257,75839.96,32734.45,9871.25,33234.26,44836.76,23212.78,11941.29,9682.69,4902673,2872269,107696.0,129307.0,34465,46663.0,20670
1112,2023,Q4,Telangana,South,Hyderabad,Rural,752724,36,83,24,55,504162,429949,258556,202103,106962.35,51832.5,17269.11,37860.74,83948.84,30416.41,24359.13,29173.3,5322729,3518017,146677.0,63155.0,52221,27093.0,28442
1113,2024,Q1,Telangana,South,Hyderabad,Semi-Urban,761545,43,88,29,31,594782,376683,312092,214581,71637.05,40606.87,5825.05,25205.13,52717.0,28186.32,15180.29,9350.39,2985657,1588773,140130.0,73922.0,57710,15364.0,44834
1114,2024,Q2,Telangana,South,Hyderabad,Semi-Urban,761545,47,74,32,58,430973,361326,243062,181808,77179.45,39956.82,9713.37,27509.26,60611.68,23931.68,10629.46,26050.54,4824523,3014182,151063.0,112602.0,51072,21084.0,31338
1115,2024,Q3,Telangana,South,Hyderabad,Urban,761545,54,116,41,72,592947,486032,232671,134666,75774.98,34537.42,9346.09,31891.47,66202.13,26015.78,18451.33,21735.02,8543740,5401318,211239.0,144968.0,57813,33172.0,32624
1116,2024,Q4,Telangana,South,Hyderabad,Rural,761545,39,71,26,53,707588,610631,299725,163383,118861.22,65604.02,18770.99,34486.2,89904.89,36057.96,15694.25,38152.68,11504616,5742024,174450.0,135530.0,35795,39882.0,20138
1117,2025,Q1,Telangana,South,Hyderabad,Urban,770366,53,116,52,70,560200,396198,320765,139627,41546.65,22601.56,3559.32,15385.77,30235.68,12803.55,5459.57,11972.55,4077782,2645083,163453.0,51902.0,45563,21263.0,36114
1118,2025,Q2,Telangana,South,Hyderabad,Urban,770366,53,99,40,51,683007,532073,271771,272654,96388.7,45693.87,8669.46,42025.37,83444.83,41576.28,14890.63,26977.92,4707130,2862718,187784.0,122970.0,56810,26774.0,32534
1119,2025,Q3,Telangana,South,Hyderabad,Rural,770366,44,72,39,46,629519,445796,310793,219506,107261.95,47390.07,18934.34,40937.54,88856.12,41092.73,25292.92,22470.47,6886329,5254291,142401.0,56552.0,34444,,25866
1120,2025,Q4,Telangana,South,Hyderabad,Urban,770366,54,95,33,49,599259,525696,297536,247566,105469.65,44665.11,11950.51,48854.03,60008.19,24870.3,10124.98,25012.9,7056709,3846912,138590.0,106262.0,60823,32670.0,42938
1121,2021,Q1,Telangana,South,Warangal,Urban,818241,46,74,40,48,610419,407485,311198,213643,66234.2,37295.69,10421.94,18516.56,41389.19,21761.23,7012.31,12615.64,6855131,3374169,133500.0,55427.0,36063,43188.0,23996
1122,2021,Q2,Telangana,South,Warangal,Semi-Urban,818241,37,57,28,58,637171,546636,364915,231840,72075.92,31093.87,8849.28,32132.77,61414.35,27367.0,17659.04,16388.31,9524939,6590733,236396.0,173194.0,71410,39761.0,50719
1123,2021,Q3,Telangana,South,Warangal,Semi-Urban,818241,39,73,27,32,598339,521743,305304,138693,114874.42,63491.97,17547.54,33834.91,68871.78,28912.37,16470.01,23489.4,9284467,6413778,125209.0,73698.0,42143,24752.0,24958
1124,2021,Q4,Telangana,South,Warangal,Rural,818241,39,83,25,55,722290,576937,385681,184967,110611.61,58165.08,10146.29,42300.24,73406.98,30464.45,17628.96,25313.57,9358661,4770018,241714.0,135071.0,71750,37436.0,33282
1125,2022,Q1,Telangana,South,Warangal,Semi-Urban,828059,36,77,38,35,617004,404686,349199,177047,61673.14,26329.82,6493.18,28850.15,35297.2,13253.19,6201.79,15842.22,4846256,3242751,180825.0,123869.0,63556,27497.0,37305
1126,2022,Q2,Telangana,South,Warangal,Semi-Urban,828059,41,75,35,47,626893,534251,326493,264387,103139.68,55505.38,15116.64,32517.66,78715.64,35118.9,13282.87,30313.87,6600611,3482312,249701.0,155138.0,69944,29171.0,41570
1127,2022,Q3,Telangana,South,Warangal,Semi-Urban,828059,45,90,33,38,490324,304163,206569,150225,50446.56,24339.07,5590.8,20516.69,39808.64,17848.02,6477.1,15483.52,3230072,2442071,84841.0,79669.0,64389,19366.0,41277
1128,2022,Q4,Telangana,South,Warangal,Semi-Urban,828059,46,78,31,53,756542,541928,348331,196723,118845.16,58293.88,18423.96,42127.32,77232.66,37951.89,15150.6,24130.18,9061826,4935449,229218.0,155060.0,63474,39284.0,51720
1129,2023,Q1,Telangana,South,Warangal,Rural,837878,32,59,19,29,516395,343183,197161,199686,73397.8,38020.65,11973.66,23403.49,52570.62,19388.48,12950.61,20231.53,5318789,3720225,135975.0,84183.0,51075,34058.0,36056
1130,2023,Q2,Telangana,South,Warangal,Rural,837878,38,75,36,45,773420,501499,405631,304058,124602.99,60018.37,17277.05,47307.57,84859.91,44690.34,14883.6,25285.97,6490278,4508629,193669.0,73631.0,37646,46561.0,18890
1131,2023,Q3,Telangana,South,Warangal,Semi-Urban,837878,38,62,36,39,490857,410543,209389,183901,68259.55,29503.48,9510.26,29245.82,38110.67,13837.71,9844.39,14428.56,5468208,3595318,147839.0,76056.0,57744,28041.0,46074
1132,2023,Q4,Telangana,South,Warangal,Rural,837878,37,66,21,30,497317,355046,249652,114248,81835.39,46986.67,11198.23,23650.49,65840.63,34384.36,18727.61,12728.66,4954881,2976006,125970.0,70777.0,41427,20487.0,22210
1133,2024,Q1,Telangana,South,Warangal,Rural,847697,34,59,27,48,616521,547033,252506,245717,71130.84,32460.11,11003.67,27667.06,40580.07,19314.6,7735.14,13530.32,9199695,6145423,215664.0,135207.0,50433,21379.0,34963
1134,2024,Q2,Telangana,South,Warangal,Rural,847697,33,73,22,38,665455,480123,341228,181366,57681.15,27179.78,8729.82,21771.54,41385.42,20022.26,7264.43,14098.74,5747238,4424583,170395.0,95277.0,36601,41747.0,20944
1135,2024,Q3,Telangana,South,Warangal,Rural,847697,34,62,23,44,483746,344931,210933,182758,49171.48,21993.57,5753.2,21424.72,30284.77,12336.19,8072.21,9876.38,2669204,1465325,118609.0,52607.0,77764,32539.0,47658
1136,2024,Q4,Telangana,South,Warangal,Rural,847697,34,77,29,50,630948,426538,331364,208555,94868.02,49674.44,11215.84,33977.74,62571.08,30302.87,15199.36,17068.85,6652265,4472116,165824.0,133534.0,60875,28352.0,46295
1137,2025,Q1,Telangana,South,Warangal,Rural,857516,32,53,19,40,583308,406573,290727,131472,60547.37,32292.32,8143.63,20111.42,50404.25,21013.59,10156.54,19234.11,4987059,3145623,92955.0,126177.0,77524,23038.0,44411
1138,2025,Q2,Telangana,South,Warangal,Semi-Urban,857516,47,102,43,66,666176,573970,326440,178642,99666.56,52282.29,10395.39,36988.88,56167.67,22494.93,16724.82,16947.92,8048094,5986509,153801.0,122183.0,69129,46930.0,46566
1139,2025,Q3,Telangana,South,Warangal,Urban,857516,54,120,39,80,595097,429511,262917,199273,50251.98,28321.31,8688.26,13242.41,28901.74,13293.05,6807.96,8800.72,5326147,3338910,136082.0,100411.0,68875,30527.0,39241
1140,2025,Q4,Telangana,South,Warangal,Semi-Urban,857516,42,86,38,52,696182,492079,326667,250923,117642.4,56286.39,17833.21,43522.8,73328.52,25804.19,16569.55,30954.78,5322223,3795695,130438.0,96278.0,47064,39705.0,32914
1141,2021,Q1,Telangana,South,Nizamabad,Rural,549851,32,50,26,38,320465,243615,167528,74084,55784.28,30866.35,5679.19,19238.74,46020.93,16977.68,9965.2,19078.05,3522437,1717570,66230.0,71916.0,19558,12678.0,9837
1142,2021,Q2,Telangana,South,Nizamabad,Semi-Urban,549851,37,76,39,57,445175,276715,201129,145910,62915.34,36093.79,10602.45,16219.1,36864.59,14863.66,10198.05,11802.89,4160816,2836058,120182.0,48445.0,34866,15613.0,27153
1143,2021,Q3,Telangana,South,Nizamabad,Semi-Urban,549851,37,79,38,33,516091,342142,258116,184764,66096.04,37182.04,9552.69,19361.31,47193.25,17729.08,7599.4,21864.77,5428802,4180909,86388.0,106487.0,20422,30455.0,9524
1144,2021,Q4,Telangana,South,Nizamabad,Semi-Urban,549851,34,63,20,41,363741,292695,186102,133875,71652.99,35428.86,11497.52,24726.61,53084.99,18975.3,14759.27,19350.41,2520177,1268602,68311.0,45123.0,20092,10094.0,12330
1145,2022,Q1,Telangana,South,Nizamabad,Rural,556449,30,51,16,32,374701,265741,175755,135069,62031.26,31191.47,7893.91,22945.88,38485.85,19284.35,6916.24,12285.27,3708809,2801213,92396.0,54281.0,51079,12511.0,27933
1146,2022,Q2,Telangana,South,Nizamabad,Semi-Urban,556449,33,64,26,44,438121,390716,217656,139258,66688.28,34546.4,9650.11,22491.77,58057.14,27500.45,12380.1,18176.58,2794527,1733162,156186.0,98418.0,44278,21885.0,32697
1147,2022,Q3,Telangana,South,Nizamabad,Rural,556449,30,59,22,27,453380,328970,229534,173918,76171.57,38913.29,9518.84,27739.44,63783.47,33534.26,13274.86,16974.34,3739773,2428141,80219.0,50502.0,41403,18846.0,28856
1148,2022,Q4,Telangana,South,Nizamabad,Urban,556449,44,91,28,53,425060,367165,191302,131266,64604.64,34566.24,5429.3,24609.1,47546.45,17798.27,9705.62,20042.56,4046560,2795776,143937.0,55619.0,41204,12561.0,27342
1149,2023,Q1,Telangana,South,Nizamabad,Rural,563047,28,45,30,23,482808,411523,279494,149678,97179.45,43503.65,12433.49,41242.31,55373.2,26254.91,13366.92,15751.37,2988379,2157215,112375.0,115053.0,20606,27926.0,9873
1150,2023,Q2,Telangana,South,Nizamabad,Rural,563047,25,53,17,29,512295,324742,277774,119726,43817.93,25373.05,4294.97,14149.91,37066.97,20319.61,7922.32,8825.04,3675785,1942814,124724.0,89569.0,34360,32579.0,25387
1151,2023,Q3,Telangana,South,Nizamabad,Rural,563047,30,48,24,29,402635,324602,169897,118761,72079.96,34036.45,10554.68,27488.83,57848.01,27101.63,11195.3,19551.08,5365813,3698554,71433.0,91073.0,22293,21847.0,16803
1152,2023,Q4,Telangana,South,Nizamabad,Rural,563047,33,56,28,47,321560,253114,163556,111419,51935.73,22896.63,5375.02,23664.08,39173.46,13849.33,9748.87,15575.26,3643380,2332590,99473.0,42481.0,28513,15482.0,22427
1153,2024,Q1,Telangana,South,Nizamabad,Rural,569645,29,46,17,40,392457,268335,207792,100347,41425.48,19595.5,5739.05,16090.93,27402.44,11744.42,7694.72,7963.3,4342432,2826569,120744.0,76620.0,42024,20744.0,31125
1154,2024,Q2,Telangana,South,Nizamabad,Rural,569645,31,50,30,42,497150,334741,215923,140249,65010.84,31313.19,6385.09,27312.56,41436.07,20356.61,11588.57,9490.89,2475964,1251784,75636.0,78054.0,44036,30714.0,33078
1155,2024,Q3,Telangana,South,Nizamabad,Rural,569645,31,54,19,43,365377,242443,184377,86297,27663.44,11619.71,4141.19,11902.54,20347.5,7975.71,3919.35,8452.44,3666787,2258105,104457.0,53425.0,28062,26862.0,18500
1156,2024,Q4,Telangana,South,Nizamabad,Rural,569645,33,61,24,29,522350,452698,219297,153545,85173.04,43834.34,12774.2,28564.5,65226.44,32044.56,16889.6,16292.28,7996622,3890693,213152.0,85695.0,29787,14329.0,20581
1157,2025,Q1,Telangana,South,Nizamabad,Rural,576243,32,50,30,47,467043,293558,257613,174588,55931.55,27785.18,9324.36,18822.01,35414.72,13110.27,9953.27,12351.17,2981355,1885608,66589.0,88713.0,24742,32745.0,17998
1158,2025,Q2,Telangana,South,Nizamabad,Urban,576243,50,104,32,48,427778,337958,241819,128602,76156.98,33842.63,12662.69,29651.66,52459.44,26045.29,10549.35,15864.8,5976937,4327516,103697.0,42388.0,23415,32072.0,15778
1159,2025,Q3,Telangana,South,Nizamabad,Urban,576243,48,100,29,54,417826,284326,183865,176780,44482.57,22498.99,6543.2,15440.38,35109.23,17584.44,5798.52,11726.27,4964893,3280106,91660.0,78130.0,21976,18732.0,10492
1160,2025,Q4,Telangana,South,Nizamabad,Semi-Urban,576243,39,62,25,41,422325,309908,199624,156167,52119.79,24420.16,6012.68,21686.95,39222.94,17575.76,10246.01,11401.17,3901785,2447629,113345.0,86995.0,43332,15229.0,25686
1161,2021,Q1,Telangana,South,Karimnagar,Rural,740682,31,51,26,43,616914,510608,268872,145273,63068.79,32679.87,9636.28,20752.65,53399.8,27797.31,10176.73,15425.75,8906220,5790853,120041.0,155748.0,65405,22573.0,32119
1162,2021,Q2,Telangana,South,Karimnagar,Rural,740682,33,72,30,42,413912,293421,235060,102731,72514.23,38958.51,12974.86,20580.86,49675.05,24163.87,9294.78,16216.4,2747331,2066111,95046.0,64057.0,57752,16220.0,28872
1163,2021,Q3,Telangana,South,Karimnagar,Rural,740682,35,68,21,32,508812,406092,218447,136934,57866.16,28864.85,9499.52,19501.8,45153.98,21825.83,8202.27,15125.89,3257548,1919364,95171.0,90152.0,27084,17218.0,13293
1164,2021,Q4,Telangana,South,Karimnagar,Semi-Urban,740682,42,76,24,39,606602,502738,245050,232631,76705.05,40457.41,12223.66,24023.98,59835.33,21407.51,13925.32,24502.51,5229998,3169547,132324.0,157856.0,34665,19247.0,23306
1165,2022,Q1,Telangana,South,Karimnagar,Rural,749570,29,62,16,32,599158,443735,242803,229736,65341.15,33196.08,5352.56,26792.5,42925.28,21468.15,12353.02,9104.11,4096384,2708371,165889.0,72560.0,44528,20289.0,33010
1166,2022,Q2,Telangana,South,Karimnagar,Rural,749570,31,56,18,41,494441,338792,217886,199540,65535.09,35645.64,6608.91,23280.54,44964.74,20846.34,10873.46,13244.94,4158244,3230033,80614.0,97355.0,58501,36899.0,36141
1167,2022,Q3,Telangana,South,Karimnagar,Rural,749570,35,78,25,40,665081,573383,256147,240022,93408.85,53132.99,11632.88,28642.98,72158.81,37995.91,12859.92,21302.98,9588443,6025863,253732.0,151866.0,27740,38924.0,16327
1168,2022,Q4,Telangana,South,Karimnagar,Rural,749570,36,68,29,46,626767,524927,322359,243643,60573.31,29194.2,8048.84,23330.28,41986.22,18689.89,8395.56,14900.77,6657812,3445939,138679.0,74003.0,37253,19856.0,18267
1169,2023,Q1,Telangana,South,Karimnagar,Urban,758458,49,101,49,58,555865,426889,246829,199096,110355.77,54506.92,19355.51,36493.34,96582.23,43328.73,27144.39,26109.1,3031491,2158266,94445.0,56917.0,30176,14370.0,15225
1170,2023,Q2,Telangana,South,Karimnagar,Rural,758458,33,63,19,37,492233,342999,267962,210308,64013.21,36425.55,8324.59,19263.08,50635.52,21912.42,9537.54,19185.55,4137261,2320940,133862.0,86767.0,64399,19081.0,44682
1171,2023,Q3,Telangana,South,Karimnagar,Rural,758458,29,60,19,32,516075,459208,297488,195196,96091.74,55615.21,8682.43,31794.11,66024.55,26263.87,19380.74,20379.93,8500389,5641944,176935.0,109946.0,55951,14057.0,42961
1172,2023,Q4,Telangana,South,Karimnagar,Urban,758458,51,118,34,46,527222,372671,232569,182996,100842.45,43448.74,10870.6,46523.11,63949.7,26954.03,14031.0,22964.67,4664694,3010956,119696.0,115688.0,60614,32294.0,40350
1173,2024,Q1,Telangana,South,Karimnagar,Urban,767346,52,93,32,74,538342,431913,283955,155370,80399.87,45085.58,12456.81,22857.47,64456.9,34132.3,16957.74,13366.85,4927224,2494175,133155.0,62263.0,32187,39034.0,22533
1174,2024,Q2,Telangana,South,Karimnagar,Urban,767346,51,105,39,36,710356,454529,356621,171524,74852.7,38069.69,12628.22,24154.8,56869.74,27458.85,16335.86,13075.04,5263588,3892986,188561.0,133263.0,56593,22575.0,26277
1175,2024,Q3,Telangana,South,Karimnagar,Rural,767346,38,81,40,45,647921,451652,334272,238623,119249.08,62467.54,11961.27,44820.28,94580.09,48962.44,22994.62,22623.02,5689722,3886926,112947.0,82458.0,41605,43420.0,24445
1176,2024,Q4,Telangana,South,Karimnagar,Rural,767346,34,74,30,48,528253,330124,208528,128618,90395.75,52399.14,14087.17,23909.44,67650.47,36986.13,13819.86,16844.48,3519931,2704401,86842.0,88293.0,72348,37675.0,57846
1177,2025,Q1,Telangana,South,Karimnagar,Semi-Urban,776234,39,84,25,56,720313,489428,284960,231664,132650.55,70502.57,21498.62,40649.36,80617.86,38727.82,19734.86,22155.19,7855451,6060798,127198.0,99297.0,58159,51212.0,29013
1178,2025,Q2,Telangana,South,Karimnagar,Urban,776234,52,81,43,50,675508,459961,258250,207426,54518.3,28513.05,5968.14,20037.11,34407.14,13112.53,6156.27,15138.34,5510362,2849303,164078.0,117888.0,57336,35704.0,33889
1179,2025,Q3,Telangana,South,Karimnagar,Rural,776234,34,61,19,37,611063,539973,308688,214517,70260.39,34533.68,9827.15,25899.55,55430.6,28558.81,10854.97,16016.82,7356026,4011861,152659.0,125846.0,54529,25844.0,37436
1180,2025,Q4,Telangana,South,Karimnagar,Rural,776234,35,70,34,55,704997,536496,336755,219900,52547.18,22567.45,7862.92,22116.81,36066.67,13083.33,9257.61,13725.73,7733088,4086642,207920.0,141630.0,30027,46429.0,15909
1181,2021,Q1,Telangana,South,Khammam,Urban,868656,50,90,53,62,481189,373259,217869,109106,65722.05,32900.87,9460.42,23360.76,50022.01,24220.85,10717.89,15083.27,3181106,2434319,118024.0,45133.0,74309,18648.0,44469
1182,2021,Q2,Telangana,South,Khammam,Urban,868656,49,85,41,35,689987,607478,384287,224531,110211.49,47469.84,10566.23,52175.42,95670.16,38382.27,20456.47,36831.42,8863060,5928319,214030.0,191857.0,57734,41422.0,40164
1183,2021,Q3,Telangana,South,Khammam,Urban,868656,39,85,38,33,559923,497446,262504,184286,64122.42,34557.95,8222.71,21341.77,41928.3,15479.94,12157.39,14290.98,7498413,4758890,222174.0,138425.0,77174,36162.0,58028
1184,2021,Q4,Telangana,South,Khammam,Rural,868656,35,66,32,36,647273,518480,302633,250195,60807.71,26952.02,10567.41,23288.29,39745.89,20234.1,9260.73,10251.07,9361670,4935194,126344.0,122629.0,47149,30394.0,26015
1185,2022,Q1,Telangana,South,Khammam,Urban,879079,49,84,32,42,634705,488215,242552,250653,83719.34,36063.52,7226.65,40429.17,53163.65,23916.12,14908.87,14338.66,5078370,2904661,222026.0,139856.0,82850,37488.0,46630
1186,2022,Q2,Telangana,South,Khammam,Rural,879079,27,51,24,40,553413,356194,255206,150276,85084.76,39965.82,12638.93,32480.01,56431.49,26917.46,14030.48,15483.55,3985991,2315607,104123.0,88031.0,46026,23399.0,34109
1187,2022,Q3,Telangana,South,Khammam,Rural,879079,33,60,18,23,533201,347013,282392,150319,77439.49,36188.9,8008.38,33242.21,49667.41,19278.08,12243.43,18145.9,5415895,3005895,136131.0,51945.0,45690,35426.0,35794
1188,2022,Q4,Telangana,South,Khammam,Semi-Urban,879079,40,66,43,52,660778,586345,359117,241359,117546.39,62242.01,11643.91,43660.47,102975.37,48171.5,28214.55,26589.32,6999146,4598449,191094.0,159320.0,71810,20367.0,41794
1189,2023,Q1,Telangana,South,Khammam,Rural,889503,27,47,18,39,812260,662842,313532,312808,121417.53,59491.45,10214.64,51711.44,94095.66,41291.59,26569.42,26234.64,9720977,6110242,273035.0,127207.0,41776,37359.0,22239
1190,2023,Q2,Telangana,South,Khammam,Rural,889503,28,48,18,19,763651,489924,358772,235017,81604.59,42156.72,13167.01,26280.87,58243.35,28804.97,17226.58,12211.8,6202391,4822969,152163.0,108201.0,43573,44876.0,21836
1191,2023,Q3,Telangana,South,Khammam,Urban,889503,51,115,43,67,734017,549730,342762,190183,99153.68,45925.79,15492.18,37735.71,56476.42,25046.94,9498.06,21931.42,7783423,5105557,188946.0,68996.0,73713,39757.0,58426
1192,2023,Q4,Telangana,South,Khammam,Semi-Urban,889503,41,67,28,29,625301,476898,355914,206146,104516.92,46458.33,16835.96,41222.62,66018.14,34611.13,12132.75,19274.26,6937355,5099415,210508.0,130941.0,48782,20823.0,24786
1193,2024,Q1,Telangana,South,Khammam,Rural,899927,34,55,35,52,752653,656373,401914,249085,116705.58,51385.81,11589.5,53730.27,84344.48,31464.34,24889.81,27990.33,5617424,3398317,230946.0,128660.0,47827,22125.0,38634
1194,2024,Q2,Telangana,South,Khammam,Rural,899927,32,67,19,48,704628,566467,377932,244676,58934.44,27223.28,7583.19,24127.97,40277.41,20755.21,7837.45,11684.75,9881837,7688459,154270.0,176520.0,62187,21601.0,48236
1195,2024,Q3,Telangana,South,Khammam,Rural,899927,32,66,19,44,517256,336694,241505,154983,112451.28,50642.33,19641.48,42167.47,87537.3,37795.86,23070.31,26671.13,3175193,1913422,152871.0,52533.0,40634,22252.0,27993
1196,2024,Q4,Telangana,South,Khammam,Semi-Urban,899927,40,71,28,56,630831,535684,365046,268563,98326.98,42327.64,15123.09,40876.25,85812.83,31201.28,13804.15,40807.4,4484598,3377354,233698.0,75237.0,35793,19367.0,23649
1197,2025,Q1,Telangana,South,Khammam,Semi-Urban,910351,35,71,28,25,542943,425041,292501,206454,96297.11,41129.55,16323.34,38844.22,81223.09,37068.98,15822.52,28331.59,3937358,2602353,158951.0,98429.0,75411,35457.0,35600
1198,2025,Q2,Telangana,South,Khammam,Rural,910351,27,56,27,31,754355,472150,378447,318338,129133.7,65930.69,21221.56,41981.44,76314.6,28595.28,13494.34,34224.98,7040249,5285724,163883.0,87844.0,65693,26900.0,52188
1199,2025,Q3,Telangana,South,Khammam,Rural,910351,35,81,28,49,704288,532587,343370,226567,94405.84,43421.79,13371.47,37612.58,74134.72,39174.13,15306.06,19654.53,7754220,5516583,236338.0,164600.0,54022,51136.0,37719
1200,2025,Q4,Telangana,South,Khammam,Rural,910351,36,67,32,32,770867,526435,384167,282423,147987.56,81069.36,25349.26,41568.94,110585.87,57422.37,21283.59,31879.9,9643118,5583288,227330.0,86512.0,41248,24982.0,21419
1201,2021,Q1,Kerala,South,Thiruvananthapuram,Urban,1209065,36,66,33,47,1104246,957261,483288,348482,201767.2,95626.84,25108.75,81031.62,170862.08,72051.99,38832.14,59977.96,9078840,5242471,435717.0,268462.0,67922,78000.0,55669
1202,2021,Q2,Kerala,South,Thiruvananthapuram,Semi-Urban,1209065,31,60,17,41,851472,678824,426875,273300,151910.15,81111.09,18378.7,52420.37,119333.14,57881.82,19264.35,42186.98,5998665,4190325,199701.0,107130.0,59695,41498.0,32318
1203,2021,Q3,Kerala,South,Thiruvananthapuram,Semi-Urban,1209065,31,63,31,24,1003369,712874,405892,335714,110661.59,47237.38,9944.64,53479.58,79889.78,37371.51,20945.83,21572.44,12838221,8084379,204885.0,205558.0,97489,51415.0,46375
1204,2021,Q4,Kerala,South,Thiruvananthapuram,Rural,1209065,32,51,35,28,968022,677244,494319,255736,157555.16,88738.86,25845.69,42970.61,121948.71,44326.27,23072.65,54549.78,6256494,4024183,300313.0,97790.0,62207,34949.0,41246
1205,2022,Q1,Kerala,South,Thiruvananthapuram,Rural,1223573,27,50,25,21,953493,707699,439762,256280,80592.2,38057.7,11936.44,30598.06,69527.2,32190.96,14990.1,22346.14,10058375,6835514,205056.0,217128.0,74111,64124.0,52919
1206,2022,Q2,Kerala,South,Thiruvananthapuram,Rural,1223573,24,48,18,16,1061793,694829,511774,308565,125778.88,72891.84,15198.86,37688.17,76746.33,36279.62,14818.2,25648.5,5038687,3070320,171930.0,90351.0,74152,36395.0,54878
1207,2022,Q3,Kerala,South,Thiruvananthapuram,Rural,1223573,28,44,30,27,890687,623120,468220,286794,76545.64,41033.06,7938.41,27574.17,45580.77,20506.13,12415.62,12659.03,10379854,5442677,182252.0,109224.0,88101,64798.0,67069
1208,2022,Q4,Kerala,South,Thiruvananthapuram,Rural,1223573,31,55,19,48,1147103,786680,589541,455104,114014.82,48090.74,13818.17,52105.91,96549.39,51228.71,17174.6,28146.08,12997591,8624622,214867.0,158602.0,80549,62627.0,39114
1209,2023,Q1,Kerala,South,Thiruvananthapuram,Rural,1238082,22,43,19,26,1095967,799101,529648,243627,184025.11,101333.2,19610.43,63081.47,101868.97,38808.64,30356.51,32703.83,6504857,3727951,242246.0,113284.0,46129,55427.0,24406
1210,2023,Q2,Kerala,South,Thiruvananthapuram,Rural,1238082,28,46,22,34,713434,521983,314271,192966,110205.69,57407.46,10567.43,42230.8,71003.77,27828.92,16733.49,26441.36,8167031,4150420,177410.0,97119.0,115752,21993.0,85197
1211,2023,Q3,Kerala,South,Thiruvananthapuram,Rural,1238082,24,56,26,20,988372,760992,406097,252265,196639.32,86546.51,19954.76,90138.05,125564.99,56778.41,25989.03,42797.55,8303819,4161001,257445.0,116660.0,109424,34531.0,79885
1212,2023,Q4,Kerala,South,Thiruvananthapuram,Rural,1238082,26,50,18,34,1092257,764749,467970,396601,112382.26,48898.47,15959.82,47523.96,80850.52,30139.55,20283.33,30427.64,8825554,5539188,257035.0,124977.0,50133,79604.0,34905
1213,2024,Q1,Kerala,South,Thiruvananthapuram,Rural,1252591,26,52,18,35,1045533,809840,447681,285720,121528.66,57607.61,18039.16,45881.88,100161.36,41718.86,19301.36,39141.15,9135021,4458541,353484.0,241446.0,96070,67124.0,43872
1214,2024,Q2,Kerala,South,Thiruvananthapuram,Semi-Urban,1252591,38,76,28,52,901136,729467,435630,245269,143057.07,82375.82,16882.29,43798.95,81725.06,44752.17,20213.3,16759.59,7850795,4083834,339987.0,102683.0,106633,62193.0,67763
1215,2024,Q3,Kerala,South,Thiruvananthapuram,Rural,1252591,30,58,27,29,888495,556181,446049,274420,174783.52,84558.71,18589.79,71635.02,148346.47,52403.84,30524.92,65417.71,7367010,3985997,258797.0,139493.0,106473,31283.0,57692
1216,2024,Q4,Kerala,South,Thiruvananthapuram,Rural,1252591,27,45,29,33,1003819,890599,427742,222087,152149.52,75530.68,13113.47,63505.37,106499.11,43399.66,21133.58,41965.87,10275314,5883981,247425.0,166101.0,117399,71910.0,77784
1217,2025,Q1,Kerala,South,Thiruvananthapuram,Urban,1267100,44,89,29,58,801373,572997,340993,217529,65325.7,30530.52,5790.3,29004.88,37804.36,17435.51,11303.84,9065.01,6638122,4308137,147664.0,80176.0,66729,32155.0,40508
1218,2025,Q2,Kerala,South,Thiruvananthapuram,Rural,1267100,29,66,16,26,1100025,938880,442552,466949,172339.15,84957.35,18907.99,68473.81,103318.59,42178.33,24921.77,36218.49,10165175,6306476,408180.0,180927.0,93351,68840.0,53295
1219,2025,Q3,Kerala,South,Thiruvananthapuram,Semi-Urban,1267100,41,68,28,44,1140087,889873,653360,275545,150396.69,77609.65,24243.41,48543.62,124480.0,60253.17,31096.98,33129.85,14812323,11204798,415346.0,175071.0,81718,70064.0,48172
1220,2025,Q4,Kerala,South,Thiruvananthapuram,Rural,1267100,29,58,19,32,1131895,729036,437008,393175,131104.43,63574.33,11623.98,55906.11,72261.74,38275.93,13765.27,20220.54,12437391,6372661,241150.0,229198.0,83009,69616.0,58804
1221,2021,Q1,Kerala,South,Kochi,Rural,1316158,37,75,21,28,1223258,810415,536878,466309,147078.83,72768.31,20134.36,54176.17,102868.85,54910.28,20559.15,27399.41,8986560,6311242,317639.0,115450.0,63819,66653.0,32341
1222,2021,Q2,Kerala,South,Kochi,Rural,1316158,30,59,27,24,1198823,819055,484318,314771,107979.06,59135.2,13989.1,34854.77,73232.63,39554.82,15521.01,18156.8,7886379,4965440,215749.0,143177.0,69085,60903.0,48196
1223,2021,Q3,Kerala,South,Kochi,Semi-Urban,1316158,36,59,30,31,770227,591215,343027,291755,96481.39,52231.52,8275.14,35974.72,69266.69,32037.51,17825.25,19403.92,6727284,3776955,206586.0,128109.0,120786,31486.0,57188
1224,2021,Q4,Kerala,South,Kochi,Rural,1316158,35,78,30,49,1142732,971900,560078,293905,109370.8,52349.49,14853.08,42168.23,78145.18,36762.59,12854.54,28528.05,9400084,6351256,222115.0,256891.0,89228,84664.0,67732
1225,2022,Q1,Kerala,South,Kochi,Rural,1331951,29,53,27,36,987546,661091,533896,273910,180624.73,86634.31,15183.41,78807.01,113197.2,59747.09,31074.49,22375.62,9146986,5669982,244247.0,140987.0,98109,39867.0,74586
1226,2022,Q2,Kerala,South,Kochi,Semi-Urban,1331951,40,72,40,45,826187,530213,429552,331858,150877.13,66781.24,13489.08,70606.81,100161.26,52182.23,29511.82,18467.21,7058493,3455430,149919.0,144440.0,90006,53947.0,49698
1227,2022,Q3,Kerala,South,Kochi,Urban,1331951,49,82,49,52,1150280,884272,547661,447978,156634.39,68309.19,22497.57,65827.63,122465.18,64884.44,23440.49,34140.25,10210514,5227926,333456.0,182735.0,57345,76895.0,41713
1228,2022,Q4,Kerala,South,Kochi,Rural,1331951,34,75,20,42,1187376,1015066,539729,447046,163360.59,82484.34,25563.6,55312.65,94084.04,44031.82,22301.66,27750.56,18398224,13167693,384297.0,263032.0,64171,78716.0,31775
1229,2023,Q1,Kerala,South,Kochi,Semi-Urban,1347745,40,78,28,42,1254407,848575,622086,297897,135607.3,63520.61,24216.29,47870.4,96995.78,43968.95,16012.46,37014.37,10745769,6433517,397724.0,131399.0,80777,71708.0,56137
1230,2023,Q2,Kerala,South,Kochi,Rural,1347745,34,66,33,37,831328,588331,351216,204857,103350.72,44610.33,14508.62,44231.78,90710.73,49240.05,25043.81,16426.87,9512699,4725110,170173.0,73236.0,63799,43414.0,32920
1231,2023,Q3,Kerala,South,Kochi,Semi-Urban,1347745,43,94,28,58,931177,751195,376572,342834,169785.82,73858.98,15682.04,80244.8,117506.41,47960.95,32075.59,37469.87,11518855,6779890,257798.0,162939.0,75733,58521.0,55937
1232,2023,Q4,Kerala,South,Kochi,Rural,1347745,37,61,24,37,897539,724480,489721,233663,128677.81,64457.86,18282.0,45937.95,108718.33,42232.56,18719.22,47766.54,6751751,3478003,277530.0,144045.0,92367,35922.0,75652
1233,2024,Q1,Kerala,South,Kochi,Rural,1363539,34,59,27,38,994484,838254,420987,407643,169492.5,76084.57,18297.31,75110.62,111826.06,51595.05,18618.09,41612.92,8274042,4242814,383696.0,117133.0,68722,66514.0,46567
1234,2024,Q2,Kerala,South,Kochi,Rural,1363539,30,67,29,41,1204583,955838,578546,359599,126558.69,71166.33,17642.05,37750.31,108014.08,45515.35,27794.11,34704.62,13472978,7362934,371489.0,242865.0,59471,89056.0,27758
1235,2024,Q3,Kerala,South,Kochi,Rural,1363539,29,63,27,43,963525,749593,538091,413070,198308.18,87833.95,16324.45,94149.78,163073.19,84502.64,43131.31,35439.24,8090428,4977186,219465.0,185871.0,79011,68103.0,42400
1236,2024,Q4,Kerala,South,Kochi,Rural,1363539,32,58,29,38,1245286,807507,528160,474370,143238.02,71695.13,20800.19,50742.7,80899.8,33033.36,22111.47,25754.98,8646420,5808165,286877.0,102614.0,64033,82649.0,44844
1237,2025,Q1,Kerala,South,Kochi,Rural,1379333,33,57,30,40,942197,674826,433073,264888,160060.51,78513.59,19172.92,62374.0,107315.28,43644.44,18457.96,45212.87,8613501,6133988,195519.0,124330.0,81024,68062.0,61263
1238,2025,Q2,Kerala,South,Kochi,Urban,1379333,53,119,47,65,831247,683510,415657,271365,134370.51,67698.22,16102.32,50569.97,105713.63,55533.72,29358.61,20821.31,11640643,6547427,290058.0,83906.0,121765,28967.0,74601
1239,2025,Q3,Kerala,South,Kochi,Semi-Urban,1379333,40,83,34,37,1109969,751659,575849,244918,158143.26,74089.58,20807.04,63246.65,120655.85,65523.66,33376.91,21755.28,8759076,4289835,305518.0,162203.0,77995,74832.0,46179
1240,2025,Q4,Kerala,South,Kochi,Rural,1379333,42,74,29,31,1092428,814360,547516,365795,201557.86,109533.11,26187.18,65837.56,134394.92,72128.05,22524.29,39742.58,11872347,5727933,211474.0,166064.0,107807,57829.0,67847
1241,2021,Q1,Kerala,South,Kozhikode,Rural,1318579,25,52,21,28,965264,749616,426075,232112,185652.65,98700.31,23466.44,63485.89,148455.02,69313.57,24870.99,54270.46,6256641,3168439,338395.0,135760.0,103147,58107.0,73137
1242,2021,Q2,Kerala,South,Kozhikode,Urban,1318579,37,67,31,46,1232841,872181,704280,309731,217329.47,119684.07,18009.78,79635.62,125134.67,45541.41,30409.52,49183.75,10591450,5300117,328605.0,262719.0,62727,31318.0,46253
1243,2021,Q3,Kerala,South,Kozhikode,Semi-Urban,1318579,34,55,20,45,1071843,739723,581613,264791,195462.98,84638.67,22273.44,88550.87,119620.92,54473.96,30641.92,34505.04,8391824,4098371,257157.0,186500.0,123213,70710.0,58792
1244,2021,Q4,Kerala,South,Kozhikode,Rural,1318579,28,57,18,34,1002985,680339,409460,380514,111495.1,59991.12,17126.41,34377.57,71492.06,37498.56,18327.35,15666.15,10812923,5876554,210836.0,139808.0,83236,57850.0,54071
1245,2022,Q1,Kerala,South,Kozhikode,Semi-Urban,1334401,28,52,23,39,1077764,796947,619584,261505,106675.4,48704.95,15205.96,42764.49,60063.77,23153.82,12076.94,24833.01,12326970,6590297,316921.0,235237.0,91972,28561.0,51954
1246,2022,Q2,Kerala,South,Kozhikode,Semi-Urban,1334401,33,63,20,36,839913,613215,401114,246436,164794.91,91438.57,25720.01,47636.33,126592.96,56888.06,20293.4,49411.5,5086853,3120213,232716.0,117241.0,105595,61384.0,62134
1247,2022,Q3,Kerala,South,Kozhikode,Rural,1334401,26,43,18,39,819752,583812,387683,326174,157039.44,89373.13,15098.7,52567.61,94500.25,51015.97,21863.13,21621.15,9389905,6836565,156657.0,127036.0,115876,43839.0,89313
1248,2022,Q4,Kerala,South,Kozhikode,Rural,1334401,31,63,29,33,774980,556471,391201,201796,70522.72,29981.88,10884.64,29656.2,44808.45,16796.34,11555.12,16456.99,5644715,4310133,244380.0,68988.0,77549,55744.0,42765
1249,2023,Q1,Kerala,South,Kozhikode,Rural,1350224,28,61,18,29,1074124,929048,550052,425562,151276.43,87255.78,14424.03,49596.61,129475.05,58842.89,32375.3,38256.86,10566532,6743080,416441.0,187603.0,48805,53527.0,27218
1250,2023,Q2,Kerala,South,Kozhikode,Urban,1350224,44,71,35,68,1221014,996808,607908,340606,138171.28,75410.75,15528.65,47231.87,106442.73,44867.63,23950.28,37624.82,9292962,5572335,363137.0,279475.0,57796,35150.0,38938
1251,2023,Q3,Kerala,South,Kozhikode,Rural,1350224,25,39,15,28,1098231,878099,449049,387711,138450.86,75902.76,15679.55,46868.55,82864.18,43478.06,15719.19,23666.93,13131641,9456357,260310.0,229463.0,62153,46800.0,30863
1252,2023,Q4,Kerala,South,Kozhikode,Rural,1350224,29,51,26,20,776832,575723,444065,316231,154015.29,65833.98,17033.42,71147.89,119054.49,44887.44,24048.54,50118.5,5674334,2879011,135066.0,,80571,,52281
1253,2024,Q1,Kerala,South,Kozhikode,Semi-Urban,1366047,34,53,26,41,1265214,987750,520951,415855,158474.61,71556.92,20614.81,66302.89,95007.61,47390.61,23100.8,24516.19,13339141,7667766,237472.0,294273.0,51552,71625.0,30321
1254,2024,Q2,Kerala,South,Kozhikode,Urban,1366047,41,64,23,63,1269420,796901,664168,338318,222272.68,96940.46,23088.94,102243.28,124016.07,44492.75,20356.8,59166.52,9901754,7093153,341215.0,143170.0,88378,58977.0,40148
1255,2024,Q3,Kerala,South,Kozhikode,Rural,1366047,30,52,27,38,1083439,752715,469581,434719,79064.73,40926.07,12785.13,25353.53,52835.32,25397.34,12574.91,14863.07,12368256,9619219,178228.0,183925.0,50241,62842.0,30314
1256,2024,Q4,Kerala,South,Kozhikode,Rural,1366047,28,57,17,29,893660,644441,427651,264017,123998.81,64684.95,20506.46,38807.39,77368.08,34937.52,19405.2,23025.36,9607357,4692942,236382.0,124460.0,78130,46140.0,35754
1257,2025,Q1,Kerala,South,Kozhikode,Rural,1381870,32,52,35,39,959029,661486,474315,388559,139579.51,66611.73,16584.17,56383.61,89950.31,44177.07,18915.31,26857.93,10626281,7454076,178327.0,128248.0,76111,67458.0,36357
1258,2025,Q2,Kerala,South,Kozhikode,Rural,1381870,31,51,19,24,1120123,882921,570726,408348,181870.16,94494.02,25098.97,62277.18,156664.38,62113.28,26354.27,68196.82,8930883,5816278,344258.0,236653.0,53301,81771.0,26153
1259,2025,Q3,Kerala,South,Kozhikode,Rural,1381870,29,47,27,43,903391,719150,350938,272081,96917.21,50702.8,9015.51,37198.9,80832.29,39039.34,20976.22,20816.73,9679917,6084930,333102.0,221839.0,76172,54906.0,49446
1260,2025,Q4,Kerala,South,Kozhikode,Urban,1381870,44,76,31,43,1198282,776164,564546,371218,100215.73,50322.37,8669.71,41223.64,71980.4,39002.4,21381.63,11596.36,8343006,6500324,278050.0,173099.0,71102,57092.0,32073
1261,2021,Q1,Kerala,South,Thrissur,Semi-Urban,1099562,27,50,27,34,678506,482520,365184,173792,111845.47,49614.2,16652.44,45578.83,66768.97,28689.76,13567.35,24511.86,4185596,3028693,192719.0,133403.0,38960,34945.0,24981
1262,2021,Q2,Kerala,South,Thrissur,Semi-Urban,1099562,33,57,18,36,637657,554643,264457,197226,84025.62,45811.2,10689.3,27525.11,46928.19,23662.23,8048.38,15217.58,5607214,3446933,214538.0,155680.0,39430,41571.0,28003
1263,2021,Q3,Kerala,South,Thrissur,Rural,1099562,30,55,19,34,873009,619685,353005,344143,94208.26,49988.31,10523.77,33696.18,71979.83,31810.9,17265.16,22903.76,9076015,5076142,231483.0,176504.0,42416,21911.0,33281
1264,2021,Q4,Kerala,South,Thrissur,Urban,1099562,37,60,30,30,1014852,699347,487463,258564,114543.32,56821.3,13971.79,43750.24,75502.75,28024.77,17201.65,30276.32,11065000,6526441,308449.0,186057.0,85221,48993.0,43087
1265,2022,Q1,Kerala,South,Thrissur,Rural,1112756,29,57,29,24,676965,598099,317367,261105,92863.1,41203.23,15333.55,36326.32,53475.89,22034.86,13598.14,17842.89,4356332,2939749,210463.0,177202.0,70824,22147.0,51347
1266,2022,Q2,Kerala,South,Thrissur,Rural,1112756,22,43,23,25,920289,768884,471694,375782,104600.98,50255.12,16866.81,37479.05,74575.3,38894.14,21274.7,14406.46,12006955,6725045,288629.0,170327.0,39971,41739.0,25496
1267,2022,Q3,Kerala,South,Thrissur,Rural,1112756,23,40,15,22,725540,563389,312068,302986,95061.14,44178.43,14542.05,36340.66,52712.12,28336.11,11719.21,12656.79,7275355,5560722,200273.0,178978.0,100052,52286.0,75096
1268,2022,Q4,Kerala,South,Thrissur,Rural,1112756,26,47,19,41,771201,501614,413105,228948,127865.73,65477.6,18383.26,44004.88,97452.18,46044.19,17772.13,33635.86,7384885,4819431,169880.0,60962.0,60187,39481.0,38064
1269,2023,Q1,Kerala,South,Thrissur,Rural,1125951,29,62,23,39,779010,668690,347875,323079,113058.14,59618.91,12898.31,40540.92,89206.12,36938.92,19237.79,33029.42,6028722,4470722,264415.0,130855.0,101706,43886.0,76292
1270,2023,Q2,Kerala,South,Thrissur,Urban,1125951,37,75,38,37,929905,591071,500097,366623,120449.26,67130.92,20278.94,33039.4,70481.53,36333.06,13983.12,20165.36,4503740,2445356,241807.0,109367.0,67016,57711.0,32654
1271,2023,Q3,Kerala,South,Thrissur,Semi-Urban,1125951,41,63,27,61,631091,551158,254109,156476,65072.31,32309.04,6150.61,26612.65,50538.06,27196.43,12136.37,11205.25,8943769,5972873,135398.0,72174.0,101740,33045.0,48131
1272,2023,Q4,Kerala,South,Thrissur,Rural,1125951,25,51,19,39,799991,618349,340058,201556,127760.72,53748.2,13859.25,60153.28,97402.38,49913.84,19843.94,27644.6,9565753,6594480,240125.0,107006.0,48205,46603.0,27641
1273,2024,Q1,Kerala,South,Thrissur,Rural,1139146,17,36,10,23,657564,445886,317719,208623,134006.33,63303.21,22783.07,47920.05,87510.28,35420.23,20058.41,32031.63,6315203,4406895,203959.0,116689.0,84955,41419.0,44288
1274,2024,Q2,Kerala,South,Thrissur,Rural,1139146,27,49,27,36,874506,546955,373554,339953,96833.45,43530.65,13618.34,39684.46,73332.92,36695.3,16233.56,20404.06,9528349,6065406,210301.0,118904.0,54195,51066.0,35385
1275,2024,Q3,Kerala,South,Thrissur,Semi-Urban,1139146,32,73,33,35,650077,458847,279159,199627,79742.47,33530.57,11519.85,34692.04,61338.64,29572.91,14284.74,17480.99,7385119,3621570,173851.0,129440.0,41950,43520.0,27798
1276,2024,Q4,Kerala,South,Thrissur,Urban,1139146,40,75,25,45,823248,629628,445862,294453,85028.28,43764.34,11719.54,29544.4,65796.99,30450.39,14741.94,20604.65,6329299,3981856,243350.0,166691.0,71185,22223.0,54011
1277,2025,Q1,Kerala,South,Thrissur,Rural,1152340,27,45,25,32,754206,668326,330605,253827,133785.61,76757.74,21992.41,35035.46,114244.39,48501.37,27049.62,38693.4,11388435,8470098,293023.0,200965.0,90856,19768.0,51472
1278,2025,Q2,Kerala,South,Thrissur,Rural,1152340,25,41,17,19,745593,662052,329841,189037,131358.15,61770.65,14166.94,55420.56,82726.82,35461.04,14246.59,33019.2,9467677,5740819,260831.0,188317.0,60310,33903.0,36597
1279,2025,Q3,Kerala,South,Thrissur,Semi-Urban,1152340,34,61,29,27,726355,633925,291893,220640,133646.31,63317.19,12889.35,57439.77,106010.11,53483.32,31506.7,21020.08,7567748,5709024,162462.0,166014.0,68529,34355.0,34053
1280,2025,Q4,Kerala,South,Thrissur,Rural,1152340,29,54,16,31,787625,665602,316170,299017,124649.28,54013.46,20465.34,50170.49,78817.23,29880.56,16572.51,32364.15,12517157,9315846,215807.0,123281.0,100689,35394.0,81181
1281,2021,Q1,Kerala,South,Kollam,Rural,907630,31,54,33,27,631668,496696,327623,234512,79356.1,39627.87,9004.44,30723.79,60868.22,23522.83,13095.66,24249.73,6632462,3363948,234038.0,68431.0,40316,34897.0,24765
1282,2021,Q2,Kerala,South,Kollam,Rural,907630,30,67,29,44,719710,544892,339587,270150,94726.76,41936.51,10960.67,41829.58,54219.86,21571.17,13657.77,18990.92,8443606,4483944,121637.0,131220.0,41622,19031.0,26621
1283,2021,Q3,Kerala,South,Kollam,Semi-Urban,907630,31,59,30,22,779175,628463,333709,257279,62500.63,27990.71,5139.43,29370.49,41740.39,20670.78,12060.6,9009.01,11648116,6579823,246475.0,125940.0,41957,37543.0,26718
1284,2021,Q4,Kerala,South,Kollam,Rural,907630,29,61,18,33,678498,577171,383618,243774,80175.19,36898.18,14163.3,29113.71,65854.26,28728.13,17768.01,19358.11,9039031,5435929,188302.0,77873.0,82430,27362.0,62814
1285,2022,Q1,Kerala,South,Kollam,Semi-Urban,918521,35,67,35,44,636286,485714,368549,239108,103265.55,50674.97,18072.13,34518.45,75607.63,31405.48,13007.75,31194.41,7014203,5208291,154301.0,113524.0,84171,19166.0,56591
1286,2022,Q2,Kerala,South,Kollam,Semi-Urban,918521,40,67,34,40,534827,341456,284443,186786,91731.67,40498.61,8728.87,42504.19,58095.47,24970.6,16933.94,16190.93,2600469,1782016,134947.0,58400.0,66610,31441.0,36411
1287,2022,Q3,Kerala,South,Kollam,Rural,918521,35,56,24,43,580728,469437,236562,130542,104113.92,46340.67,10127.26,47645.99,87699.89,42173.68,25773.99,19752.23,6043047,4388711,200923.0,128395.0,54890,38531.0,40089
1288,2022,Q4,Kerala,South,Kollam,Semi-Urban,918521,38,68,34,43,672782,603666,323527,152531,108407.82,60885.02,15531.42,31991.38,60320.37,22556.73,11012.91,26750.73,6659523,3820626,165964.0,168999.0,73789,30693.0,34969
1289,2023,Q1,Kerala,South,Kollam,Semi-Urban,929413,38,82,40,28,623497,500474,276265,196224,50494.63,28343.89,8972.19,13178.55,41611.41,14828.45,10455.27,16327.7,8300389,6444536,174601.0,153935.0,80595,32636.0,57586
1290,2023,Q2,Kerala,South,Kollam,Urban,929413,44,88,44,68,720369,478730,296152,175926,97541.48,50602.51,12513.33,34425.64,84969.18,34689.7,23989.72,26289.76,6765210,4814590,117808.0,115078.0,60580,25113.0,35531
1291,2023,Q3,Kerala,South,Kollam,Rural,929413,35,71,35,53,681138,439216,367414,218102,100270.26,52828.27,16946.68,30495.3,86654.38,46622.99,23684.8,16346.59,7392201,3708516,198175.0,57067.0,74140,22796.0,43241
1292,2023,Q4,Kerala,South,Kollam,Rural,929413,26,49,20,19,814839,700087,437977,324303,149804.66,76733.36,20712.63,52358.68,124902.67,52444.52,20860.19,51597.96,9065839,5005539,290509.0,119657.0,78651,59413.0,36994
1293,2024,Q1,Kerala,South,Kollam,Rural,940304,33,62,26,27,671528,473362,337267,178371,100748.21,47896.42,11138.29,41713.51,77814.4,35987.89,21728.97,20097.54,4176100,2434695,133875.0,60601.0,43046,19592.0,26463
1294,2024,Q2,Kerala,South,Kollam,Semi-Urban,940304,36,77,27,40,796803,572708,427845,337166,147699.31,75728.83,22397.51,49572.97,98259.79,50097.52,21731.96,26430.31,4080635,2733235,252093.0,97902.0,58405,22303.0,36819
1295,2024,Q3,Kerala,South,Kollam,Rural,940304,31,52,24,28,759164,533419,413291,169274,98178.76,41590.22,9973.41,46615.13,64606.39,22894.5,15281.78,26430.11,7130563,5559971,204846.0,88283.0,82949,21205.0,41251
1296,2024,Q4,Kerala,South,Kollam,Rural,940304,40,69,23,37,541540,416106,258883,119858,74272.26,38392.26,13146.93,22733.06,64935.38,29570.65,18073.21,17291.51,6381391,4144194,100757.0,94136.0,45927,15235.0,27237
1297,2025,Q1,Kerala,South,Kollam,Semi-Urban,951196,45,78,47,42,621838,440316,293817,139224,86189.7,43635.47,10841.67,31712.56,54303.0,22587.53,14053.2,17662.27,6249671,3285340,97968.0,80722.0,65274,20798.0,33111
1298,2025,Q2,Kerala,South,Kollam,Semi-Urban,951196,38,67,28,51,591826,455046,333531,199033,49255.47,21397.79,5330.06,22527.63,40901.39,14406.03,6985.22,19510.14,4646248,2449420,143100.0,145559.0,64648,30161.0,39846
1299,2025,Q3,Kerala,South,Kollam,Urban,951196,48,79,44,47,823613,734738,320168,352963,87546.27,47663.6,12828.43,27054.24,70639.7,31312.2,20361.85,18965.64,13193161,10136520,,133608.0,56979,47438.0,42817
1300,2025,Q4,Kerala,South,Kollam,Semi-Urban,951196,40,62,35,63,611102,515018,297514,162864,52555.36,24734.41,6178.34,21642.62,37320.94,16848.13,7048.66,13424.16,4675966,2992023,203106.0,133136.0,68063,20968.0,53153
1301,2021,Q1,Jharkhand,East,Ranchi,Semi-Urban,1662299,20,33,11,16,794528,516326,333332,302374,145186.92,80518.47,17719.13,46949.32,121418.57,55268.2,27426.46,38723.91,7936334,4831955,210051.0,84039.0,70876,24603.0,36218
1302,2021,Q2,Jharkhand,East,Ranchi,Urban,1662299,20,46,14,19,901619,766978,380340,373323,154471.89,78570.83,23026.81,52874.25,116536.87,60160.89,32283.1,24092.88,13146490,9977659,286348.0,189061.0,124431,22890.0,60800
1303,2021,Q3,Jharkhand,East,Ranchi,Urban,1662299,25,50,17,22,1239504,1093152,484102,307357,204929.6,112012.51,31142.81,61774.29,172725.17,67962.13,30230.49,74532.55,15090475,11603054,415391.0,310952.0,137528,74419.0,64953
1304,2021,Q4,Jharkhand,East,Ranchi,Rural,1662299,12,26,7,8,914983,795509,387675,351210,71985.08,37416.89,11252.56,23315.63,39838.83,16542.74,7569.71,15726.37,9665537,4858824,381592.0,202215.0,117890,52231.0,88661
1305,2022,Q1,Jharkhand,East,Ranchi,Rural,1682246,15,26,11,17,887281,732756,439578,225538,83974.84,45060.35,13024.6,25889.9,52446.64,19406.3,11214.38,21825.96,7555209,4360045,336133.0,167854.0,72210,43176.0,53637
1306,2022,Q2,Jharkhand,East,Ranchi,Urban,1682246,25,48,16,32,1243849,796157,684151,490272,170241.18,90933.52,25140.33,54167.32,94561.63,35412.11,17282.34,41867.19,10350462,7367523,331580.0,165613.0,93295,77671.0,57250
1307,2022,Q3,Jharkhand,East,Ranchi,Rural,1682246,17,36,9,26,868515,574756,343295,247284,137019.61,63595.74,17068.19,56355.68,84941.71,30588.85,19738.4,34614.46,10307632,5391005,178299.0,131375.0,59076,25051.0,36698
1308,2022,Q4,Jharkhand,East,Ranchi,Semi-Urban,1682246,20,40,16,20,858045,622391,431019,218997,150549.53,69714.22,19588.8,61246.51,130634.38,46257.41,24550.53,59826.43,6158298,4676741,209483.0,154158.0,123736,59094.0,70758
1309,2023,Q1,Jharkhand,East,Ranchi,Semi-Urban,1702194,15,34,9,23,893212,802046,435815,338592,68417.53,36808.12,10829.31,20780.1,41198.03,17871.46,9008.78,14317.79,12480206,7114394,198062.0,167314.0,103756,65247.0,47907
1310,2023,Q2,Jharkhand,East,Ranchi,Semi-Urban,1702194,18,38,17,24,1042014,663266,507280,400574,83367.02,45879.36,12607.55,24880.11,57192.12,30773.89,15288.81,11129.41,8154344,5760332,312825.0,202868.0,127922,68327.0,94847
1311,2023,Q3,Jharkhand,East,Ranchi,Rural,1702194,14,30,13,16,820149,698388,362931,189075,120361.21,65774.38,14041.55,40545.28,68771.33,32830.33,19037.88,16903.13,6011442,4528012,274387.0,143179.0,87760,29701.0,65987
1312,2023,Q4,Jharkhand,East,Ranchi,Urban,1702194,23,47,20,22,902578,608069,448478,227247,159686.42,80407.98,20951.07,58327.38,119653.37,49714.4,33777.52,36161.45,9020533,4646898,204018.0,158116.0,123167,47417.0,96376
1313,2024,Q1,Jharkhand,East,Ranchi,Urban,1722141,29,50,19,31,909870,583128,361829,309652,110396.14,51944.82,11120.02,47331.3,75709.32,29572.94,19512.29,26624.08,4564870,3483170,147077.0,180564.0,146378,53714.0,115280
1314,2024,Q2,Jharkhand,East,Ranchi,Rural,1722141,20,33,13,18,713021,556995,274965,214103,77638.54,44846.12,10230.08,22562.34,53607.56,22710.77,14468.3,16428.49,6459524,3708478,132963.0,173756.0,160923,51190.0,110637
1315,2024,Q3,Jharkhand,East,Ranchi,Rural,1722141,15,27,9,17,919315,640250,521937,239844,79318.28,44092.32,13905.55,21320.41,63705.78,24840.8,18912.5,19952.49,8669653,5606276,293908.0,97723.0,106001,68226.0,50038
1316,2024,Q4,Jharkhand,East,Ranchi,Semi-Urban,1722141,25,42,21,35,887401,647927,505954,337133,124875.82,60945.5,19656.22,44274.1,102495.48,40887.62,25899.42,35708.43,8952755,4899967,158548.0,80759.0,68428,54567.0,43400
1317,2025,Q1,Jharkhand,East,Ranchi,Semi-Urban,1742089,24,43,16,29,825347,700154,399949,220918,137787.94,59680.8,12529.68,65577.46,114152.75,42455.55,18893.71,52803.49,9101029,5753580,217371.0,149371.0,156424,52354.0,127330
1318,2025,Q2,Jharkhand,East,Ranchi,Rural,1742089,19,30,20,13,937390,589392,498919,390860,111669.79,50944.28,14424.58,46300.93,67715.75,32814.02,14326.57,20575.15,7643508,3994337,179180.0,125102.0,134952,64818.0,74608
1319,2025,Q3,Jharkhand,East,Ranchi,Rural,1742089,15,23,13,13,698838,625354,306351,286330,72564.11,36305.5,6375.44,29883.17,57477.29,30371.84,10508.13,16597.31,9850171,6837775,255553.0,130705.0,63753,23715.0,39799
1320,2025,Q4,Jharkhand,East,Ranchi,Urban,1742089,29,52,25,20,1434433,1131565,750321,588087,129444.81,74990.6,12378.6,42075.6,101977.51,50480.42,26067.4,25429.69,17187948,9210592,315858.0,184475.0,130123,71185.0,77169
1321,2021,Q1,Jharkhand,East,Jamshedpur,Rural,1787060,10,23,5,13,585538,496038,258951,151847,91457.15,45517.08,8519.54,37420.53,72170.42,31131.96,12967.67,28070.8,6476551,4289067,204771.0,69778.0,162302,19058.0,112270
1322,2021,Q2,Jharkhand,East,Jamshedpur,Rural,1787060,12,22,9,10,674343,547780,317900,154375,71098.4,33896.54,6263.82,30938.04,49652.16,24249.61,8282.68,17119.87,3890727,2093630,227460.0,170371.0,120821,24210.0,88551
1323,2021,Q3,Jharkhand,East,Jamshedpur,Rural,1787060,12,21,7,14,612082,522038,267425,161762,52920.57,26529.79,4835.79,21554.99,32971.66,18125.97,8996.12,5849.57,6224506,3055715,162336.0,119291.0,146039,37244.0,87806
1324,2021,Q4,Jharkhand,East,Jamshedpur,Semi-Urban,1787060,16,31,9,14,871986,565889,430949,213915,94314.33,54699.48,12734.82,26880.03,71158.66,36254.35,18320.47,16583.83,7729737,4544417,151342.0,114498.0,81429,53893.0,42634
1325,2022,Q1,Jharkhand,East,Jamshedpur,Rural,1808504,11,24,9,15,697418,533857,350960,207756,97360.45,55745.36,16384.87,25230.22,57700.78,20671.68,14727.94,22301.16,4578816,2680952,124277.0,70506.0,110499,35546.0,90293
1326,2022,Q2,Jharkhand,East,Jamshedpur,Rural,1808504,13,22,11,11,878524,608457,507775,270515,160826.79,91568.19,22924.68,46333.91,119301.62,57332.84,32223.99,29744.8,5603741,2747541,276056.0,105483.0,103455,59132.0,49228
1327,2022,Q3,Jharkhand,East,Jamshedpur,Rural,1808504,17,34,11,26,579484,484054,230235,144939,114552.88,54811.41,16481.0,43260.46,80289.15,29169.65,20952.08,30167.41,6455063,4401974,202550.0,143506.0,110830,23727.0,66756
1328,2022,Q4,Jharkhand,East,Jamshedpur,Urban,1808504,24,40,16,29,900011,782759,350506,340758,101790.98,56480.6,14662.59,30647.79,56282.61,22710.4,11779.18,21793.02,10616186,6359373,237857.0,171947.0,99298,,45919
1329,2023,Q1,Jharkhand,East,Jamshedpur,Semi-Urban,1829949,13,22,7,15,916363,704984,528854,303888,142369.96,66605.7,15311.13,60453.14,105364.01,43848.57,26314.59,35200.86,9698174,4994910,281587.0,89348.0,115118,56199.0,81761
1330,2023,Q2,Jharkhand,East,Jamshedpur,Rural,1829949,17,30,13,14,923845,662005,521601,379456,107603.54,58464.63,11076.47,38062.44,77690.97,28911.75,16628.24,32150.98,9478740,7368698,159093.0,116968.0,92025,44959.0,56666
1331,2023,Q3,Jharkhand,East,Jamshedpur,Rural,1829949,19,31,18,25,641603,514376,294325,232926,81636.49,44566.56,11066.64,26003.29,64426.06,24173.58,16813.79,23438.69,7200517,4222891,168485.0,143949.0,86218,42215.0,56668
1332,2023,Q4,Jharkhand,East,Jamshedpur,Urban,1829949,25,46,23,31,1251157,1033899,510248,419669,170279.82,83400.34,22456.71,64422.77,111687.28,45638.97,29413.76,36634.55,15552189,8439113,245446.0,188782.0,126881,50181.0,96686
1333,2024,Q1,Jharkhand,East,Jamshedpur,Rural,1851394,15,24,14,19,857549,627456,469079,277541,71512.84,38171.3,12131.6,21209.94,41578.37,21738.96,11303.9,8535.51,5568882,4031970,196209.0,161792.0,137818,40254.0,106102
1334,2024,Q2,Jharkhand,East,Jamshedpur,Rural,1851394,10,22,5,13,795998,648804,368124,319619,88086.2,41249.01,13867.97,32969.21,62844.77,28746.27,17372.29,16726.21,8465234,4383344,283316.0,98843.0,161278,53212.0,123258
1335,2024,Q3,Jharkhand,East,Jamshedpur,Semi-Urban,1851394,12,22,7,18,937855,825717,521308,369522,130709.62,61672.17,18346.22,50691.22,72470.69,25982.64,18470.81,28017.24,7526481,5670225,372342.0,240310.0,142146,57036.0,79956
1336,2024,Q4,Jharkhand,East,Jamshedpur,Semi-Urban,1851394,17,36,14,17,1152157,1016784,638269,312264,147831.77,78823.41,24118.61,44889.74,91834.97,49540.85,23401.95,18892.18,8784724,5790193,281442.0,197478.0,83593,68731.0,60419
1337,2025,Q1,Jharkhand,East,Jamshedpur,Rural,1872838,15,27,16,17,603640,481761,323473,153146,83413.31,35307.1,6914.71,41191.5,64510.26,31934.21,17961.06,14614.99,6173539,4365914,156040.0,95367.0,137577,24970.0,79550
1338,2025,Q2,Jharkhand,East,Jamshedpur,Semi-Urban,1872838,16,31,9,13,1145437,1030509,512166,345014,103968.55,50730.49,11274.24,41963.81,81248.32,37176.79,22353.17,21718.37,8612250,6447944,420835.0,150062.0,157638,55434.0,78540
1339,2025,Q3,Jharkhand,East,Jamshedpur,Urban,1872838,30,64,24,46,1053648,673835,470509,378237,185433.12,81165.52,31247.14,73020.45,119173.25,46713.8,29319.49,43139.97,7965839,4378106,185359.0,149327.0,98368,48858.0,56864
1340,2025,Q4,Jharkhand,East,Jamshedpur,Rural,1872838,17,36,10,21,919486,776583,505225,232923,87454.03,47321.96,9377.93,30754.15,63275.58,31919.23,16923.08,14433.27,6220823,3710929,302862.0,105426.0,68548,64554.0,31357
1341,2021,Q1,Jharkhand,East,Dhanbad,Rural,1688320,7,11,7,8,616383,446282,284798,176717,82398.25,41106.63,13496.15,27795.47,69795.1,30984.61,13509.87,25300.62,6141094,4321021,207855.0,119160.0,66788,17493.0,33838
1342,2021,Q2,Jharkhand,East,Dhanbad,Rural,1688320,8,15,5,11,566765,409835,223262,195032,53493.24,29337.9,7189.36,16965.97,32062.19,16267.47,6511.7,9283.02,7028304,4000594,113888.0,87750.0,150825,15689.0,72532
1343,2021,Q3,Jharkhand,East,Dhanbad,Semi-Urban,1688320,13,21,9,12,768527,627553,438817,285990,129979.87,72954.42,14248.87,42776.57,84360.88,42032.2,16198.87,26129.82,6658598,4746448,286870.0,142427.0,90729,56228.0,73826
1344,2021,Q4,Jharkhand,East,Dhanbad,Semi-Urban,1688320,12,19,8,13,833293,559779,334051,196357,124440.9,53108.58,12597.42,58734.91,96911.44,49926.13,26460.31,20525.01,6746339,5231269,237412.0,81705.0,159264,45932.0,113464
1345,2022,Q1,Jharkhand,East,Dhanbad,Urban,1708579,14,29,15,18,954218,704565,381012,243769,190430.87,80347.22,33427.61,76656.04,136018.56,70356.1,32207.04,33455.42,12408781,6085530,173634.0,171289.0,146096,35090.0,87033
1346,2022,Q2,Jharkhand,East,Dhanbad,Rural,1708579,11,24,9,12,658793,417473,261732,147935,107613.96,60281.42,13974.03,33358.52,67065.07,34272.23,13493.85,19298.99,3692518,2318890,193406.0,71005.0,64978,17669.0,41165
1347,2022,Q3,Jharkhand,East,Dhanbad,Rural,1708579,5,8,4,6,635196,463853,258854,206370,118856.69,53641.09,10614.54,54601.07,102394.54,51054.11,20869.58,30470.85,4277581,2739838,137667.0,138712.0,132944,28469.0,61787
1348,2022,Q4,Jharkhand,East,Dhanbad,Rural,1708579,11,24,9,15,616161,544814,346175,198038,72727.14,38398.62,9442.57,24885.95,59734.69,23097.36,12354.19,24283.15,6836647,5258202,217085.0,92257.0,123961,44642.0,88917
1349,2023,Q1,Jharkhand,East,Dhanbad,Semi-Urban,1728839,11,21,7,17,614415,420623,310142,201097,45016.05,24748.33,5778.67,14489.04,26927.92,11930.38,5262.82,9734.73,4527007,2236021,116989.0,131043.0,161161,39778.0,87693
1350,2023,Q2,Jharkhand,East,Dhanbad,Rural,1728839,13,29,9,15,596144,436593,302781,190403,49375.45,21631.63,6241.5,21502.32,36605.34,17976.93,7962.08,10666.33,6194338,4508869,179545.0,,152771,32178.0,86433
1351,2023,Q3,Jharkhand,East,Dhanbad,Rural,1728839,14,23,15,21,455713,354248,245110,123740,63578.64,28702.41,8994.71,25881.52,55816.86,23613.74,13247.19,18955.94,6024323,3214771,108131.0,104641.0,153861,14845.0,74670
1352,2023,Q4,Jharkhand,East,Dhanbad,Semi-Urban,1728839,9,16,7,11,579804,407037,273772,160016,44005.59,24127.37,7531.06,12347.16,26413.78,10561.61,6638.18,9213.99,7079102,4472628,190538.0,73233.0,159733,18445.0,129425
1353,2024,Q1,Jharkhand,East,Dhanbad,Rural,1749099,12,23,11,16,631485,465249,340046,264673,49378.29,27580.59,7175.22,14622.48,40207.44,21270.23,10660.33,8276.89,7523318,5451496,189088.0,145599.0,70286,23334.0,46107
1354,2024,Q2,Jharkhand,East,Dhanbad,Semi-Urban,1749099,17,30,10,16,844399,730972,475042,252949,101954.05,48951.15,14948.47,38054.43,68130.46,24122.87,15088.41,28919.18,8902707,4823365,203414.0,91928.0,108731,32836.0,73216
1355,2024,Q3,Jharkhand,East,Dhanbad,Urban,1749099,25,57,18,21,823739,603621,419286,182016,139728.73,78821.65,24444.63,36462.45,122504.92,62710.52,22033.71,37760.69,10487587,6030171,243623.0,96980.0,95514,58388.0,43448
1356,2024,Q4,Jharkhand,East,Dhanbad,Rural,1749099,15,28,14,19,699783,606296,282856,230686,119943.54,58979.87,9800.76,51162.91,68361.73,25552.81,14222.79,28586.13,5761610,4112348,151931.0,124421.0,152677,31128.0,97590
1357,2025,Q1,Jharkhand,East,Dhanbad,Urban,1769359,19,31,19,21,686753,612736,393516,206360,126127.13,66698.25,12510.92,46917.96,79635.86,40285.19,16948.91,22401.76,5709833,3911229,135937.0,124292.0,82570,46089.0,45316
1358,2025,Q2,Jharkhand,East,Dhanbad,Rural,1769359,13,23,11,10,620533,442841,345529,146083,105372.03,45749.63,10561.68,49060.72,61524.14,27944.07,18355.73,15224.34,4980532,2898081,101377.0,93982.0,97158,43282.0,44403
1359,2025,Q3,Jharkhand,East,Dhanbad,Semi-Urban,1769359,14,26,10,10,629419,442781,342631,156266,102677.22,57638.31,12612.14,32426.78,62291.06,34083.73,11506.95,16700.37,5062747,3875262,162757.0,103547.0,151514,41850.0,122792
1360,2025,Q4,Jharkhand,East,Dhanbad,Rural,1769359,9,14,8,9,557613,421170,315131,142740,100499.74,44409.66,16566.2,39523.88,87432.23,35694.57,17704.6,34033.06,3176238,1737996,135423.0,119117.0,136866,25249.0,78316
1361,2021,Q1,Jharkhand,East,Bokaro,Urban,1567201,29,62,18,36,881232,721152,464156,339945,87912.15,39438.89,15355.18,33118.08,67934.42,25072.23,12648.34,30213.86,10671094,6021022,283051.0,155288.0,116717,29827.0,76002
1362,2021,Q2,Jharkhand,East,Bokaro,Urban,1567201,27,55,15,42,961218,789217,467638,270886,88911.35,49554.2,14874.09,24483.06,62548.96,23188.42,17750.34,21610.2,9060942,5341463,273561.0,163961.0,104313,53085.0,64943
1363,2021,Q3,Jharkhand,East,Bokaro,Urban,1567201,31,55,29,24,980725,828061,408608,344633,195215.25,87843.63,21877.6,85494.02,160416.4,67428.18,41915.46,51072.77,13318373,7659008,349533.0,182369.0,103387,58184.0,52953
1364,2021,Q4,Jharkhand,East,Bokaro,Rural,1567201,14,29,12,16,992785,749528,552251,371837,112506.85,59271.97,19063.75,34171.13,68513.73,31032.11,12101.57,25380.05,6240859,4235718,219355.0,192775.0,139557,72938.0,73986
1365,2022,Q1,Jharkhand,East,Bokaro,Semi-Urban,1586007,25,42,26,29,795148,593153,354041,222055,114254.74,56797.71,10147.44,47309.58,93090.76,41545.28,25593.15,25952.34,4096820,3086436,257662.0,108800.0,127898,,90761
1366,2022,Q2,Jharkhand,East,Bokaro,Rural,1586007,19,29,15,14,1045796,910127,533316,244066,119316.08,59293.03,11560.57,48462.49,88362.96,38628.23,25856.91,23877.82,12821726,6684465,421762.0,212145.0,76761,73243.0,54399
1367,2022,Q3,Jharkhand,East,Bokaro,Rural,1586007,22,40,14,34,849110,625647,368100,345785,152291.06,64708.19,18985.39,68597.49,92849.29,35147.8,19965.67,37735.82,4847900,2910731,153759.0,194884.0,70993,50471.0,34017
1368,2022,Q4,Jharkhand,East,Bokaro,Rural,1586007,21,45,22,27,705060,454612,371086,186995,101137.0,55745.21,16653.15,28738.64,84353.73,39976.0,22282.1,22095.63,4855435,3190031,142443.0,145334.0,82351,21577.0,54352
1369,2023,Q1,Jharkhand,East,Bokaro,Rural,1604813,24,47,14,26,994220,704146,466056,321833,188693.85,82276.63,31420.75,74996.46,155593.51,77910.21,35047.15,42636.15,10421925,7754256,293601.0,151918.0,141917,47453.0,108986
1370,2023,Q2,Jharkhand,East,Bokaro,Rural,1604813,26,42,22,33,713862,536974,284739,247310,136694.46,65685.33,24520.17,46488.96,105086.4,53914.54,26666.48,24505.38,6826902,4028308,256269.0,152646.0,121852,38913.0,83207
1371,2023,Q3,Jharkhand,East,Bokaro,Rural,1604813,25,55,24,20,778772,488651,297173,208024,147505.36,71198.32,20107.91,56199.13,115496.31,62435.84,33241.05,19819.41,3795258,2523705,114769.0,82891.0,124580,31473.0,95418
1372,2023,Q4,Jharkhand,East,Bokaro,Rural,1604813,15,35,8,11,828651,519681,444544,191486,129872.99,59798.25,21315.75,48758.99,112192.27,48568.63,33185.52,30438.13,8720592,4958516,199032.0,105582.0,81761,47918.0,48605
1373,2024,Q1,Jharkhand,East,Bokaro,Rural,1623620,17,38,13,22,1074793,919378,518287,390078,141155.25,65101.99,17429.03,58624.23,87396.29,31256.15,21184.47,34955.67,8249763,5098811,408894.0,115028.0,121696,36071.0,57316
1374,2024,Q2,Jharkhand,East,Bokaro,Rural,1623620,25,55,14,25,980669,643914,418931,326026,185016.56,92139.06,22200.71,70676.79,156550.08,57043.4,37456.27,62050.4,9456508,5616982,283316.0,204522.0,96945,41760.0,65276
1375,2024,Q3,Jharkhand,East,Bokaro,Semi-Urban,1623620,24,50,25,36,1255865,1002597,610733,324605,114441.45,50984.93,15758.59,47697.93,87328.2,39745.08,14417.86,33165.25,8974052,6972522,235619.0,143038.0,90386,49730.0,42421
1376,2024,Q4,Jharkhand,East,Bokaro,Semi-Urban,1623620,30,62,19,45,1351369,924997,644832,427386,170988.14,74804.29,20780.43,75403.42,118195.6,52448.72,33164.39,32582.49,13526829,7198306,255968.0,130040.0,64126,62612.0,34068
1377,2025,Q1,Jharkhand,East,Bokaro,Rural,1642426,19,37,10,29,840356,684591,455533,234133,151571.74,69512.43,27169.15,54890.16,84399.28,33202.68,22720.53,28476.06,11010015,8453096,185164.0,177755.0,104219,61812.0,62771
1378,2025,Q2,Jharkhand,East,Bokaro,Rural,1642426,20,39,18,22,967876,712932,469373,406551,128481.49,69559.81,14615.85,44305.83,105271.1,38041.65,21739.0,45490.45,10153780,6047595,174335.0,97717.0,143365,49187.0,80180
1379,2025,Q3,Jharkhand,East,Bokaro,Semi-Urban,1642426,30,61,19,39,1107966,830620,625239,327506,165405.05,71977.06,20733.94,72694.04,123562.58,53317.34,26528.05,43717.19,8770502,6345696,359906.0,104605.0,148199,50539.0,115425
1380,2025,Q4,Jharkhand,East,Bokaro,Rural,1642426,23,39,23,34,847503,539529,337361,232970,145930.71,71928.4,20198.85,53803.46,123132.49,45323.35,31677.23,46131.9,9273653,6393325,248704.0,87765.0,58910,31002.0,39714
1381,2021,Q1,Jharkhand,East,Deoghar,Rural,897626,11,20,8,8,405449,321633,232436,114572,51262.27,29073.86,6195.81,15992.6,35684.29,14290.45,5715.32,15678.52,4572753,2637377,79995.0,83874.0,56891,16164.0,40986
1382,2021,Q2,Jharkhand,East,Deoghar,Semi-Urban,897626,21,47,13,27,587381,471180,264435,207667,93792.55,40953.44,13193.42,39645.68,76413.39,41990.33,14612.39,19810.67,8324845,4027304,189462.0,59184.0,50740,16928.0,34490
1383,2021,Q3,Jharkhand,East,Deoghar,Rural,897626,16,30,11,12,337714,269816,161883,79267,44898.41,22533.45,7924.4,14440.56,29247.89,14468.95,7732.48,7046.46,3388425,1914490,87761.0,64393.0,72065,20310.0,56441
1384,2021,Q4,Jharkhand,East,Deoghar,Semi-Urban,897626,25,46,23,31,531806,456265,298924,137126,63013.72,32083.77,9151.65,21778.3,43661.88,18883.23,7705.08,17073.57,6955354,5356468,174361.0,70792.0,45226,17075.0,20756
1385,2022,Q1,Jharkhand,East,Deoghar,Rural,908397,15,29,11,20,477626,324416,261385,118236,50517.93,23695.59,4252.15,22570.19,32700.65,17363.2,6029.71,9307.74,2596983,1503219,135792.0,85793.0,42114,12493.0,21647
1386,2022,Q2,Jharkhand,East,Deoghar,Rural,908397,11,18,6,12,364894,319030,152322,126472,63551.64,31941.33,7948.21,23662.1,54431.78,26277.1,11369.85,16784.83,3451543,2469836,129205.0,75460.0,68211,9221.0,52529
1387,2022,Q3,Jharkhand,East,Deoghar,Rural,908397,13,29,11,15,518347,362106,203736,170205,66467.16,34510.86,9405.91,22550.38,45160.92,23599.99,11344.61,10216.32,3297208,2255846,,109584.0,49099,34636.0,35407
1388,2022,Q4,Jharkhand,East,Deoghar,Rural,908397,22,50,20,34,359864,310748,184831,120907,66066.1,34825.82,6961.19,24279.09,54149.6,25995.09,15065.2,13089.31,2392358,1699965,96765.0,57905.0,49797,14884.0,35097
1389,2023,Q1,Jharkhand,East,Deoghar,Rural,919169,16,37,9,16,383235,315984,161952,114519,68069.21,36706.45,10227.3,21135.47,40369.58,19688.17,9679.4,11002.01,5005078,2749311,93138.0,57581.0,60450,22632.0,30107
1390,2023,Q2,Jharkhand,East,Deoghar,Urban,919169,27,47,19,35,483416,384669,272262,131638,55905.98,30804.37,5409.51,19692.11,37143.23,17464.91,8046.62,11631.7,4122461,2529935,91175.0,,41411,33001.0,23100
1391,2023,Q3,Jharkhand,East,Deoghar,Rural,919169,11,24,10,9,443929,279267,207712,164232,53011.31,22786.66,8766.26,21458.38,44748.85,18732.7,8188.33,17827.83,3521696,2473929,132495.0,64000.0,41484,23971.0,32330
1392,2023,Q4,Jharkhand,East,Deoghar,Rural,919169,21,43,17,32,386140,332269,170595,119808,42217.03,19051.09,7003.86,16162.08,29566.8,15286.54,5825.5,8454.76,4439125,2605687,84565.0,76751.0,68725,11490.0,46742
1393,2024,Q1,Jharkhand,East,Deoghar,Rural,929940,21,34,12,24,382365,237591,159315,101687,45777.27,22307.1,6772.44,16697.73,25455.4,13053.15,4929.34,7472.91,2679192,1971277,71360.0,30661.0,53679,,41384
1394,2024,Q2,Jharkhand,East,Deoghar,Rural,929940,16,28,16,11,491873,429798,262708,185043,92279.19,45004.14,7961.44,39313.62,74748.85,39695.43,17313.49,17739.93,7059736,3420025,154062.0,86242.0,67395,34613.0,32901
1395,2024,Q3,Jharkhand,East,Deoghar,Urban,929940,19,40,13,14,800709,638773,337443,179251,142205.88,68956.15,12526.89,60722.85,108651.7,44480.46,19573.88,44597.35,8345574,6068731,225297.0,138210.0,59583,56071.0,45370
1396,2024,Q4,Jharkhand,East,Deoghar,Semi-Urban,929940,19,30,19,28,521737,400340,227583,116394,66406.01,29838.34,8504.69,28062.98,55523.57,28812.65,16385.54,10325.38,6808132,4696944,138316.0,92239.0,42748,23430.0,33932
1397,2025,Q1,Jharkhand,East,Deoghar,Rural,940712,15,34,9,19,353759,271283,172391,80993,73203.08,34292.47,6812.46,32098.15,48611.01,25708.19,8680.74,14222.07,1957169,1096817,84320.0,59373.0,66544,14574.0,51378
1398,2025,Q2,Jharkhand,East,Deoghar,Urban,940712,22,41,18,27,722275,460603,282218,290190,75882.46,39454.9,7318.59,29108.97,60806.66,31813.38,12158.47,16834.81,7279877,4892320,206459.0,62737.0,65837,26367.0,38441
1399,2025,Q3,Jharkhand,East,Deoghar,Urban,940712,34,78,27,35,825875,722680,372409,284363,150127.86,64009.77,19765.54,66352.55,96999.0,45237.42,25355.67,26405.91,7477663,4444754,171968.0,214255.0,51948,55326.0,26656
1400,2025,Q4,Jharkhand,East,Deoghar,Rural,940712,16,37,17,14,352210,282069,179518,147038,37741.08,19573.32,5146.64,13021.11,29696.69,15650.91,7078.63,6967.15,3323343,2046582,73061.0,67591.0,87080,18578.0,44007
1401,2021,Q1,Chhattisgarh,Central,Raipur,Rural,1072407,17,33,13,16,345147,242912,189029,132733,70419.07,35813.9,7718.24,26886.93,40516.59,19188.81,9251.67,12076.12,4247132,2545236,101381.0,49158.0,58965,23659.0,35163
1402,2021,Q2,Chhattisgarh,Central,Raipur,Urban,1072407,27,42,25,20,545032,444757,238693,143992,104109.16,47596.72,11631.03,44881.41,81792.76,41964.48,24528.24,15300.05,3768963,2183179,129458.0,102882.0,40427,19371.0,25769
1403,2021,Q3,Chhattisgarh,Central,Raipur,Rural,1072407,16,25,16,25,462857,327744,200274,110325,58674.8,29373.42,6175.81,23125.57,41496.14,17995.91,8411.93,15088.29,5458814,3710546,110333.0,70401.0,65405,32521.0,47721
1404,2021,Q4,Chhattisgarh,Central,Raipur,Rural,1072407,18,30,10,17,459856,350037,253050,102902,58752.23,33582.55,6116.32,19053.36,34686.96,13127.35,8075.82,13483.79,3916321,2030175,112584.0,94799.0,62427,31799.0,37458
1405,2022,Q1,Chhattisgarh,Central,Raipur,Semi-Urban,1085275,14,30,9,12,425491,286183,193923,129311,54627.92,27942.49,5405.05,21280.38,41113.06,17156.93,10802.93,13153.2,4077978,2364842,104420.0,66066.0,65934,23038.0,39954
1406,2022,Q2,Chhattisgarh,Central,Raipur,Rural,1085275,13,22,9,17,344932,223061,196529,89431,47099.86,19782.71,8125.57,19191.58,26736.3,10271.38,4386.74,12078.17,3620146,2432465,79203.0,68840.0,50062,23620.0,36508
1407,2022,Q3,Chhattisgarh,Central,Raipur,Rural,1085275,17,35,10,26,373274,299833,150095,153093,44860.28,20124.4,6040.72,18695.16,38571.64,20455.56,6516.5,11599.57,3797032,2772284,95450.0,52016.0,86096,15751.0,50933
1408,2022,Q4,Chhattisgarh,Central,Raipur,Semi-Urban,1085275,21,35,12,19,483596,347490,274447,118608,87128.94,45417.22,8452.23,33259.49,52273.29,19997.08,13245.47,19030.74,4191745,2592974,144008.0,105653.0,68563,18615.0,39180
1409,2023,Q1,Chhattisgarh,Central,Raipur,Semi-Urban,1098144,21,37,15,25,457125,401436,248712,164933,83748.08,40682.27,13888.3,29177.5,58028.68,20370.87,10566.19,27091.63,3457734,2124476,133621.0,101799.0,39277,22341.0,30694
1410,2023,Q2,Chhattisgarh,Central,Raipur,Semi-Urban,1098144,18,34,11,15,458259,379381,181208,137766,81057.6,41534.33,11115.49,28407.78,46997.87,18093.38,11038.12,17866.37,5986569,4047782,117798.0,46962.0,59900,13706.0,40057
1411,2023,Q3,Chhattisgarh,Central,Raipur,Rural,1098144,19,34,11,21,582601,499815,320354,179670,108693.7,53643.18,12159.99,42890.53,84960.24,45104.87,25156.84,14698.53,6431053,3677343,147674.0,155559.0,103559,40135.0,73132
1412,2023,Q4,Chhattisgarh,Central,Raipur,Urban,1098144,22,46,17,34,945713,669535,426402,284065,178609.33,103110.88,22597.9,52900.55,141660.98,73854.12,27053.32,40753.55,10767035,7414486,255323.0,153686.0,91988,38355.0,48758
1413,2024,Q1,Chhattisgarh,Central,Raipur,Semi-Urban,1111013,15,27,8,20,664791,515049,347829,198345,80000.41,39007.62,7967.34,33025.45,63775.09,26605.33,12095.53,25074.22,6127733,3238674,116955.0,161787.0,89401,46124.0,57694
1414,2024,Q2,Chhattisgarh,Central,Raipur,Rural,1111013,13,23,8,16,504915,363340,257355,173049,97688.74,48964.91,15861.43,32862.4,60254.27,24024.15,16250.59,19979.52,6088799,4037072,121722.0,73339.0,92408,33067.0,45687
1415,2024,Q3,Chhattisgarh,Central,Raipur,Semi-Urban,1111013,20,42,17,17,527896,391420,251594,171913,96252.73,46286.42,12652.88,37313.43,83530.73,37660.91,22431.23,23438.59,3401778,1856104,162365.0,91313.0,54893,14217.0,32403
1416,2024,Q4,Chhattisgarh,Central,Raipur,Semi-Urban,1111013,23,38,14,30,534502,351645,307642,119244,57271.56,31733.47,7923.72,17614.37,32405.63,15330.21,5743.36,11332.06,3218111,2024562,122685.0,89276.0,69376,37836.0,56777
1417,2025,Q1,Chhattisgarh,Central,Raipur,Semi-Urban,1123882,21,47,16,26,730193,640425,281077,176582,142877.37,82644.66,22755.12,37477.59,117157.48,50052.55,22969.4,44135.53,9403379,5845634,240509.0,189441.0,90126,43461.0,71003
1418,2025,Q2,Chhattisgarh,Central,Raipur,Rural,1123882,19,31,15,19,646087,401931,366122,271722,56784.17,28126.6,8893.26,19764.32,32716.44,17700.94,8017.39,6998.12,5186884,2758118,182340.0,102328.0,51335,31418.0,39633
1419,2025,Q3,Chhattisgarh,Central,Raipur,Rural,1123882,13,29,8,13,417043,369904,209991,121191,45636.39,19834.51,7709.58,18092.3,32794.78,16234.06,6320.35,10240.37,6087270,4337682,129826.0,60004.0,49329,11979.0,37241
1420,2025,Q4,Chhattisgarh,Central,Raipur,Rural,1123882,16,31,13,14,574804,437294,276962,169875,96653.24,47377.45,10243.47,39032.32,80220.54,31688.41,21449.65,27082.49,6272386,4057890,165731.0,128983.0,93358,30536.0,71183
1421,2021,Q1,Chhattisgarh,Central,Bilaspur,Rural,590312,21,45,18,19,152139,134274,82202,34204,27744.94,13956.35,2253.53,11535.07,22409.18,8730.91,5869.35,7808.92,954468,525690,30094.0,37498.0,30162,5001.0,18941
1422,2021,Q2,Chhattisgarh,Central,Bilaspur,Rural,590312,9,21,7,10,165037,121208,66806,62735,20272.78,9720.22,3626.31,6926.26,12294.84,4306.94,2991.03,4996.86,962750,618224,56697.0,30230.0,52873,4179.0,27058
1423,2021,Q3,Chhattisgarh,Central,Bilaspur,Semi-Urban,590312,16,37,9,19,266235,217444,143419,109875,29690.09,14191.59,4369.24,11129.27,18420.94,9431.42,3514.11,5475.41,3357511,1963796,48406.0,48189.0,47185,12491.0,24231
1424,2021,Q4,Chhattisgarh,Central,Bilaspur,Rural,590312,14,29,10,21,209162,150086,94080,51788,31985.66,17528.11,3202.39,11255.16,20661.48,7633.33,4160.15,8868.0,2256505,1613090,49724.0,46947.0,32190,6740.0,17543
1425,2022,Q1,Chhattisgarh,Central,Bilaspur,Rural,597395,6,13,6,6,217524,174910,91119,89789,22881.76,10882.97,2670.49,9328.31,16024.05,8379.0,2878.49,4766.57,1304689,895382,40961.0,35053.0,48161,14734.0,34927
1426,2022,Q2,Chhattisgarh,Central,Bilaspur,Urban,597395,21,45,22,18,298227,267897,153979,120637,25307.6,13454.38,2456.75,9396.47,14133.65,5681.52,4073.44,4378.7,3190026,2427571,105474.0,81412.0,37503,10501.0,18977
1427,2022,Q3,Chhattisgarh,Central,Bilaspur,Urban,597395,16,24,11,24,312660,249215,176489,102457,54991.22,31693.44,4832.7,18465.08,43398.73,20923.1,8108.36,14367.27,2063650,1352591,80022.0,45498.0,56525,16564.0,36839
1428,2022,Q4,Chhattisgarh,Central,Bilaspur,Rural,597395,11,18,9,17,254349,181925,124275,85478,42656.25,23305.96,3519.02,15831.27,36744.71,13375.53,8328.64,15040.53,1484872,814856,83520.0,39574.0,41650,7476.0,25271
1429,2023,Q1,Chhattisgarh,Central,Bilaspur,Rural,604479,9,18,5,11,222162,142109,121049,89056,18953.59,9761.89,1539.9,7651.8,12565.74,6833.07,2987.67,2745.01,1018360,512554,65744.0,36256.0,47349,11714.0,23534
1430,2023,Q2,Chhattisgarh,Central,Bilaspur,Semi-Urban,604479,20,43,19,18,221347,197218,123396,63493,37396.26,16884.21,3669.31,16842.74,21650.48,11278.51,5218.48,5153.5,3121786,1593001,56666.0,57140.0,44518,13522.0,31823
1431,2023,Q3,Chhattisgarh,Central,Bilaspur,Semi-Urban,604479,14,31,14,13,195881,168601,89207,56646,23067.42,11084.42,3152.0,8831.0,13287.99,7232.76,3868.18,2187.06,2477001,1353266,78053.0,49881.0,22951,5869.0,13079
1432,2023,Q4,Chhattisgarh,Central,Bilaspur,Rural,604479,10,23,7,11,242737,162780,137526,80369,28935.68,15048.64,3714.44,10172.6,21454.4,10719.91,3896.88,6837.61,2284001,1563812,,50771.0,52341,10617.0,42780
1433,2024,Q1,Chhattisgarh,Central,Bilaspur,Semi-Urban,611563,20,39,12,28,265884,224096,109273,88553,49866.87,28000.42,8299.59,13566.85,31499.0,16303.78,5786.35,9408.87,3609041,1849548,60843.0,31826.0,26472,9915.0,17521
1434,2024,Q2,Chhattisgarh,Central,Bilaspur,Urban,611563,17,32,14,14,281012,184765,129822,96659,33296.96,19212.29,3063.84,11020.84,18509.58,9402.04,3455.55,5651.99,3156265,2138847,57613.0,36739.0,22894,7233.0,11992
1435,2024,Q3,Chhattisgarh,Central,Bilaspur,Rural,611563,17,30,12,16,164744,146203,67182,46195,15143.16,8618.68,1363.95,5160.54,10532.01,3733.33,2821.8,3976.88,1836539,1381609,56539.0,38003.0,36432,8353.0,25766
1436,2024,Q4,Chhattisgarh,Central,Bilaspur,Rural,611563,13,22,9,10,220099,174016,88855,77568,40283.47,18350.14,6820.02,15113.31,31354.31,11634.93,6808.14,12911.25,2546247,1655418,68782.0,40872.0,50688,9028.0,36096
1437,2025,Q1,Chhattisgarh,Central,Bilaspur,Urban,618646,23,40,16,35,244280,166325,116419,74355,35832.09,15453.93,4189.97,16188.19,25907.94,11979.84,6326.95,7601.14,2511814,1271817,60318.0,28133.0,29015,15137.0,16059
1438,2025,Q2,Chhattisgarh,Central,Bilaspur,Rural,618646,11,19,9,11,280374,201895,141703,113986,44333.76,22657.95,5747.7,15928.11,36198.58,13034.56,10277.44,12886.59,1436345,1064019,75192.0,58504.0,26111,17119.0,15773
1439,2025,Q3,Chhattisgarh,Central,Bilaspur,Semi-Urban,618646,13,25,9,15,314675,202258,152036,110042,38442.66,19346.21,3777.06,15319.39,22510.87,10317.45,4784.31,7409.11,2756691,1818258,54622.0,25512.0,26916,17334.0,21592
1440,2025,Q4,Chhattisgarh,Central,Bilaspur,Urban,618646,22,49,21,19,288204,214592,145233,114890,30161.81,15792.43,3756.94,10612.44,21109.76,8338.85,6293.51,6477.4,2139139,1356729,73723.0,48615.0,31130,10120.0,17184
1441,2021,Q1,Chhattisgarh,Central,Durg,Urban,1622392,13,22,12,10,657926,462307,299347,203002,103965.21,47778.75,16418.4,39768.06,80386.81,30001.17,21982.0,28403.65,6738670,4628257,112599.0,123798.0,83717,35309.0,61262
1442,2021,Q2,Chhattisgarh,Central,Durg,Semi-Urban,1622392,10,21,9,9,512705,408602,272734,128118,45792.13,23128.68,6146.64,16516.81,32742.52,13529.27,7199.87,12013.37,3766095,2561296,171294.0,63888.0,141170,21543.0,112246
1443,2021,Q3,Chhattisgarh,Central,Durg,Rural,1622392,11,23,8,13,398582,298662,170798,130909,59209.07,29981.97,8373.76,20853.34,42913.75,23519.97,11622.19,7771.59,3941275,2299446,124383.0,73307.0,133097,13743.0,61693
1444,2021,Q4,Chhattisgarh,Central,Durg,Semi-Urban,1622392,12,19,12,16,699471,495154,355043,223928,84937.95,37874.03,13194.12,33869.8,69140.58,37360.73,16380.67,15399.18,8299151,5884852,177793.0,150555.0,133601,34735.0,62167
1445,2022,Q1,Chhattisgarh,Central,Durg,Rural,1641860,8,16,6,8,449683,369328,252635,171640,41154.83,22785.72,5724.56,12644.54,28604.99,11639.63,5899.91,11065.44,4878071,3086918,104505.0,58776.0,129854,18165.0,80575
1446,2022,Q2,Chhattisgarh,Central,Durg,Semi-Urban,1641860,19,44,14,18,632507,520353,361990,210417,112073.42,47785.54,18987.6,45300.27,72361.3,27333.26,21669.5,23358.53,5425701,3440715,161477.0,76651.0,66129,26964.0,46123
1447,2022,Q3,Chhattisgarh,Central,Durg,Urban,1641860,22,45,12,22,895157,739386,403886,198200,69049.99,35093.81,9361.24,24594.94,54423.72,29076.08,16252.22,9095.42,6512120,3876356,297438.0,164735.0,113858,67128.0,56585
1448,2022,Q4,Chhattisgarh,Central,Durg,Semi-Urban,1641860,9,21,8,12,601790,373676,255879,232205,51783.86,26409.81,7145.19,18228.86,37760.08,20623.67,6106.56,11029.84,4050698,2582406,129581.0,82539.0,123790,35287.0,59729
1449,2023,Q1,Chhattisgarh,Central,Durg,Semi-Urban,1661329,15,24,12,13,810316,604148,469156,186184,73679.93,41253.2,9985.29,22441.43,58330.43,25356.97,9663.7,23309.75,4609645,2448940,234669.0,149103.0,105609,38353.0,76925
1450,2023,Q2,Chhattisgarh,Central,Durg,Rural,1661329,5,10,4,6,580024,490463,296636,229213,85056.07,39934.78,9614.36,35506.93,49416.9,24138.25,12023.9,13254.76,6363448,3069893,183107.0,105794.0,67740,34318.0,37036
1451,2023,Q3,Chhattisgarh,Central,Durg,Rural,1661329,9,14,6,6,420170,353738,186132,142518,51272.19,27516.2,5994.59,17761.4,31763.47,11992.66,8472.55,11298.27,6236175,3723176,119489.0,58859.0,112321,28525.0,85178
1452,2023,Q4,Chhattisgarh,Central,Durg,Semi-Urban,1661329,13,29,13,20,657508,480775,281479,260198,58371.43,24606.9,8140.75,25623.78,44786.46,17905.51,11785.21,15095.73,8927457,5861837,153463.0,87665.0,83297,48762.0,49427
1453,2024,Q1,Chhattisgarh,Central,Durg,Semi-Urban,1680798,13,25,8,14,615988,476336,316604,214943,98317.15,42529.59,9883.96,45903.6,86058.46,43894.43,24903.33,17260.7,6116944,3981247,138491.0,111830.0,131193,27534.0,91909
1454,2024,Q2,Chhattisgarh,Central,Durg,Semi-Urban,1680798,20,35,21,23,782533,644884,385826,225184,115960.59,66912.7,11410.49,37637.4,74318.05,40197.73,13831.76,20288.56,6296756,3201383,170393.0,181152.0,81684,54322.0,45229
1455,2024,Q3,Chhattisgarh,Central,Durg,Semi-Urban,1680798,11,18,11,12,573734,387653,264754,191785,54385.39,29661.41,6621.32,18102.66,29937.13,10800.96,6631.25,12504.92,5991890,3739629,91342.0,60001.0,107483,31504.0,79725
1456,2024,Q4,Chhattisgarh,Central,Durg,Rural,1680798,11,18,6,16,630866,407501,267568,234918,52111.9,29486.7,4462.77,18162.43,31867.4,11168.75,5585.22,15113.43,5046996,3184758,155020.0,52552.0,150259,30732.0,75541
1457,2025,Q1,Chhattisgarh,Central,Durg,Rural,1700266,10,17,10,7,474699,406452,190010,107787,44720.29,25888.47,6218.96,12612.85,26430.78,10222.26,6218.51,9990.01,5306455,4117177,165048.0,102662.0,79711,15971.0,61206
1458,2025,Q2,Chhattisgarh,Central,Durg,Rural,1700266,13,23,11,13,526341,461500,213618,160481,42262.94,18889.3,6647.92,16725.73,25317.15,10971.13,6631.72,7714.3,6618162,3549388,134024.0,84354.0,156606,18126.0,113930
1459,2025,Q3,Chhattisgarh,Central,Durg,Semi-Urban,1700266,13,21,14,17,724318,501270,277980,261332,132396.76,71589.39,12620.55,48186.82,107426.03,45560.94,27897.32,33967.77,8843164,4868226,231001.0,122323.0,159294,49718.0,78022
1460,2025,Q4,Chhattisgarh,Central,Durg,Rural,1700266,12,27,7,13,701047,441214,371951,207406,76193.35,38637.12,12754.3,24801.93,58903.63,25586.14,14785.95,18531.54,6896920,4435834,183120.0,135658.0,97559,48774.0,72508
1461,2021,Q1,Chhattisgarh,Central,Korba,Rural,1646933,12,20,11,11,440257,283064,210513,115313,73715.73,40910.92,9738.53,23066.28,62975.94,24618.7,10977.86,27379.38,3078736,1490428,108268.0,73977.0,97857,16152.0,56616
1462,2021,Q2,Chhattisgarh,Central,Korba,Rural,1646933,9,19,9,7,601535,412231,255135,212369,113396.7,61575.87,10855.64,40965.19,70802.96,35562.76,16552.2,18688.0,7034214,4970937,122352.0,88364.0,102178,44530.0,76031
1463,2021,Q3,Chhattisgarh,Central,Korba,Rural,1646933,13,23,12,19,489469,408080,238410,147972,86688.27,45220.54,7474.73,33993.0,64438.89,26429.11,14760.45,23249.33,3624085,1873185,113333.0,99120.0,76260,32242.0,35263
1464,2021,Q4,Chhattisgarh,Central,Korba,Semi-Urban,1646933,12,19,10,16,610739,412166,267403,224091,65932.88,29110.33,8315.43,28507.13,49855.83,18165.66,13668.44,18021.73,6707995,3850657,191135.0,65414.0,124513,24633.0,95758
1465,2022,Q1,Chhattisgarh,Central,Korba,Rural,1666696,13,22,8,18,526830,466681,299550,192625,69222.68,38846.58,6105.43,24270.67,46532.59,19257.23,13688.96,13586.4,5497672,2717222,117001.0,139084.0,131222,15828.0,70556
1466,2022,Q2,Chhattisgarh,Central,Korba,Semi-Urban,1666696,17,28,12,17,727801,612212,310161,191567,73927.02,37378.72,6013.56,30534.74,59695.94,31957.82,16601.01,11137.11,9767412,5696690,140605.0,137687.0,148039,50468.0,74379
1467,2022,Q3,Chhattisgarh,Central,Korba,Rural,1666696,8,12,4,10,537417,407819,218334,228325,49038.67,24074.87,3965.46,20998.34,37778.08,17288.84,8675.72,11813.52,6919149,5116251,,68606.0,141022,22609.0,71941
1468,2022,Q4,Chhattisgarh,Central,Korba,Rural,1666696,13,22,7,12,594762,387526,338340,212794,58365.89,33180.67,6203.03,18982.19,34860.4,14449.46,9639.42,10771.52,6111916,4128049,102897.0,106906.0,101666,25776.0,48956
1469,2023,Q1,Chhattisgarh,Central,Korba,Rural,1686459,15,33,8,12,684922,604792,267915,251546,81488.57,42604.43,13121.42,25762.72,52209.44,25638.53,13001.33,13569.57,4266574,2053159,214400.0,145443.0,114723,35071.0,54653
1470,2023,Q2,Chhattisgarh,Central,Korba,Rural,1686459,13,28,11,15,658523,439970,310491,165348,94965.41,41734.23,8314.37,44916.81,57456.17,26847.4,10718.26,19890.51,4281697,2565841,128279.0,114616.0,153013,43627.0,83319
1471,2023,Q3,Chhattisgarh,Central,Korba,Semi-Urban,1686459,18,35,15,26,569454,453216,263845,234074,105599.48,49107.45,11335.66,45156.37,61586.37,27503.78,14277.65,19804.93,3590764,2394124,167225.0,114478.0,151492,27191.0,74152
1472,2023,Q4,Chhattisgarh,Central,Korba,Rural,1686459,14,24,13,13,729639,619831,343968,206608,116431.04,50103.93,20415.29,45911.82,88854.01,38174.31,20511.3,30168.4,8903803,4434736,198503.0,125529.0,76772,26523.0,46123
1473,2024,Q1,Chhattisgarh,Central,Korba,Rural,1706222,10,15,5,7,455060,391544,236380,195286,37854.4,20114.65,5452.33,12287.41,25273.7,10750.05,7035.66,7487.99,2815357,1507049,158773.0,99476.0,158264,21714.0,116975
1474,2024,Q2,Chhattisgarh,Central,Korba,Rural,1706222,15,32,9,11,601477,472556,267501,222763,89564.61,38835.08,7761.39,42968.14,76012.61,36776.53,19303.9,19932.18,7319928,5191984,107347.0,145327.0,153075,32424.0,91236
1475,2024,Q3,Chhattisgarh,Central,Korba,Rural,1706222,15,30,10,21,679254,463219,323412,291680,74173.49,31410.01,7303.36,35460.12,45371.84,23666.57,8251.4,13453.87,8098124,4509894,205803.0,63620.0,122318,22406.0,72696
1476,2024,Q4,Chhattisgarh,Central,Korba,Rural,1706222,16,32,11,23,541025,377850,224769,183084,45924.01,24273.52,4015.66,17634.83,36520.8,13544.35,8836.88,14139.57,3953923,2963575,181152.0,58483.0,123832,26849.0,81506
1477,2025,Q1,Chhattisgarh,Central,Korba,Rural,1725985,14,28,14,17,624990,558237,263247,156130,65394.46,34290.25,7232.12,23872.09,41339.94,14937.27,7378.05,19024.62,9495619,5764973,254625.0,150427.0,122673,30739.0,95208
1478,2025,Q2,Chhattisgarh,Central,Korba,Urban,1725985,22,50,19,16,1000952,647789,408152,260430,123748.54,58578.67,15496.62,49673.25,69992.84,33173.22,17637.11,19182.52,9148111,5735123,159253.0,179452.0,117663,50200.0,55290
1479,2025,Q3,Chhattisgarh,Central,Korba,Semi-Urban,1725985,13,27,12,11,919595,687692,382663,329307,130777.46,73179.91,21637.58,35959.98,108017.05,46430.65,29752.99,31833.41,12419483,7387781,302341.0,219585.0,80935,36437.0,51237
1480,2025,Q4,Chhattisgarh,Central,Korba,Semi-Urban,1725985,17,36,16,17,710845,445526,359144,275067,133075.74,75643.36,13339.67,44092.71,95780.57,37618.16,17846.85,40315.56,3367101,1887441,208453.0,126328.0,81653,23000.0,57813
1481,2021,Q1,Chhattisgarh,Central,Jagdalpur,Rural,1107520,13,28,14,11,445224,310969,173109,118445,89562.45,40017.9,10444.44,39100.11,58445.32,22182.81,14442.37,21820.13,5001088,3330291,113471.0,63872.0,55992,19449.0,28307
1482,2021,Q2,Chhattisgarh,Central,Jagdalpur,Semi-Urban,1107520,16,32,16,23,710589,549787,362687,272058,59847.18,26754.94,7848.76,25243.47,49459.53,19593.02,12974.55,16891.97,7639117,5904776,178963.0,165274.0,55088,50592.0,32067
1483,2021,Q3,Chhattisgarh,Central,Jagdalpur,Semi-Urban,1107520,22,51,21,27,605384,433858,280778,174919,117173.25,67016.68,14275.95,35880.62,85566.04,39820.64,21490.11,24255.28,4446191,2763971,95725.0,125184.0,94686,45308.0,70456
1484,2021,Q4,Chhattisgarh,Central,Jagdalpur,Rural,1107520,15,27,10,23,460339,407003,261243,182421,36969.64,20223.18,6075.22,10671.24,32071.9,12625.95,8423.38,11022.57,5897210,3800514,144468.0,75579.0,58186,17687.0,36659
1485,2022,Q1,Chhattisgarh,Central,Jagdalpur,Rural,1120810,13,30,13,18,428315,288256,232089,110840,56710.81,27249.04,9376.87,20084.89,47873.45,26298.6,13986.07,7588.78,2156709,1428711,113724.0,59480.0,53396,28914.0,34872
1486,2022,Q2,Chhattisgarh,Central,Jagdalpur,Semi-Urban,1120810,17,35,12,23,739203,612323,395740,218510,142127.13,80092.62,23561.97,38472.54,84001.29,45634.04,25157.36,13209.88,10575159,5139604,231211.0,169382.0,101768,41667.0,76990
1487,2022,Q3,Chhattisgarh,Central,Jagdalpur,Rural,1120810,20,39,16,24,534409,398113,222370,162168,58455.2,30098.89,8235.47,20120.84,36754.19,13484.96,9711.24,13558.0,3454950,2088168,142296.0,,94249,28896.0,45584
1488,2022,Q4,Chhattisgarh,Central,Jagdalpur,Rural,1120810,18,42,15,17,662479,473063,348451,166226,63962.94,29318.8,5432.58,29211.56,54735.23,19770.25,14255.32,20709.67,8949108,5196113,145029.0,145088.0,78979,42166.0,39146
1489,2023,Q1,Chhattisgarh,Central,Jagdalpur,Semi-Urban,1134100,15,28,10,14,717512,489681,331262,199222,77689.25,33194.18,12344.04,32151.04,56733.14,29256.57,10769.21,16707.36,3764641,2656868,198049.0,99952.0,91557,27657.0,72232
1490,2023,Q2,Chhattisgarh,Central,Jagdalpur,Semi-Urban,1134100,23,41,15,25,579143,394261,266301,130537,69587.92,32170.04,6141.51,31276.38,51797.59,23018.95,13730.91,15047.74,3941299,2698750,187922.0,56736.0,55841,15351.0,27397
1491,2023,Q3,Chhattisgarh,Central,Jagdalpur,Rural,1134100,19,36,17,21,482581,313449,266295,121638,40293.4,16939.27,3513.44,19840.68,30607.47,12203.49,6347.73,12056.24,4008125,2660966,137032.0,86066.0,45532,30441.0,29185
1492,2023,Q4,Chhattisgarh,Central,Jagdalpur,Rural,1134100,18,37,14,21,564477,428499,299195,174826,43823.41,25085.66,4631.96,14105.79,35906.44,15838.26,8977.24,11090.94,7599055,3669249,193521.0,117495.0,52439,26064.0,40047
1493,2024,Q1,Chhattisgarh,Central,Jagdalpur,Semi-Urban,1147390,20,44,16,25,765989,520327,311984,306701,63781.02,29615.57,7123.38,27042.07,40154.91,20010.18,11896.68,8248.05,3817603,1968626,141473.0,143803.0,75621,57434.0,60592
1494,2024,Q2,Chhattisgarh,Central,Jagdalpur,Rural,1147390,16,27,17,13,621763,385685,314824,201367,89005.27,38531.94,10478.88,39994.45,62053.82,23256.86,10672.84,28124.12,6798340,4233218,102862.0,64875.0,75288,37523.0,52940
1495,2024,Q3,Chhattisgarh,Central,Jagdalpur,Rural,1147390,14,22,14,19,604912,442131,300334,194702,64346.62,36028.75,9233.15,19084.72,35420.85,14712.91,7353.1,13354.84,5512875,4218969,178464.0,114994.0,100205,41321.0,58004
1496,2024,Q4,Chhattisgarh,Central,Jagdalpur,Rural,1147390,15,28,11,22,508058,429113,245294,138348,68382.57,29904.29,11202.28,27276.0,53391.49,20875.85,15586.11,16929.53,3292358,1720880,97126.0,80096.0,52555,33286.0,42959
1497,2025,Q1,Chhattisgarh,Central,Jagdalpur,Urban,1160680,30,59,23,39,1038705,652400,459956,300510,136013.15,68305.88,11135.79,56571.49,93282.06,44205.41,21517.88,27558.77,4563787,2580682,291450.0,130296.0,50072,38963.0,29240
1498,2025,Q2,Chhattisgarh,Central,Jagdalpur,Semi-Urban,1160680,24,43,24,23,564165,376457,319834,178000,65959.13,35441.91,9858.6,20658.62,44456.09,21710.25,9399.94,13345.9,6632123,4473281,89981.0,100747.0,59876,21718.0,47524
1499,2025,Q3,Chhattisgarh,Central,Jagdalpur,Rural,1160680,20,40,12,14,584716,524305,245084,194560,93551.27,46879.42,13669.97,33001.88,76610.89,31920.5,21902.94,22787.45,4412970,2770214,181448.0,132321.0,41745,26049.0,19626
1500,2025,Q4,Chhattisgarh,Central,Jagdalpur,Urban,1160680,32,66,31,35,1027308,888057,463689,307308,132010.15,76476.5,15302.37,40231.27,93117.09,46647.14,18777.24,27692.72,12056867,5807183,241928.0,129203.0,90035,49382.0,58232
1501,2021,Q1,Punjab,North,Amritsar,Rural,580579,15,35,15,11,236041,172790,127766,54656,23708.83,10555.73,3539.05,9614.05,19461.47,9553.71,4313.44,5594.32,1670265,1047025,77475.0,25492.0,22456,7030.0,13407
1502,2021,Q2,Punjab,North,Amritsar,Urban,580579,21,47,16,17,288746,209546,121855,68555,47108.54,21981.2,7438.2,17689.15,37972.46,17019.27,6588.77,14364.41,2036275,1350327,96140.0,53168.0,34429,16391.0,21529
1503,2021,Q3,Punjab,North,Amritsar,Rural,580579,17,27,9,16,231599,161438,118183,60441,39988.56,17590.61,5801.57,16596.38,34681.03,13475.83,9963.94,11241.26,1258939,886910,60954.0,38452.0,36980,14141.0,27712
1504,2021,Q4,Punjab,North,Amritsar,Rural,580579,20,35,12,16,294849,193008,134727,85564,54334.26,31482.98,8351.47,14499.81,45141.17,16690.24,8822.13,19628.79,3048606,1617953,49258.0,,24854,16432.0,13302
1505,2022,Q1,Punjab,North,Amritsar,Rural,587545,15,29,13,14,209758,177115,109852,71683,30170.59,16804.64,4736.5,8629.45,22472.93,11994.23,4126.24,6352.46,1806908,875605,70585.0,55365.0,46470,5317.0,35913
1506,2022,Q2,Punjab,North,Amritsar,Rural,587545,14,29,10,12,292501,242468,131066,81804,52295.95,27954.07,7530.56,16811.32,32696.22,17020.37,8662.95,7012.9,3215344,2342323,85952.0,53904.0,46730,19835.0,29799
1507,2022,Q3,Punjab,North,Amritsar,Semi-Urban,587545,17,32,15,25,227060,154291,96929,65526,25683.65,14426.49,3690.68,7566.48,16173.09,8454.49,4018.79,3699.81,2493389,1749559,42727.0,29675.0,40890,7320.0,30553
1508,2022,Q4,Punjab,North,Amritsar,Rural,587545,17,36,15,15,217991,143144,93385,55183,34084.59,17512.23,4914.62,11657.73,27911.15,14868.56,5365.99,7676.59,1262653,853934,53367.0,19419.0,37717,13715.0,22913
1509,2023,Q1,Punjab,North,Amritsar,Rural,594512,13,30,10,14,280588,223964,153841,90391,58639.21,28394.19,6926.88,23318.14,50238.09,24460.08,12408.84,13369.17,1920674,1105856,93401.0,51996.0,40710,7269.0,24907
1510,2023,Q2,Punjab,North,Amritsar,Semi-Urban,594512,16,26,9,23,324767,217412,175783,116333,37455.54,16665.55,6124.94,14665.05,26892.03,12408.09,7628.97,6854.98,1908305,933182,48725.0,28999.0,44284,18412.0,23381
1511,2023,Q3,Punjab,North,Amritsar,Rural,594512,18,32,14,14,325788,270867,164291,111885,43457.67,19826.36,5864.75,17766.55,24908.47,9088.95,5941.02,9878.5,1986182,1017358,124368.0,82033.0,41606,21965.0,33415
1512,2023,Q4,Punjab,North,Amritsar,Urban,594512,29,60,19,22,302055,239040,116967,113343,46300.53,26162.56,6120.6,14017.37,39284.36,20833.36,7369.15,11081.85,3933700,2483098,76241.0,35121.0,53939,10695.0,38010
1513,2024,Q1,Punjab,North,Amritsar,Urban,601479,21,42,13,15,346236,240464,186189,103342,53243.23,22488.34,4415.53,26339.36,33137.97,14076.93,8122.06,10938.98,1793862,965940,114542.0,45900.0,53454,20763.0,39682
1514,2024,Q2,Punjab,North,Amritsar,Rural,601479,16,26,9,23,220472,176395,106539,73708,22674.28,9679.56,4066.57,8928.15,12671.08,4561.98,2603.28,5505.81,2150481,1043828,76947.0,,23898,12213.0,12472
1515,2024,Q3,Punjab,North,Amritsar,Semi-Urban,601479,21,34,16,32,372924,243425,179190,154278,51911.31,25921.13,4707.38,21282.8,31084.08,11169.6,5823.42,14091.06,3792865,2527938,110110.0,60865.0,35001,13366.0,27737
1516,2024,Q4,Punjab,North,Amritsar,Rural,601479,18,34,19,18,326527,281288,139274,78339,64095.61,26942.93,8326.13,28826.55,48351.75,24428.16,14119.29,9804.31,2192521,1520584,128814.0,86644.0,29202,11225.0,21788
1517,2025,Q1,Punjab,North,Amritsar,Rural,608446,14,23,11,14,261739,231169,133873,73539,25176.49,12393.44,3527.97,9255.08,16057.08,8084.77,2790.47,5181.84,2101244,1529292,84542.0,56568.0,43763,14994.0,27752
1518,2025,Q2,Punjab,North,Amritsar,Urban,608446,25,52,19,22,310454,206855,179608,94819,55292.08,26985.73,9734.27,18572.08,32073.48,15035.95,9259.1,7778.43,3395582,2294241,,59822.0,29342,19103.0,23825
1519,2025,Q3,Punjab,North,Amritsar,Rural,608446,18,37,11,24,289770,229340,127845,73197,45445.89,21545.07,4980.39,18920.43,30202.91,13530.2,8954.4,7718.31,2967432,1892738,95984.0,66588.0,28754,17691.0,17424
1520,2025,Q4,Punjab,North,Amritsar,Semi-Urban,608446,16,30,9,13,404443,280041,175071,167911,59802.01,26490.71,6412.97,26898.32,44613.41,22331.92,8852.62,13428.88,2755773,2125085,125001.0,39719.0,26214,28070.0,18623
1521,2021,Q1,Punjab,North,Ludhiana,Semi-Urban,1774527,15,32,11,10,660119,584108,351608,171500,54081.53,29950.8,4899.68,19231.05,39442.03,15974.02,10321.02,13146.98,8284005,5335107,128566.0,102472.0,145035,21707.0,93759
1522,2021,Q2,Punjab,North,Ludhiana,Rural,1774527,19,39,11,15,573322,419977,275029,196046,71098.31,33768.4,6124.28,31205.63,41874.6,15433.5,7626.76,18814.34,5281038,3695022,181161.0,103110.0,164451,26306.0,96358
1523,2021,Q3,Punjab,North,Ludhiana,Urban,1774527,22,44,18,26,1042122,756075,559055,428245,150848.19,80144.79,14815.77,55887.62,131181.96,63176.9,22230.04,45775.01,7831420,3878877,270474.0,204191.0,114190,69489.0,62012
1524,2021,Q4,Punjab,North,Ludhiana,Semi-Urban,1774527,19,35,11,18,735032,641907,423635,194086,103753.7,50337.45,11923.08,41493.18,60826.74,30453.33,13538.86,16834.55,6069296,3234394,247809.0,142484.0,162165,51067.0,109612
1525,2022,Q1,Punjab,North,Ludhiana,Rural,1795821,16,30,16,11,692251,490026,340515,247647,85263.97,42891.71,14775.87,27596.39,61973.3,23214.45,17066.38,21692.47,5626479,3274103,136057.0,95086.0,106433,44839.0,56690
1526,2022,Q2,Punjab,North,Ludhiana,Rural,1795821,5,7,4,4,578995,411644,229554,171219,79280.26,36854.86,8680.04,33745.36,60180.25,29709.74,14486.25,15984.27,3327383,1858051,195040.0,127187.0,156422,15333.0,104663
1527,2022,Q3,Punjab,North,Ludhiana,Urban,1795821,18,38,13,27,889412,669286,470784,243773,80004.93,39848.37,13829.79,26326.77,51434.43,18448.28,12697.12,20289.03,7718695,4805869,157017.0,148168.0,80378,26246.0,58444
1528,2022,Q4,Punjab,North,Ludhiana,Rural,1795821,15,32,14,13,840554,559101,453419,259152,89581.54,51430.66,11747.48,26403.4,63139.54,33474.58,15371.9,14293.06,9598440,7082391,161675.0,114637.0,164057,33128.0,115099
1529,2023,Q1,Punjab,North,Ludhiana,Rural,1817115,14,24,12,11,606052,443785,324496,172630,46834.72,24227.36,3818.2,18789.16,38003.41,20150.32,8716.3,9136.79,4521489,2393947,179281.0,94320.0,120092,,93586
1530,2023,Q2,Punjab,North,Ludhiana,Urban,1817115,25,58,16,20,969612,788301,453719,395014,165117.55,71226.1,16104.5,77786.94,114144.23,62239.99,23606.99,28297.25,7807550,4138002,302544.0,250507.0,123164,50996.0,97434
1531,2023,Q3,Punjab,North,Ludhiana,Rural,1817115,9,18,4,12,692141,564920,325002,221194,123952.01,56373.15,16850.99,50727.87,95179.53,40064.65,22151.28,32963.6,5598083,4226059,157749.0,83146.0,151018,22157.0,70559
1532,2023,Q4,Punjab,North,Ludhiana,Rural,1817115,12,21,11,11,599889,438420,242841,191211,94347.35,42246.65,11823.59,40277.11,75630.86,27629.38,12852.04,35149.44,4359675,2127840,132713.0,89003.0,87536,28055.0,41963
1533,2024,Q1,Punjab,North,Ludhiana,Semi-Urban,1838409,10,19,9,15,959099,739754,512261,306717,105619.35,51110.97,8473.66,46034.72,64258.33,24116.58,18920.73,21221.02,12409047,8217966,175218.0,162889.0,118974,59607.0,69094
1534,2024,Q2,Punjab,North,Ludhiana,Rural,1838409,19,42,11,27,556000,442108,264327,238909,74998.65,36344.71,11112.55,27541.39,57179.59,21001.51,15099.48,21078.59,6898745,5265771,,87399.0,126093,28338.0,80298
1535,2024,Q3,Punjab,North,Ludhiana,Semi-Urban,1838409,13,22,13,20,972480,863204,437615,342113,136050.34,70906.69,15106.2,50037.46,103589.46,50196.58,28700.07,24692.81,10632570,5487611,353849.0,158790.0,92725,49642.0,45183
1536,2024,Q4,Punjab,North,Ludhiana,Rural,1838409,13,24,7,14,658512,420626,288872,185542,77512.6,37885.32,6913.8,32713.47,42766.93,21263.78,8862.53,12640.62,7947990,4567132,159643.0,76304.0,131083,23705.0,84101
1537,2025,Q1,Punjab,North,Ludhiana,Rural,1859704,13,30,13,16,846061,547195,444922,236877,127459.49,54215.75,19053.13,54190.61,88393.93,38710.76,25370.73,24312.44,7401053,4520221,242698.0,71959.0,78235,57153.0,37275
1538,2025,Q2,Punjab,North,Ludhiana,Rural,1859704,13,22,9,9,779859,578968,360636,195371,100177.74,48223.84,10203.77,41750.12,58219.73,23412.57,14753.92,20053.24,7328657,5635338,138350.0,113746.0,159245,55237.0,119975
1539,2025,Q3,Punjab,North,Ludhiana,Semi-Urban,1859704,18,33,13,21,1059798,696735,411045,408880,176485.98,101703.27,18555.63,56227.08,108382.93,45325.27,30663.13,32394.53,6734772,3992203,155811.0,85075.0,98826,70207.0,69691
1540,2025,Q4,Punjab,North,Ludhiana,Semi-Urban,1859704,21,38,18,24,926313,649038,483390,305726,72296.22,30599.45,6332.79,35363.98,48613.06,19986.44,8844.17,19782.45,6031979,3348818,229770.0,203821.0,116652,52838.0,78400
1541,2021,Q1,Punjab,North,Patiala,Urban,1491234,21,35,13,21,1125820,708038,619691,470284,227189.13,95977.02,40389.51,90822.6,152420.7,79846.53,28373.61,44200.56,5163026,3939300,237969.0,91218.0,124721,57969.0,80372
1542,2021,Q2,Punjab,North,Patiala,Semi-Urban,1491234,25,45,24,28,908015,808271,430638,279546,184998.98,107075.0,24990.83,52933.15,122766.49,48870.64,20228.66,53667.19,11051529,8343658,330541.0,134734.0,137212,22900.0,77842
1543,2021,Q3,Punjab,North,Patiala,Semi-Urban,1491234,25,55,19,25,851990,683962,386319,326097,155498.86,89318.29,22123.21,44057.36,130587.27,48419.58,25491.93,56675.77,6263167,4637626,207558.0,123499.0,89648,62328.0,59695
1544,2021,Q4,Punjab,North,Patiala,Rural,1491234,18,35,19,21,544331,479698,232417,198458,74246.27,34541.02,12835.4,26869.85,63178.79,28596.42,12395.0,22187.36,6480458,3709083,118297.0,72585.0,55957,25996.0,40629
1545,2022,Q1,Punjab,North,Patiala,Urban,1509128,30,55,24,40,1175421,868480,574467,486635,187470.08,102272.29,17157.69,68040.1,135456.85,73402.22,28531.61,33523.02,8027940,5192339,257661.0,208645.0,66913,63460.0,45024
1546,2022,Q2,Punjab,North,Patiala,Rural,1509128,19,35,13,18,719753,496157,386195,265515,73325.52,30798.83,10241.51,32285.17,45443.49,16019.58,9555.49,19868.42,8154539,4268262,233253.0,128002.0,59455,18408.0,47777
1547,2022,Q3,Punjab,North,Patiala,Rural,1509128,11,23,7,13,934331,695457,458059,304153,158640.98,70955.37,24654.29,63031.33,109010.79,58074.97,27272.57,23663.24,10769545,7385884,255044.0,93254.0,110776,35874.0,88653
1548,2022,Q4,Punjab,North,Patiala,Rural,1509128,16,26,17,21,729562,643514,290528,173934,111343.77,63103.22,18264.38,29976.16,72496.06,38261.09,12034.66,22200.31,11193131,6568375,233367.0,197631.0,69377,25919.0,44426
1549,2023,Q1,Punjab,North,Patiala,Semi-Urban,1527023,21,46,16,17,1104718,767289,596200,287996,142458.99,71243.97,18754.35,52460.66,88927.56,40300.47,20225.66,28401.43,12423002,9270949,210442.0,243720.0,116258,36450.0,76752
1550,2023,Q2,Punjab,North,Patiala,Semi-Urban,1527023,20,31,16,21,773486,561481,446068,287644,89491.48,41118.2,12625.85,35747.43,75686.08,34919.69,19880.28,20886.11,8223352,5951416,189706.0,,113865,57140.0,85778
1551,2023,Q3,Punjab,North,Patiala,Semi-Urban,1527023,21,39,18,23,1108389,695601,467557,449073,87743.06,41783.25,13606.67,32353.14,64478.83,34877.95,12373.65,17227.23,6950094,4375171,310760.0,122831.0,59969,49007.0,34877
1552,2023,Q4,Punjab,North,Patiala,Rural,1527023,21,47,16,33,956983,645530,460332,331478,183220.17,95245.7,15301.34,72673.12,129870.34,68436.57,33762.72,27671.05,5121278,3945442,288059.0,164491.0,137555,29981.0,67635
1553,2024,Q1,Punjab,North,Patiala,Rural,1544918,16,26,13,16,699196,559773,389537,235841,116901.13,59407.21,12984.89,44509.03,78869.93,32584.38,22750.01,23535.54,9344841,6970528,243456.0,132033.0,140064,25233.0,100212
1554,2024,Q2,Punjab,North,Patiala,Semi-Urban,1544918,26,55,18,34,898724,767102,484477,237609,92390.45,46941.37,12539.29,32909.8,73758.07,38427.53,14268.86,21061.68,12734457,7210540,279562.0,219230.0,63726,32930.0,50970
1555,2024,Q3,Punjab,North,Patiala,Rural,1544918,18,28,16,22,828110,539008,372990,323455,86541.54,38029.51,8387.17,40124.86,61241.77,33012.99,12624.17,15604.61,4799987,2661353,210825.0,128140.0,140292,28355.0,99208
1556,2024,Q4,Punjab,North,Patiala,Urban,1544918,29,47,22,26,986631,644581,503093,371695,171076.59,75839.73,19157.93,76078.93,113545.08,45011.13,20427.75,48106.2,11956934,6203283,223374.0,184922.0,130374,65343.0,77431
1557,2025,Q1,Punjab,North,Patiala,Rural,1562813,18,33,12,28,683314,428201,329694,204434,76092.75,36393.87,9148.26,30550.63,42429.7,19849.22,7513.87,15066.61,4383389,2318650,118007.0,112798.0,108842,24425.0,59891
1558,2025,Q2,Punjab,North,Patiala,Semi-Urban,1562813,24,51,22,27,952986,801023,398926,240116,149707.16,79883.7,15818.06,54005.39,98388.7,52080.63,21550.27,24757.8,7182870,3525110,299300.0,113213.0,94491,70945.0,73073
1559,2025,Q3,Punjab,North,Patiala,Semi-Urban,1562813,24,44,15,30,844157,622042,460200,208623,73879.21,37553.3,7770.05,28555.86,52901.6,21710.63,12213.6,18977.37,7957468,5594840,181750.0,196566.0,120387,41809.0,64813
1560,2025,Q4,Punjab,North,Patiala,Rural,1562813,23,48,18,17,634658,451753,260238,260400,60992.82,32566.04,9852.91,18573.87,43161.29,16670.05,8542.71,17948.52,5188620,2695779,148595.0,87151.0,140338,16810.0,85999
1561,2021,Q1,Punjab,North,Bathinda,Rural,690387,22,37,20,27,442063,371603,226418,186022,77771.93,44032.17,9018.41,24721.34,61421.07,31914.51,13579.7,15926.86,2839542,1659521,86729.0,115171.0,48870,13649.0,37147
1562,2021,Q2,Punjab,North,Bathinda,Rural,690387,22,51,23,27,433297,333382,198545,127328,82713.35,45635.19,10869.12,26209.04,53872.71,19844.12,11061.01,22967.58,5215471,3713573,149632.0,87476.0,29133,14274.0,16529
1563,2021,Q3,Punjab,North,Bathinda,Rural,690387,22,40,18,20,429888,275513,240965,116282,79214.14,39898.66,13702.43,25613.04,47666.98,17820.56,9774.61,20071.81,2733768,1660519,120084.0,35001.0,53695,17180.0,33065
1564,2021,Q4,Punjab,North,Bathinda,Rural,690387,25,40,23,27,493104,401640,193081,160266,95646.59,47715.53,13888.19,34042.86,58989.81,28934.59,14887.18,15168.04,7284439,3774119,127516.0,71045.0,42059,31237.0,21231
1565,2022,Q1,Punjab,North,Bathinda,Urban,698671,33,62,33,51,489493,377825,216886,145518,40808.8,23468.87,6405.05,10934.88,29423.54,15167.9,8241.62,6014.02,2714761,1311307,136612.0,116155.0,27868,13653.0,16918
1566,2022,Q2,Punjab,North,Bathinda,Urban,698671,42,87,38,43,531480,374783,257006,200261,76623.4,42540.36,8332.36,25750.69,54317.61,29637.29,16046.78,8633.54,4012468,2276542,83064.0,84868.0,49448,25147.0,35659
1567,2022,Q3,Punjab,North,Bathinda,Rural,698671,22,46,19,34,535853,423736,276924,187494,58233.84,28210.92,8634.66,21388.25,33104.34,14991.66,7189.45,10923.22,3283709,2328436,151335.0,123750.0,52410,18857.0,37821
1568,2022,Q4,Punjab,North,Bathinda,Rural,698671,25,48,20,38,541817,474528,301980,123476,73261.86,39621.5,9206.52,24433.84,58988.5,23102.09,14391.54,21494.88,7514689,5748290,170156.0,111376.0,35520,34081.0,24462
1569,2023,Q1,Punjab,North,Bathinda,Semi-Urban,706956,28,54,17,36,414042,294114,176216,137948,46526.24,25428.0,5901.82,15196.43,32566.89,17171.63,7667.4,7727.86,3797217,2650170,,54591.0,37319,24605.0,24647
1570,2023,Q2,Punjab,North,Bathinda,Rural,706956,22,46,15,29,441394,304018,226724,179117,53534.19,25363.47,8678.54,19492.17,30347.45,10665.4,5336.8,14345.25,4114918,3014842,135964.0,68934.0,26891,19578.0,18499
1571,2023,Q3,Punjab,North,Bathinda,Rural,706956,23,42,12,19,377384,287933,157472,111659,67881.25,37149.11,10148.81,20583.34,49471.72,22763.23,14518.68,12189.82,3604359,2518441,129064.0,71970.0,27403,27258.0,17883
1572,2023,Q4,Punjab,North,Bathinda,Rural,706956,23,41,12,17,399204,308038,158370,169314,49283.99,24840.68,4263.0,20180.31,40937.68,18096.72,7572.12,15268.84,4345002,2629037,80721.0,59202.0,50058,24061.0,36389
1573,2024,Q1,Punjab,North,Bathinda,Rural,715240,20,39,11,18,455375,376739,181722,119984,88872.09,41365.2,7867.46,39639.42,69257.85,31280.35,12608.88,25368.61,4878811,3797941,144876.0,84823.0,26261,32217.0,19997
1574,2024,Q2,Punjab,North,Bathinda,Rural,715240,24,54,21,36,467358,318047,231456,120392,44911.94,25671.5,6236.01,13004.44,36495.89,14002.48,9181.98,13311.43,2566260,1833526,130581.0,40812.0,43913,21161.0,34714
1575,2024,Q3,Punjab,North,Bathinda,Urban,715240,37,63,24,58,589201,478595,257620,239310,46011.99,20651.22,6952.85,18407.92,36168.44,16527.03,5813.58,13827.82,4547705,3331966,214016.0,148899.0,66801,24362.0,34634
1576,2024,Q4,Punjab,North,Bathinda,Urban,715240,38,60,26,51,567460,460586,295997,206606,65236.16,31871.43,10487.91,22876.82,56078.92,24733.56,9645.98,21699.37,4272035,3162602,213692.0,62679.0,48699,24193.0,38688
1577,2025,Q1,Punjab,North,Bathinda,Urban,723525,36,75,25,55,417227,295823,191612,152303,35965.47,18898.29,3866.37,13200.81,27594.61,12621.36,5714.25,9259.0,2291420,1656817,67280.0,68104.0,29166,19374.0,17814
1578,2025,Q2,Punjab,North,Bathinda,Rural,723525,22,34,14,19,484788,336354,198200,108521,95577.28,50896.99,11590.78,33089.51,56415.79,25106.21,12638.55,18671.03,4192413,2104399,110716.0,65811.0,26985,13670.0,14140
1579,2025,Q3,Punjab,North,Bathinda,Rural,723525,22,37,13,21,449303,372200,256601,185554,60611.36,26675.77,10738.76,23196.84,48539.53,25216.95,9357.59,13964.99,6650995,3762792,120697.0,52304.0,51197,14652.0,38245
1580,2025,Q4,Punjab,North,Bathinda,Rural,723525,22,48,16,26,429727,372649,228603,126510,60057.39,26766.11,8009.72,25281.56,45727.55,21102.64,10897.66,13727.25,4449200,2852293,153902.0,111974.0,64090,20718.0,39396
1581,2021,Q1,Punjab,North,Jalandhar,Semi-Urban,1660858,22,37,15,24,892525,682300,453987,360337,88349.47,42843.14,9051.82,36454.51,58272.94,30690.62,10454.85,17127.48,5248139,2670450,228825.0,124310.0,136344,60349.0,98756
1582,2021,Q2,Punjab,North,Jalandhar,Rural,1660858,16,34,10,22,839145,696564,357098,331323,112887.03,56791.52,12533.62,43561.9,64229.97,28226.62,13077.6,22925.75,6252135,3563364,190260.0,132224.0,69623,24516.0,54772
1583,2021,Q3,Punjab,North,Jalandhar,Urban,1660858,28,59,24,20,1500980,1350033,783127,403188,203530.15,95212.36,30880.73,77437.06,132163.22,50148.17,21284.35,60730.7,17138975,9319893,497964.0,423551.0,104296,82710.0,77857
1584,2021,Q4,Punjab,North,Jalandhar,Rural,1660858,22,37,14,33,798746,658042,346487,296588,64840.05,31472.85,8528.52,24838.68,43214.2,20081.78,8882.76,14249.66,10292812,6271345,260843.0,146244.0,145474,35230.0,82048
1585,2022,Q1,Punjab,North,Jalandhar,Rural,1680788,29,63,25,43,943963,590992,523029,374144,72162.93,36732.16,6082.27,29348.5,49481.07,26970.75,9113.85,13396.47,4334385,3147655,161686.0,150862.0,78899,48687.0,42766
1586,2022,Q2,Punjab,North,Jalandhar,Semi-Urban,1680788,29,58,31,31,1322614,1033265,744489,372028,188224.43,81038.82,25867.04,81318.57,152856.19,70503.5,30434.87,51917.81,18367264,11016057,298195.0,173141.0,90783,60738.0,44741
1587,2022,Q3,Punjab,North,Jalandhar,Rural,1680788,24,54,24,37,751123,474312,301310,260005,112979.16,54159.33,13462.47,45357.36,82479.28,30171.85,22432.89,29874.54,7394218,4766685,218156.0,93661.0,82628,21324.0,44700
1588,2022,Q4,Punjab,North,Jalandhar,Semi-Urban,1680788,25,39,25,39,916767,631721,472251,356876,109788.44,61775.93,13003.32,35009.19,63337.79,34771.11,11732.64,16834.04,5582053,4318387,146990.0,127690.0,97229,60772.0,50106
1589,2023,Q1,Punjab,North,Jalandhar,Rural,1700718,22,36,19,17,1071470,937113,541905,390606,81915.39,36759.31,8796.31,36359.77,65593.96,28670.19,11213.61,25710.15,11025306,6984853,413911.0,298719.0,67536,47306.0,39681
1590,2023,Q2,Punjab,North,Jalandhar,Urban,1700718,31,64,30,25,1216044,819169,671302,306440,146805.99,76557.43,18819.42,51429.14,104867.78,38835.03,24324.85,41707.89,6033547,4566273,300294.0,256046.0,108461,43176.0,75516
1591,2023,Q3,Punjab,North,Jalandhar,Rural,1700718,22,42,20,29,954300,696088,374704,308914,93491.18,44208.32,8297.05,40985.81,69306.4,31238.74,18777.88,19289.78,10452323,8130688,201576.0,135253.0,151789,48708.0,106379
1592,2023,Q4,Punjab,North,Jalandhar,Rural,1700718,17,32,14,17,881713,720878,488816,247307,143767.62,67331.21,20430.97,56005.44,123641.12,51971.1,32928.98,38741.04,11736918,8329571,217576.0,202403.0,161334,28237.0,95811
1593,2024,Q1,Punjab,North,Jalandhar,Semi-Urban,1720648,29,46,27,39,896371,690950,384541,348098,68878.89,30080.28,5959.52,32839.09,51523.08,26983.12,11929.46,12610.5,7424083,4569453,189839.0,130423.0,103638,52489.0,59671
1594,2024,Q2,Punjab,North,Jalandhar,Semi-Urban,1720648,26,51,14,39,987233,736898,562248,268468,77407.94,35284.78,10697.99,31425.17,63447.08,28693.56,15881.07,18872.46,10734536,8296203,289748.0,209357.0,107321,27161.0,63940
1595,2024,Q3,Punjab,North,Jalandhar,Semi-Urban,1720648,27,53,28,36,1325519,1150982,744469,398759,235389.34,127583.53,26752.73,81053.08,167324.39,86531.8,41694.8,39097.79,20547181,11912089,390122.0,175854.0,70666,70527.0,42422
1596,2024,Q4,Punjab,North,Jalandhar,Semi-Urban,1720648,25,43,18,39,1545817,1332535,828286,390902,216678.73,100080.18,18050.95,98547.6,149069.03,64849.25,25209.67,59010.12,13776360,8964937,404237.0,404371.0,110591,105279.0,76508
1597,2025,Q1,Punjab,North,Jalandhar,Rural,1740579,21,33,16,22,830685,585037,370476,184801,159461.6,74354.18,14542.67,70564.76,137882.02,68680.44,39263.27,29938.3,9880095,6104572,183600.0,126843.0,131110,50040.0,99608
1598,2025,Q2,Punjab,North,Jalandhar,Urban,1740579,28,50,19,21,1543730,1083621,601935,620126,229359.3,116679.0,25544.43,87135.87,135970.6,59477.93,22260.68,54231.99,9272284,5925641,408134.0,222719.0,144563,113834.0,93260
1599,2025,Q3,Punjab,North,Jalandhar,Rural,1740579,23,53,19,23,1289219,993684,494004,411867,102198.97,52177.81,9298.07,40723.09,83628.78,38242.39,14716.03,30670.36,11166689,8110688,259950.0,282624.0,68178,47949.0,49967
1600,2025,Q4,Punjab,North,Jalandhar,Semi-Urban,1740579,30,53,31,26,1539131,1254096,622152,518031,303583.71,153191.13,35407.67,114984.91,245993.91,131019.27,65302.61,49672.03,21500573,10582770,512379.0,198771.0,140015,54706.0,88249
1601,2021,Q1,Haryana,North,Gurugram,Urban,1692750,30,55,24,43,1499203,1284576,748769,479985,157225.6,85266.22,16933.17,55026.21,103579.24,53726.16,17330.38,32522.7,21817551,13448939,592422.0,154499.0,69618,88015.0,54404
1602,2021,Q2,Haryana,North,Gurugram,Rural,1692750,23,48,25,21,1090207,766051,507237,304353,131273.05,61508.02,16347.35,53417.68,99588.89,47550.93,24073.62,27964.33,8665314,4723186,226895.0,237078.0,115565,68079.0,52527
1603,2021,Q3,Haryana,North,Gurugram,Rural,1692750,21,39,22,16,1019849,730021,401988,270144,144812.0,74543.4,25441.3,44827.3,117642.62,49306.31,21099.09,47237.22,13300788,10334185,248876.0,144974.0,100947,33083.0,79437
1604,2021,Q4,Haryana,North,Gurugram,Semi-Urban,1692750,30,58,22,33,1460703,981154,790761,326934,280429.25,127954.16,22514.44,129960.64,206017.44,82179.86,51169.99,72667.59,13058082,8479209,287580.0,135011.0,105213,69970.0,70300
1605,2022,Q1,Haryana,North,Gurugram,Rural,1713063,19,31,17,22,914331,771270,407022,310234,81240.68,43157.55,13017.84,25065.29,68394.66,34307.15,19029.35,15058.16,13142103,9914039,238993.0,145513.0,116333,,89625
1606,2022,Q2,Haryana,North,Gurugram,Rural,1713063,19,31,17,14,907279,767690,398334,377043,188240.75,108807.47,25050.4,54382.88,138890.77,71838.94,31804.98,35246.85,10927494,7706819,250072.0,186510.0,128637,56510.0,89992
1607,2022,Q3,Haryana,North,Gurugram,Rural,1713063,22,34,24,31,1086767,967928,546093,251967,152756.11,73187.96,19240.93,60327.22,123063.11,55450.49,27868.29,39744.33,9702770,5417038,288938.0,220662.0,137791,45782.0,64626
1608,2022,Q4,Haryana,North,Gurugram,Rural,1713063,20,41,19,31,1158862,857648,509695,286496,179934.67,95083.28,18661.62,66189.77,118181.55,48267.6,32106.53,37807.42,6877307,4434888,226864.0,207288.0,66526,39162.0,32718
1609,2023,Q1,Haryana,North,Gurugram,Rural,1733376,24,41,14,29,1080303,758967,540759,413725,129819.04,57569.72,10692.5,61556.81,113442.55,46505.34,22580.32,44356.89,9995224,6894675,359024.0,201617.0,134502,68239.0,63869
1610,2023,Q2,Haryana,North,Gurugram,Rural,1733376,19,33,11,20,1064920,713474,469635,377222,168976.59,92362.09,29834.69,46779.81,126237.99,61817.92,35406.08,29013.99,8920435,5012946,312785.0,188174.0,151900,67976.0,115447
1611,2023,Q3,Haryana,North,Gurugram,Rural,1733376,19,42,19,18,1134868,728344,524212,365655,209332.27,99216.24,27793.86,82322.18,159858.25,66459.06,47633.82,45765.37,9443002,5186589,326080.0,130577.0,114177,67146.0,54992
1612,2023,Q4,Haryana,North,Gurugram,Urban,1733376,28,56,30,20,1520371,1279771,618138,441537,285939.28,138453.24,48766.84,98719.2,166074.59,73840.84,41739.92,50493.83,17901729,12398174,484035.0,221215.0,121497,90041.0,66185
1613,2024,Q1,Haryana,North,Gurugram,Semi-Urban,1753689,27,42,20,23,1278912,880016,674620,518204,123009.91,68892.58,14284.8,39832.53,85296.62,33623.41,18726.37,32946.84,10769537,7715491,246525.0,222807.0,94284,64303.0,51481
1614,2024,Q2,Haryana,North,Gurugram,Urban,1753689,32,62,20,30,1024881,643408,497256,298031,190486.66,104201.16,21257.77,65027.73,118819.36,64629.1,32361.73,21828.53,11520346,7579952,247043.0,166915.0,72101,28946.0,50228
1615,2024,Q3,Haryana,North,Gurugram,Semi-Urban,1753689,26,59,22,33,988367,878730,486788,334370,207344.76,94393.24,35893.43,77058.09,164442.02,58176.32,31832.36,74433.34,13318089,7232562,287674.0,207876.0,149417,66503.0,102343
1616,2024,Q4,Haryana,North,Gurugram,Urban,1753689,35,77,23,49,1621639,1067897,933641,365271,240957.84,131676.26,36979.14,72302.45,174618.76,83850.68,45049.98,45718.1,18462499,10594958,372247.0,255373.0,116431,41228.0,82008
1617,2025,Q1,Haryana,North,Gurugram,Rural,1774002,17,26,13,18,1013543,687654,577152,223725,198915.91,89021.14,25305.92,84588.85,174314.09,83451.07,30998.75,59864.27,10664412,8050019,233105.0,146910.0,70843,41253.0,39701
1618,2025,Q2,Haryana,North,Gurugram,Urban,1774002,33,65,34,35,1480555,1036749,832600,467234,250966.08,133257.14,30245.39,87463.55,140635.12,60838.98,33330.95,46465.18,12558649,7319418,268992.0,162544.0,109002,71127.0,54700
1619,2025,Q3,Haryana,North,Gurugram,Rural,1774002,22,45,17,34,857038,730632,409912,189511,91911.7,43223.42,10684.27,38004.01,78354.88,33080.4,17131.21,28143.28,5963955,4122411,305326.0,203675.0,113455,27161.0,62166
1620,2025,Q4,Haryana,North,Gurugram,Rural,1774002,24,44,16,25,1188900,980907,595722,430927,234646.66,130865.98,22365.79,81414.88,148496.8,66892.62,31217.52,50386.66,18434675,10767288,249379.0,174160.0,106679,30103.0,76401
1621,2021,Q1,Haryana,North,Faridabad,Urban,934099,25,42,20,20,570394,430741,219161,217207,61137.14,25895.34,8144.27,27097.53,49294.56,19599.01,12770.12,16925.43,4646250,3324482,175494.0,106638.0,67914,31097.0,51145
1622,2021,Q2,Haryana,North,Faridabad,Rural,934099,21,36,16,16,406917,298577,194917,111227,74446.35,41410.64,9268.22,23767.49,58588.66,21805.55,13841.52,22941.58,4784153,2671093,140275.0,75614.0,77539,17319.0,48809
1623,2021,Q3,Haryana,North,Faridabad,Rural,934099,25,51,25,24,574094,492201,264418,153627,46365.44,26035.29,5063.25,15266.9,27612.16,9789.48,5568.69,12254.0,8852629,4960009,135945.0,69124.0,33039,41457.0,21939
1624,2021,Q4,Haryana,North,Faridabad,Rural,934099,11,17,6,13,363390,283109,185513,91207,54063.32,29942.33,8235.81,15885.18,38971.69,16713.2,8698.51,13559.97,4624830,3565567,118565.0,65358.0,68591,20042.0,41173
1625,2022,Q1,Haryana,North,Faridabad,Rural,945308,18,28,14,26,564823,485495,234060,142647,67365.97,35579.95,5958.91,25827.11,46915.5,19051.04,11417.19,16447.28,8374950,4902346,207421.0,147936.0,81628,30838.0,57640
1626,2022,Q2,Haryana,North,Faridabad,Urban,945308,19,31,20,22,627496,448562,332698,227478,100686.84,45030.32,15323.12,40333.4,65295.28,25758.15,12409.05,27128.07,4427501,3312477,115991.0,92118.0,72172,39025.0,43255
1627,2022,Q3,Haryana,North,Faridabad,Semi-Urban,945308,18,28,16,14,445308,331185,234946,169868,78398.06,45290.55,12255.26,20852.25,47186.26,24449.29,10845.96,11891.0,4015952,2566803,78590.0,48488.0,86826,15935.0,54302
1628,2022,Q4,Haryana,North,Faridabad,Rural,945308,19,37,19,23,491590,408037,201317,201639,75514.56,41611.07,10836.62,23066.87,57511.71,28521.46,9622.46,19367.79,4254818,2734472,130316.0,127547.0,43035,20235.0,30783
1629,2023,Q1,Haryana,North,Faridabad,Semi-Urban,956517,24,52,16,26,684504,428697,339714,183934,61587.4,33910.35,6068.17,21608.89,50883.04,19299.2,11533.28,20050.56,6872619,4570727,175208.0,97211.0,58268,48776.0,27003
1630,2023,Q2,Haryana,North,Faridabad,Rural,956517,18,37,18,21,574620,424849,254801,243926,90712.63,50845.37,13453.41,26413.85,68988.63,34198.18,18168.92,16621.52,7223329,4544733,147922.0,86610.0,45864,29351.0,21222
1631,2023,Q3,Haryana,North,Faridabad,Semi-Urban,956517,18,40,19,20,625812,430593,311560,190325,111712.02,58515.28,11209.92,41986.82,64784.26,23197.37,14135.3,27451.59,6999583,4815796,113038.0,137228.0,79581,23866.0,61701
1632,2023,Q4,Haryana,North,Faridabad,Urban,956517,27,48,29,26,532381,384815,308516,188133,83012.42,36803.33,13991.83,32217.27,56981.34,19990.28,11464.33,25526.73,6248008,3931556,104242.0,92645.0,44147,14852.0,24987
1633,2024,Q1,Haryana,North,Faridabad,Semi-Urban,967726,17,26,13,22,496073,382181,230251,182470,88330.91,49886.06,13311.04,25133.8,49665.36,25242.35,11385.67,13037.34,5057509,3878319,178027.0,70598.0,49614,24107.0,36139
1634,2024,Q2,Haryana,North,Faridabad,Semi-Urban,967726,21,46,17,20,615125,441652,255452,207016,46194.25,19878.86,6802.62,19512.78,31610.99,14187.74,6577.48,10845.77,4031028,2755721,126288.0,84647.0,39777,31276.0,24917
1635,2024,Q3,Haryana,North,Faridabad,Rural,967726,20,40,19,18,587979,412611,236672,146014,62930.68,28887.31,8834.66,25208.71,39939.12,16896.03,11365.11,11677.97,3859772,2004965,144452.0,99047.0,57861,39846.0,31195
1636,2024,Q4,Haryana,North,Faridabad,Semi-Urban,967726,22,49,23,35,728351,466875,403719,295698,98213.3,48739.97,9926.42,39546.92,68346.18,33819.42,17322.82,17203.94,6244843,4750494,197393.0,100520.0,70519,45432.0,49072
1637,2025,Q1,Haryana,North,Faridabad,Semi-Urban,978935,22,41,16,30,730824,526266,298519,236613,138460.82,68167.05,14834.51,55459.26,118312.56,54445.48,28516.19,35350.88,5348167,3390871,116908.0,131859.0,65455,39911.0,49399
1638,2025,Q2,Haryana,North,Faridabad,Rural,978935,21,36,20,28,439117,272355,225349,111099,87923.7,48880.68,14117.22,24925.8,64542.44,28248.3,14815.83,21478.31,2522794,1672124,116779.0,67568.0,58031,12323.0,34300
1639,2025,Q3,Haryana,North,Faridabad,Rural,978935,24,54,17,29,493182,333788,219536,174359,80070.8,35583.88,7523.11,36963.82,65510.94,31488.14,17158.91,16863.89,3205142,1700333,115806.0,70584.0,43302,36786.0,32638
1640,2025,Q4,Haryana,North,Faridabad,Semi-Urban,978935,22,37,16,22,655021,483509,371285,243255,54943.37,24245.08,5930.34,24767.95,47604.84,23376.49,7669.11,16559.25,6984368,4399579,147713.0,100444.0,38360,33260.0,19110
1641,2021,Q1,Haryana,North,Hisar,Semi-Urban,1091349,23,42,14,34,826049,523708,405443,227059,145283.82,77631.06,19461.11,48191.66,105868.72,55221.11,23911.15,26736.46,4579386,2823847,230356.0,100910.0,70830,40409.0,53057
1642,2021,Q2,Haryana,North,Hisar,Rural,1091349,21,47,17,18,443816,383076,173636,108600,36680.53,18531.68,3007.34,15141.5,26415.24,11325.59,7087.48,8002.18,4676764,2548109,166940.0,98448.0,93667,18677.0,54498
1643,2021,Q3,Haryana,North,Hisar,Urban,1091349,25,57,25,22,811158,518829,462896,276021,83353.48,48087.04,11799.64,23466.8,57416.0,25835.42,9978.73,21601.84,6750487,3967571,124262.0,123762.0,75266,23226.0,60158
1644,2021,Q4,Haryana,North,Hisar,Rural,1091349,22,35,14,17,485435,357615,256120,134559,68339.23,31937.07,10898.19,25503.96,41145.65,15868.41,9210.92,16066.32,2865129,1888640,100442.0,107501.0,77762,13738.0,56070
1645,2022,Q1,Haryana,North,Hisar,Rural,1104445,21,37,17,19,472244,292869,270466,147621,33352.86,15546.98,2714.71,15091.16,22466.15,8145.95,3718.04,10602.16,3301567,2413548,115401.0,88261.0,40594,30169.0,19210
1646,2022,Q2,Haryana,North,Hisar,Semi-Urban,1104445,24,54,23,34,718786,498958,365607,224479,54705.44,28676.05,4452.39,21577.01,41305.28,19847.45,7523.14,13934.69,8345612,5034460,165693.0,156107.0,61838,22429.0,28632
1647,2022,Q3,Haryana,North,Hisar,Rural,1104445,18,29,15,23,564965,459690,299056,217196,82709.93,35075.32,12244.41,35390.2,51921.92,20981.86,8971.19,21968.88,5477836,4154005,124126.0,146366.0,49450,19888.0,32458
1648,2022,Q4,Haryana,North,Hisar,Rural,1104445,23,47,17,32,583632,455383,259257,214688,90756.16,42125.85,12833.87,35796.45,78162.84,29430.55,21250.63,27481.67,8485259,5615225,164474.0,102512.0,93691,29604.0,50822
1649,2023,Q1,Haryana,North,Hisar,Semi-Urban,1117541,21,41,18,18,607495,505723,319580,240710,113552.44,63309.48,16646.92,33596.04,98343.71,39771.65,19447.86,39124.19,7964485,5560101,203865.0,154590.0,65083,36989.0,48578
1650,2023,Q2,Haryana,North,Hisar,Semi-Urban,1117541,20,41,11,25,713638,634595,357845,248151,133216.94,61840.72,19397.44,51978.78,87127.6,36526.51,24828.78,25772.32,6612155,3324707,235201.0,89206.0,76403,24023.0,58611
1651,2023,Q3,Haryana,North,Hisar,Rural,1117541,19,38,13,22,740206,531475,331001,290270,79400.83,35647.1,13885.62,29868.11,68124.85,26906.76,16178.99,25039.11,4947774,2448837,135906.0,135491.0,94425,30548.0,46282
1652,2023,Q4,Haryana,North,Hisar,Semi-Urban,1117541,24,51,22,36,760832,498996,298451,218261,66391.07,28038.27,8257.48,30095.33,40424.99,17126.19,10288.35,13010.44,9467028,6585685,155312.0,93944.0,73569,41061.0,49987
1653,2024,Q1,Haryana,North,Hisar,Rural,1130637,20,36,11,19,484640,424819,203832,121244,75317.1,38573.59,9308.8,27434.7,53035.73,26823.32,10118.64,16093.77,3784307,2149986,137258.0,132358.0,52567,12612.0,28903
1654,2024,Q2,Haryana,North,Hisar,Rural,1130637,18,30,13,12,694220,585064,320925,296279,116966.8,52724.9,19152.58,45089.32,100809.63,40047.84,25817.85,34943.94,7152465,3642476,242336.0,105916.0,51314,,33726
1655,2024,Q3,Haryana,North,Hisar,Semi-Urban,1130637,25,43,14,37,761594,629419,291637,245621,81559.0,44376.87,10707.89,26474.23,53824.82,27513.08,11979.75,14331.99,6361465,4638606,139044.0,194420.0,94956,25223.0,59383
1656,2024,Q4,Haryana,North,Hisar,Rural,1130637,23,42,21,21,519730,396031,253314,188102,92293.19,51247.27,9440.73,31605.19,68114.5,28745.62,20073.05,19295.83,6489880,4513965,132461.0,123539.0,72919,24515.0,47019
1657,2025,Q1,Haryana,North,Hisar,Rural,1143733,19,30,17,19,742437,622529,303705,257150,122593.5,61572.18,12600.93,48420.38,76970.24,38762.34,12516.64,25691.26,10553410,8223179,263028.0,140292.0,85561,33864.0,53542
1658,2025,Q2,Haryana,North,Hisar,Rural,1143733,24,39,20,34,555539,409711,272744,228136,49375.97,27994.44,4145.29,17236.24,37847.58,18087.55,8086.35,11673.68,3611521,1984423,140007.0,119219.0,75190,,49814
1659,2025,Q3,Haryana,North,Hisar,Urban,1143733,31,55,19,47,809265,603644,437430,265215,72722.67,37880.07,11048.09,23794.51,55484.94,20742.27,11241.7,23500.96,4674994,2303223,247932.0,178701.0,84183,42407.0,42720
1660,2025,Q4,Haryana,North,Hisar,Rural,1143733,22,51,19,24,787950,535483,364714,260678,118121.77,55142.42,10117.17,52862.18,100687.52,39611.83,21452.88,39622.81,7315356,4493991,191719.0,168771.0,80082,57946.0,60272
1661,2021,Q1,Haryana,North,Rohtak,Rural,610472,13,26,9,19,308854,247608,154559,122483,46391.26,22549.4,3859.28,19982.58,39700.47,19624.17,9190.95,10885.35,1988003,1326632,115304.0,73627.0,41076,19712.0,23055
1662,2021,Q2,Haryana,North,Rohtak,Rural,610472,18,30,11,17,233664,191098,92261,75280,33079.35,15536.96,3505.71,14036.68,23475.82,11313.5,3902.69,8259.63,2355490,1803240,56628.0,53022.0,53143,9859.0,38194
1663,2021,Q3,Haryana,North,Rohtak,Rural,610472,12,27,6,12,195842,149064,90133,72724,38558.41,17955.26,6447.64,14155.51,28899.46,13313.89,5386.87,10198.69,1966567,1018933,34367.0,31643.0,23542,7011.0,11143
1664,2021,Q4,Haryana,North,Rohtak,Rural,610472,14,26,13,18,290632,201548,111085,91443,38710.59,16704.51,6102.41,15903.66,26214.32,13524.6,6010.61,6679.12,2439875,1876538,87336.0,43004.0,34877,18968.0,16559
1665,2022,Q1,Haryana,North,Rohtak,Rural,617797,21,42,11,27,205482,182364,91790,56487,24923.49,12393.32,3077.25,9452.92,18362.29,9844.98,3730.62,4786.68,2217592,1105670,48693.0,43602.0,40969,10915.0,28958
1666,2022,Q2,Haryana,North,Rohtak,Urban,617797,18,33,14,13,453936,293916,257275,133087,52091.06,29800.17,9272.77,13018.12,45380.13,22279.71,7966.4,15134.02,4347689,2729463,94186.0,52276.0,44475,11546.0,32896
1667,2022,Q3,Haryana,North,Rohtak,Urban,617797,26,50,14,41,306498,206572,119683,107654,43416.52,24880.47,7439.36,11096.69,27888.05,13435.71,7801.2,6651.14,2088986,1516889,64770.0,35265.0,38787,18624.0,26786
1668,2022,Q4,Haryana,North,Rohtak,Rural,617797,17,29,10,12,215240,148892,112510,54355,29140.6,14625.36,4516.82,9998.41,18585.11,7797.93,4854.8,5932.37,2420995,1363581,53906.0,20683.0,35896,8019.0,23369
1669,2023,Q1,Haryana,North,Rohtak,Semi-Urban,625123,20,40,15,29,335510,250692,128265,124365,27614.31,15847.05,2637.75,9129.5,18029.07,9672.02,3736.99,4620.06,2074734,1601332,76575.0,62570.0,32194,21568.0,17913
1670,2023,Q2,Haryana,North,Rohtak,Rural,625123,15,23,9,17,280340,237850,109905,82641,27602.65,13157.88,3186.12,11258.65,18001.87,9051.26,4618.54,4332.07,3020952,2282795,73443.0,35510.0,26513,17563.0,17810
1671,2023,Q3,Haryana,North,Rohtak,Semi-Urban,625123,22,45,17,28,419268,320624,238150,148842,58793.98,30361.6,7182.85,21249.54,43249.55,21220.38,11999.21,10029.96,4314091,2704008,95906.0,39414.0,23912,23741.0,19089
1672,2023,Q4,Haryana,North,Rohtak,Rural,625123,15,33,14,12,328606,251277,185243,85365,28692.72,12324.68,3213.81,13154.23,18460.69,7997.97,4150.27,6312.45,2519503,1301521,64735.0,61280.0,48464,8588.0,28414
1673,2024,Q1,Haryana,North,Rohtak,Rural,632448,16,28,10,15,318777,202805,162463,131274,45197.9,25540.79,6371.08,13286.03,31657.85,15750.81,9126.04,6780.99,3184079,2437285,80474.0,32838.0,37704,19088.0,24195
1674,2024,Q2,Haryana,North,Rohtak,Rural,632448,14,25,8,18,291145,183243,114222,79996,46145.56,20893.04,7879.94,17372.58,33696.66,15977.94,7541.56,10177.16,2470375,1534825,54595.0,31119.0,37429,17386.0,22440
1675,2024,Q3,Haryana,North,Rohtak,Rural,632448,15,34,15,13,357539,307124,206301,129561,71436.76,39777.06,10075.65,21584.06,61194.7,27758.98,16101.53,17334.19,2306235,1185206,140788.0,62800.0,59016,24548.0,37113
1676,2024,Q4,Haryana,North,Rohtak,Urban,632448,28,47,17,34,413105,295426,217636,103897,70091.53,40504.35,11275.95,18311.23,53497.62,21179.13,15722.94,16595.55,2318740,1785325,67521.0,48647.0,55204,29993.0,39446
1677,2025,Q1,Haryana,North,Rohtak,Rural,639774,15,27,10,14,327709,226704,139090,120132,33531.33,19082.1,3733.93,10715.31,26900.33,11938.3,4809.0,10153.03,2258823,1106195,88890.0,37703.0,23021,16608.0,10851
1678,2025,Q2,Haryana,North,Rohtak,Rural,639774,18,41,10,17,323197,280409,125801,83689,39310.63,18325.2,4097.38,16888.05,25106.02,9457.07,4591.03,11057.93,3195691,1928886,105927.0,50035.0,26604,21322.0,21385
1679,2025,Q3,Haryana,North,Rohtak,Rural,639774,20,32,20,16,333755,234170,148405,83297,55277.36,31620.79,6254.91,17401.67,41733.84,18070.69,9936.75,13726.4,3941105,2912854,,55346.0,40947,12277.0,31102
1680,2025,Q4,Haryana,North,Rohtak,Urban,639774,22,40,23,34,430825,353517,213783,160120,40045.28,17221.38,5659.26,17164.64,34271.15,15835.21,5820.83,12615.1,6262587,4347914,163288.0,51823.0,46819,,23340
1681,2021,Q1,Haryana,North,Panipat,Rural,912742,23,53,17,28,531971,343663,287290,143780,83290.65,48096.05,9293.55,25901.05,49431.48,26576.2,14092.63,8762.66,5140786,2715653,130649.0,43467.0,83590,24872.0,56639
1682,2021,Q2,Haryana,North,Panipat,Rural,912742,16,30,15,18,538723,441563,213049,187171,80722.88,38071.8,6965.48,35685.6,56282.55,23487.79,16499.16,16295.59,6756237,4821459,174543.0,93616.0,58257,15508.0,43040
1683,2021,Q3,Haryana,North,Panipat,Rural,912742,17,35,16,12,441257,348222,242527,163587,77149.79,33289.48,11676.81,32183.5,52578.69,23467.25,12860.97,16250.47,2940309,2142879,165873.0,46464.0,33069,20969.0,24352
1684,2021,Q4,Haryana,North,Panipat,Rural,912742,22,37,15,18,528415,357228,224772,180050,112273.63,62684.55,14942.77,34646.31,72782.29,35747.27,15614.77,21420.25,4856313,2822514,150841.0,44024.0,45585,30696.0,31617
1685,2022,Q1,Haryana,North,Panipat,Rural,923694,18,41,15,23,575113,488969,234650,127155,65835.96,35363.39,9618.95,20853.62,43006.85,19714.31,10800.34,12492.21,5911954,3777179,172887.0,126053.0,84468,25568.0,61628
1686,2022,Q2,Haryana,North,Panipat,Rural,923694,20,36,21,26,579043,520260,220059,246939,47313.89,25684.32,5441.97,16187.59,40352.97,18518.03,8637.78,13197.16,5232189,2631706,124390.0,110777.0,69483,42772.0,41008
1687,2022,Q3,Haryana,North,Panipat,Rural,923694,19,33,14,24,388986,247534,220211,150860,44195.84,22751.96,6819.46,14624.41,36840.2,15530.0,9302.76,12007.44,4370904,2746703,106075.0,64323.0,76812,27418.0,50397
1688,2022,Q4,Haryana,North,Panipat,Rural,923694,19,41,19,20,430263,384604,210968,141297,82608.29,45905.57,12396.62,24306.1,71815.2,31292.05,20615.82,19907.33,4224504,2728224,141499.0,82757.0,64061,30083.0,45515
1689,2023,Q1,Haryana,North,Panipat,Semi-Urban,934647,20,34,13,16,550911,442432,268511,199779,63006.2,28506.61,8826.3,25673.29,38069.44,16348.29,7225.45,14495.7,4852827,2516750,173573.0,107548.0,44591,26780.0,36104
1690,2023,Q2,Haryana,North,Panipat,Rural,934647,22,37,14,29,596540,382410,316081,193199,105834.08,44538.64,15693.04,45602.4,86427.35,45841.43,20713.8,19872.12,5975826,3754754,96265.0,74174.0,71925,15053.0,34309
1691,2023,Q3,Haryana,North,Panipat,Semi-Urban,934647,21,43,12,30,501227,413672,219813,137633,90774.21,41109.79,7285.05,42379.37,79073.56,34497.99,17051.36,27524.21,3641496,2114386,96419.0,123638.0,56327,32833.0,32838
1692,2023,Q4,Haryana,North,Panipat,Rural,934647,15,28,10,23,600312,401499,294717,232487,89316.43,38542.68,8092.66,42681.09,56352.33,25509.54,16805.48,14037.32,6336956,4582515,172078.0,57016.0,55944,24917.0,37275
1693,2024,Q1,Haryana,North,Panipat,Rural,945600,17,33,14,20,587693,369593,262461,221833,99800.9,51305.98,14352.87,34142.04,78107.43,30246.33,20733.94,27127.16,2591212,1899539,110128.0,75729.0,87193,16461.0,59729
1694,2024,Q2,Haryana,North,Panipat,Urban,945600,25,50,24,20,612499,439042,352942,235305,114618.74,61285.36,17554.6,35778.77,84559.35,44443.88,15402.92,24712.56,3499599,1743132,103155.0,79383.0,56873,21452.0,42219
1695,2024,Q3,Haryana,North,Panipat,Rural,945600,16,32,12,12,568184,431781,247375,159652,79928.69,38980.27,13104.95,27843.46,55167.17,28465.3,16021.33,10680.54,3768773,1947084,97301.0,57189.0,58881,35910.0,47439
1696,2024,Q4,Haryana,North,Panipat,Rural,945600,18,37,16,18,600480,471824,319448,156524,75020.19,33006.52,11781.15,30232.51,44564.63,18489.46,8612.29,17462.88,8515583,4156273,111282.0,82159.0,34050,36156.0,19944
1697,2025,Q1,Haryana,North,Panipat,Rural,956553,14,26,13,11,638918,403737,345851,237782,66312.44,36894.92,9811.67,19605.86,42837.23,15138.07,12482.28,15216.88,6738196,3960079,131257.0,62681.0,60066,38290.0,45240
1698,2025,Q2,Haryana,North,Panipat,Rural,956553,20,45,21,18,524869,451494,250609,168595,84593.6,44538.43,12067.84,27987.33,56902.01,27086.2,9927.02,19888.79,5830253,3256858,147406.0,71187.0,62516,33521.0,38170
1699,2025,Q3,Haryana,North,Panipat,Rural,956553,21,45,11,32,431645,346534,211635,99192,51180.88,24008.99,6552.85,20619.04,39937.65,14549.87,11045.35,14342.44,5494487,4140439,79983.0,59769.0,77117,15690.0,62828
1700,2025,Q4,Haryana,North,Panipat,Rural,956553,21,38,21,15,573466,510599,229401,191295,56715.55,29154.05,5867.81,21693.69,36940.21,16745.97,9661.67,10532.58,8004563,4126425,177049.0,80599.0,79933,25679.0,55273
1701,2021,Q1,Assam,North-East,Guwahati,Rural,1000706,16,30,11,19,497739,406278,215347,170681,43879.55,23946.69,6554.49,13378.37,35253.55,13413.71,10154.67,11685.18,4330374,2215550,103442.0,119448.0,52242,16959.0,32993
1702,2021,Q2,Assam,North-East,Guwahati,Urban,1000706,23,41,20,34,720794,519992,416739,186942,107621.6,45212.24,16165.23,46244.12,68656.62,26360.39,13620.6,28675.63,4862600,2504764,245109.0,155158.0,56889,39367.0,43852
1703,2021,Q3,Assam,North-East,Guwahati,Urban,1000706,27,44,15,33,709327,607825,315310,161964,99341.28,54368.69,8282.8,36689.79,83311.97,37018.67,17584.45,28708.85,8036474,5440597,188518.0,145287.0,69467,22838.0,37871
1704,2021,Q4,Assam,North-East,Guwahati,Semi-Urban,1000706,26,54,20,22,435369,307948,170215,139875,75160.89,41762.45,11308.44,22090.0,44445.39,21285.45,8055.07,15104.87,3694354,2401249,120175.0,45743.0,38049,14221.0,21632
1705,2022,Q1,Assam,North-East,Guwahati,Rural,1012714,15,27,12,14,491444,340004,262662,160251,43545.42,22255.15,4958.07,16332.2,24110.31,9406.4,5227.1,9476.81,4943271,3642228,92473.0,80070.0,74757,29216.0,50470
1706,2022,Q2,Assam,North-East,Guwahati,Urban,1012714,26,45,18,21,694807,449488,301566,223285,147925.24,79731.47,17592.01,50601.75,123592.01,64897.07,35523.76,23171.18,3596752,2713507,,72079.0,38820,27649.0,24463
1707,2022,Q3,Assam,North-East,Guwahati,Rural,1012714,16,25,17,15,580152,433357,297400,157005,77290.29,44223.45,6654.27,26412.57,49515.43,26174.94,11250.16,12090.34,3472753,1685402,162951.0,108486.0,92430,22379.0,54599
1708,2022,Q4,Assam,North-East,Guwahati,Semi-Urban,1012714,23,39,21,25,721697,503738,303664,284821,83075.84,45441.93,11926.17,25707.74,57801.64,23119.39,15432.35,19249.9,4620630,3333692,134453.0,153970.0,61223,24754.0,36665
1709,2023,Q1,Assam,North-East,Guwahati,Rural,1024722,16,35,9,25,354206,284890,195274,147396,34445.16,15058.59,3970.19,15416.38,27264.58,11429.16,5558.5,10276.92,2308377,1714298,71272.0,37972.0,36553,21126.0,26844
1710,2023,Q2,Assam,North-East,Guwahati,Rural,1024722,15,32,13,16,457794,404494,262951,163325,45653.2,22801.31,7112.63,15739.26,35169.69,15930.57,8977.1,10262.03,3773101,2554097,91518.0,111368.0,42872,14064.0,19858
1711,2023,Q3,Assam,North-East,Guwahati,Urban,1024722,22,47,19,27,742330,461892,320458,180316,113011.59,55604.71,13035.1,44371.77,67496.8,36561.27,19619.88,11315.65,5886016,4191554,111776.0,131857.0,45158,23467.0,35204
1712,2023,Q4,Assam,North-East,Guwahati,Urban,1024722,31,59,31,40,639773,455586,260523,244731,129101.16,67770.14,19960.23,41370.78,80559.83,33609.58,17539.89,29410.36,4730811,2939095,170659.0,132164.0,82072,18789.0,52507
1713,2024,Q1,Assam,North-East,Guwahati,Rural,1036731,22,38,22,22,415001,311371,230414,97307,49925.64,23825.16,4347.64,21752.84,32928.94,16931.79,9731.33,6265.81,2489464,1703089,71722.0,72816.0,36776,10680.0,27120
1714,2024,Q2,Assam,North-East,Guwahati,Rural,1036731,18,32,19,28,415707,323026,204457,130947,83643.67,45361.99,8946.27,29335.4,57992.29,25950.66,11705.61,20336.02,2903158,1570887,79029.0,46926.0,51355,15702.0,31768
1715,2024,Q3,Assam,North-East,Guwahati,Rural,1036731,20,39,19,30,428649,317116,200025,126211,34807.72,15240.54,6249.66,13317.52,28022.87,13058.71,5090.21,9873.94,3192982,2327232,112259.0,54614.0,59963,20376.0,45685
1716,2024,Q4,Assam,North-East,Guwahati,Rural,1036731,18,36,15,19,627862,555035,297020,198273,90831.68,47858.27,9290.58,33682.83,51872.65,28003.49,10195.56,13673.6,6061663,4065133,214263.0,158566.0,42997,46145.0,20273
1717,2025,Q1,Assam,North-East,Guwahati,Rural,1048739,22,36,17,21,462066,387239,176089,174340,88162.02,45870.79,9992.77,32298.45,60918.85,33136.64,17262.34,10519.87,6091832,4570865,131861.0,119506.0,79681,31366.0,62147
1718,2025,Q2,Assam,North-East,Guwahati,Rural,1048739,18,41,13,19,602759,485926,336708,183311,67883.98,33537.13,10346.0,24000.85,44083.11,19508.77,8407.34,16167.0,7171885,4257819,204538.0,64191.0,39323,40790.0,24791
1719,2025,Q3,Assam,North-East,Guwahati,Semi-Urban,1048739,25,53,24,30,610670,420189,342329,258731,68731.65,31314.55,10108.14,27308.96,41724.79,21113.76,12067.82,8543.21,7591086,5329385,197719.0,51206.0,41994,27945.0,29774
1720,2025,Q4,Assam,North-East,Guwahati,Urban,1048739,32,53,19,36,975879,870470,415317,280138,193572.8,111414.82,32774.75,49383.24,120205.17,60336.43,20050.12,39818.62,16163006,12413345,376597.0,209183.0,39903,32229.0,25105
1721,2021,Q1,Assam,North-East,Dibrugarh,Urban,551122,27,42,18,35,503821,357638,279691,152621,57863.84,28397.47,9916.7,19549.66,40766.51,16529.48,11331.42,12905.61,3419009,1886077,171549.0,89278.0,21197,14542.0,16714
1722,2021,Q2,Assam,North-East,Dibrugarh,Rural,551122,24,46,22,35,271617,201696,116875,74347,31475.34,13303.13,3804.63,14367.58,19252.02,10462.0,4650.94,4139.07,3209018,1939641,89896.0,32097.0,25165,17128.0,18419
1723,2021,Q3,Assam,North-East,Dibrugarh,Urban,551122,32,57,25,26,474032,363807,269672,162950,62068.79,27552.05,10238.41,24278.33,54429.55,23569.95,14881.7,15977.91,3604634,2319404,139400.0,113439.0,32807,24690.0,18026
1724,2021,Q4,Assam,North-East,Dibrugarh,Rural,551122,24,49,14,32,385263,333841,179213,89747,48294.46,25286.57,4091.18,18916.72,32522.4,11921.69,5218.91,15381.8,4639443,2559519,156820.0,106570.0,49416,27412.0,37860
1725,2022,Q1,Assam,North-East,Dibrugarh,Rural,557735,16,33,15,21,353613,242162,152937,131563,58334.26,26248.52,8636.21,23449.52,39571.95,18308.3,9737.63,11526.02,2392424,1536866,102147.0,68082.0,23654,23727.0,18043
1726,2022,Q2,Assam,North-East,Dibrugarh,Rural,557735,20,33,11,24,267537,216856,137948,93353,48791.24,27535.98,4083.46,17171.8,28650.69,12389.74,6966.67,9294.28,2251264,1679767,49533.0,50633.0,37366,14552.0,29888
1727,2022,Q3,Assam,North-East,Dibrugarh,Semi-Urban,557735,25,51,16,19,375742,314851,162119,92980,40091.57,20776.72,5966.89,13347.96,26309.94,13948.77,5873.64,6487.53,5763414,3910262,111320.0,97528.0,51138,19566.0,28826
1728,2022,Q4,Assam,North-East,Dibrugarh,Rural,557735,15,29,13,16,433072,320245,188249,96001,90834.64,47096.81,14810.97,28926.86,74247.82,39824.32,15892.71,18530.8,5980760,4638307,116652.0,44746.0,45926,20660.0,29104
1729,2023,Q1,Assam,North-East,Dibrugarh,Rural,564348,23,36,25,24,422898,347958,185224,112757,89326.25,41085.24,7748.56,40492.45,69672.91,28607.92,13306.57,27758.41,4192764,3198226,143039.0,89025.0,42765,29463.0,22259
1730,2023,Q2,Assam,North-East,Dibrugarh,Rural,564348,17,27,12,26,438075,364876,212120,168204,58150.98,29089.88,8134.88,20926.22,37082.7,14486.68,7354.73,15241.29,5445267,3304201,139434.0,54444.0,31716,28633.0,20210
1731,2023,Q3,Assam,North-East,Dibrugarh,Rural,564348,22,49,18,19,384705,269251,157510,91625,42603.85,23605.94,7079.57,11918.34,27230.2,13130.26,5235.0,8864.95,2066050,1602361,102831.0,80086.0,47758,24268.0,33707
1732,2023,Q4,Assam,North-East,Dibrugarh,Semi-Urban,564348,32,75,31,32,446988,319300,256576,182831,69194.42,39132.9,7221.13,22840.39,51288.91,22892.46,13746.6,14649.86,3869564,1986334,101716.0,83591.0,23379,13835.0,10801
1733,2024,Q1,Assam,North-East,Dibrugarh,Rural,570962,20,40,17,16,340047,282727,130357,85303,71361.93,35271.41,10203.34,25887.18,59177.09,30681.01,12158.42,16337.66,2158634,1648632,98314.0,70006.0,34808,14806.0,27346
1734,2024,Q2,Assam,North-East,Dibrugarh,Rural,570962,24,37,22,25,415854,265810,189941,112038,66911.71,33005.62,10832.19,23073.9,57014.05,28194.65,12548.34,16271.06,4418894,3299023,98008.0,68562.0,51876,27253.0,26161
1735,2024,Q3,Assam,North-East,Dibrugarh,Semi-Urban,570962,30,68,24,38,317303,247616,150604,133928,63348.39,27184.0,7614.66,28549.73,49392.36,17580.33,9533.41,22278.62,1929439,1262192,111613.0,36141.0,52407,21174.0,42484
1736,2024,Q4,Assam,North-East,Dibrugarh,Semi-Urban,570962,31,58,33,33,393328,293224,213496,162332,47236.29,26628.62,4001.12,16606.54,38198.88,16839.73,8125.38,13233.77,4762594,3611876,98581.0,59740.0,36819,26210.0,26539
1737,2025,Q1,Assam,North-East,Dibrugarh,Rural,577575,28,43,21,44,397184,283425,170791,104853,47481.11,20969.07,5527.1,20984.94,35625.55,13512.05,5921.25,16192.24,2525210,1620620,64905.0,49167.0,36007,16379.0,27308
1738,2025,Q2,Assam,North-East,Dibrugarh,Rural,577575,26,42,18,40,472486,326633,195348,153130,63477.7,32037.02,6552.14,24888.55,37320.24,17320.03,10843.91,9156.3,3859777,2193098,83557.0,85239.0,49779,22596.0,33144
1739,2025,Q3,Assam,North-East,Dibrugarh,Rural,577575,25,47,14,30,289631,196481,155304,66025,49239.6,22029.34,5993.01,21217.25,36433.08,16033.59,8993.61,11405.88,1614852,1135778,63869.0,29413.0,28484,19513.0,20648
1740,2025,Q4,Assam,North-East,Dibrugarh,Rural,577575,23,39,16,28,465789,296657,200252,139272,46439.02,23056.06,5184.9,18198.06,33462.69,14093.29,6961.82,12407.58,3737399,2014074,85734.0,67663.0,20664,15159.0,9626
1741,2021,Q1,Assam,North-East,Jorhat,Rural,677368,18,38,14,13,236402,160683,109925,54237,29598.75,12857.79,5175.39,11565.57,24646.93,12726.6,6923.62,4996.71,1335040,685372,38694.0,24139.0,37026,15723.0,20113
1742,2021,Q2,Assam,North-East,Jorhat,Rural,677368,11,22,6,11,288132,246999,139139,102505,28547.04,13462.56,4301.58,10782.89,24693.95,11154.99,5705.66,7833.3,4045130,2105619,61869.0,48919.0,60997,16816.0,36949
1743,2021,Q3,Assam,North-East,Jorhat,Rural,677368,16,28,12,24,309317,237145,127563,115856,44825.19,25619.83,7578.37,11626.98,34409.55,18387.17,8226.27,7796.11,1942884,1512038,103158.0,47877.0,30439,11622.0,15534
1744,2021,Q4,Assam,North-East,Jorhat,Rural,677368,17,30,14,27,261962,219514,106251,58722,43688.42,19581.49,4987.53,19119.4,26461.53,14059.05,5235.43,7167.05,3043880,2312907,73674.0,65623.0,61360,12595.0,40833
1745,2022,Q1,Assam,North-East,Jorhat,Rural,685496,15,27,9,18,284221,188026,120888,77515,38812.27,16769.94,5185.43,16856.89,31436.25,14613.05,9318.83,7504.38,2314857,1473356,46212.0,53442.0,45342,11728.0,25848
1746,2022,Q2,Assam,North-East,Jorhat,Semi-Urban,685496,25,39,21,33,377489,257017,159556,89535,30918.05,13080.43,3296.59,14541.03,20131.13,11052.88,6015.91,3062.34,3189830,1673497,69043.0,41792.0,44723,16975.0,25497
1747,2022,Q3,Assam,North-East,Jorhat,Semi-Urban,685496,23,45,20,34,517746,426367,232762,167144,84074.26,44161.82,9798.41,30114.02,57834.73,20825.57,16737.23,20271.94,7284828,4416496,103569.0,100616.0,56901,33752.0,26865
1748,2022,Q4,Assam,North-East,Jorhat,Rural,685496,18,37,14,21,372305,246594,172152,84132,35312.0,18071.76,3341.34,13898.9,28226.8,11985.03,8154.47,8087.3,4009109,2607284,79105.0,36979.0,39896,15933.0,20178
1749,2023,Q1,Assam,North-East,Jorhat,Rural,693624,18,40,17,13,407787,304474,170527,154146,45423.61,20250.34,5844.3,19328.97,26382.94,13379.39,5959.76,7043.8,4773108,2996801,102368.0,36649.0,42584,25718.0,20153
1750,2023,Q2,Assam,North-East,Jorhat,Rural,693624,16,32,12,13,310498,218608,179590,89579,33378.32,16268.17,4151.81,12958.34,24404.01,11448.84,5922.31,7032.85,1998816,1134733,50054.0,62034.0,31494,19671.0,20973
1751,2023,Q3,Assam,North-East,Jorhat,Semi-Urban,693624,20,35,16,19,369052,318693,195433,107946,65045.37,27358.45,7677.06,30009.86,42010.26,16534.47,8201.35,17274.44,5358676,2916540,148196.0,69240.0,31535,25626.0,19974
1752,2023,Q4,Assam,North-East,Jorhat,Urban,693624,30,48,31,32,425018,344837,229246,97732,88157.11,41559.4,8386.33,38211.37,59905.87,23609.69,13729.31,22566.87,4311497,2223366,145966.0,86907.0,64111,16371.0,35440
1753,2024,Q1,Assam,North-East,Jorhat,Semi-Urban,701753,18,36,10,15,317709,213039,150896,96138,41172.39,21739.0,7149.3,12284.09,28695.61,11605.82,5084.17,12005.62,1883416,1400556,84092.0,61429.0,46720,10231.0,32136
1754,2024,Q2,Assam,North-East,Jorhat,Rural,701753,18,28,13,25,369763,258453,209185,99811,38776.66,21836.15,5070.53,11869.98,30056.53,16388.41,8105.09,5563.03,3936680,2164328,68458.0,71764.0,38260,22373.0,20591
1755,2024,Q3,Assam,North-East,Jorhat,Rural,701753,21,33,16,26,404254,363398,208812,141582,74782.73,32299.4,10175.56,32307.77,49981.74,18460.23,10141.44,21380.07,3008461,1931562,143662.0,107610.0,37029,23594.0,24190
1756,2024,Q4,Assam,North-East,Jorhat,Urban,701753,30,47,24,26,534652,459267,300615,162335,91567.24,38550.61,15156.57,37860.06,53970.28,19079.69,11308.48,23582.1,7767752,4673684,146340.0,62204.0,45189,20440.0,28887
1757,2025,Q1,Assam,North-East,Jorhat,Semi-Urban,709881,23,41,12,31,369766,234685,208844,142833,34421.28,19105.19,5869.87,9446.23,25107.54,12319.83,6696.52,6091.19,2995211,1868288,93650.0,58522.0,67273,15485.0,32469
1758,2025,Q2,Assam,North-East,Jorhat,Semi-Urban,709881,23,39,19,18,481914,426167,252783,127732,92304.16,45215.97,11982.16,35106.03,80944.95,29446.02,20846.72,30652.21,7366445,4839441,133859.0,57815.0,56940,17840.0,41666
1759,2025,Q3,Assam,North-East,Jorhat,Semi-Urban,709881,29,67,29,31,507440,426038,195296,174334,109601.75,60630.64,9932.27,39038.84,96234.03,45413.57,18400.63,32419.82,3613941,2728277,168417.0,124106.0,64039,13027.0,50150
1760,2025,Q4,Assam,North-East,Jorhat,Urban,709881,25,39,17,25,488693,406847,220703,205681,95194.43,47731.26,12924.6,34538.57,70558.39,29976.15,12929.06,27653.18,7294382,4114852,95277.0,57475.0,28117,27453.0,13436
1761,2021,Q1,Assam,North-East,Silchar,Semi-Urban,459788,16,30,13,21,185288,137331,99786,76660,34746.86,17489.43,4618.22,12639.2,29071.87,15058.88,5919.46,8093.54,1369055,1047647,36027.0,26888.0,23428,6310.0,18339
1762,2021,Q2,Assam,North-East,Silchar,Rural,459788,12,21,9,14,159142,120780,66802,54203,21509.1,10464.55,2675.33,8369.21,16033.26,6006.61,2917.27,7109.38,1755134,893763,51387.0,21098.0,38765,11841.0,22804
1763,2021,Q3,Assam,North-East,Silchar,Rural,459788,17,26,15,21,169072,115207,72352,65616,14379.92,6745.54,1531.82,6102.56,10308.87,5459.29,2541.48,2308.1,1741367,1061750,48967.0,27665.0,41637,8469.0,27237
1764,2021,Q4,Assam,North-East,Silchar,Rural,459788,14,25,9,10,206561,144798,94571,85347,28234.67,15470.85,2981.95,9781.87,20678.87,9346.77,3997.87,7334.23,1238740,697024,36214.0,23493.0,43605,9316.0,33560
1765,2022,Q1,Assam,North-East,Silchar,Rural,465305,11,19,9,16,135290,103082,52790,42742,21904.95,9685.61,2117.28,10102.07,15445.65,8489.04,3241.22,3715.39,796819,567535,34136.0,21285.0,23351,8142.0,14612
1766,2022,Q2,Assam,North-East,Silchar,Semi-Urban,465305,18,28,18,16,240945,203223,117583,70076,46103.45,26361.31,4408.52,15333.62,31278.58,11813.89,5014.38,14450.3,3627490,2570062,58460.0,27931.0,16389,8717.0,11438
1767,2022,Q3,Assam,North-East,Silchar,Rural,465305,14,29,12,17,160492,116279,62612,55113,22460.07,10174.89,2777.89,9507.29,13692.69,6473.85,3816.49,3402.36,2118563,1507590,48722.0,35911.0,24292,5771.0,14953
1768,2022,Q4,Assam,North-East,Silchar,Urban,465305,26,48,17,40,269057,218864,144653,106832,51171.8,26958.56,6160.22,18053.02,39412.76,20390.07,8240.81,10781.88,3030820,1502477,65022.0,41308.0,38033,8594.0,18984
1769,2023,Q1,Assam,North-East,Silchar,Rural,470822,9,16,9,13,218252,170616,120757,83699,39475.63,16761.21,3848.99,18865.43,33814.74,15930.56,7427.6,10456.57,2879282,2012357,60279.0,48782.0,37943,8952.0,23631
1770,2023,Q2,Assam,North-East,Silchar,Urban,470822,23,50,21,17,212402,139445,105410,70653,42804.3,19991.13,4115.62,18697.55,35542.38,15707.06,8938.4,10896.92,1063636,630848,51167.0,19730.0,26692,12465.0,18255
1771,2023,Q3,Assam,North-East,Silchar,Urban,470822,22,42,20,17,363549,278211,204307,153833,50401.21,25792.08,7044.29,17564.84,40846.84,14690.4,9202.15,16954.3,2609164,1933859,127954.0,88543.0,20610,24379.0,11388
1772,2023,Q4,Assam,North-East,Silchar,Urban,470822,26,54,20,24,255512,207123,142871,96720,48605.1,28028.79,7571.73,13004.58,30104.8,15302.86,6174.19,8627.75,2243965,1238140,99192.0,40458.0,35081,7783.0,28163
1773,2024,Q1,Assam,North-East,Silchar,Rural,476340,14,24,10,14,168234,106224,74042,64509,21240.78,9956.97,2876.93,8406.88,13801.34,6571.64,4120.03,3109.67,933791,573460,24506.0,16331.0,17855,8222.0,14171
1774,2024,Q2,Assam,North-East,Silchar,Rural,476340,14,25,13,11,151751,120887,57967,58935,12831.39,6908.68,1337.05,4585.66,7495.69,2886.78,2096.21,2512.7,1798475,1245597,48778.0,19295.0,45187,6764.0,34793
1775,2024,Q3,Assam,North-East,Silchar,Rural,476340,16,35,11,19,188328,117307,72547,43577,27273.7,12083.11,4748.71,10441.88,16092.44,7801.56,4589.28,3701.6,1608432,1017388,30804.0,19114.0,31563,9931.0,25296
1776,2024,Q4,Assam,North-East,Silchar,Rural,476340,15,32,10,15,162124,120745,87683,39028,17516.55,7648.14,2736.64,7131.76,14183.02,7335.16,3428.68,3419.18,1818316,1115298,42488.0,20829.0,44417,11901.0,34864
1777,2025,Q1,Assam,North-East,Silchar,Rural,481857,18,38,16,17,232056,181522,108920,93225,29926.47,14799.98,4167.97,10958.51,16859.98,7455.87,4011.14,5392.97,1854050,1381680,63189.0,,28529,13859.0,13753
1778,2025,Q2,Assam,North-East,Silchar,Rural,481857,14,30,7,22,169004,147433,81660,57218,14246.52,6339.63,1888.99,6017.9,10424.77,5128.29,2949.78,2346.7,1573005,1154785,50381.0,24572.0,21082,9525.0,9588
1779,2025,Q3,Assam,North-East,Silchar,Rural,481857,12,23,10,10,183871,149238,89666,41014,30120.17,13029.3,4661.15,12429.71,21755.6,8505.34,5184.57,8065.69,2330873,1329943,55937.0,45371.0,20280,12440.0,15474
1780,2025,Q4,Assam,North-East,Silchar,Rural,481857,23,36,21,31,177637,143370,77411,48802,20809.23,11418.29,2702.38,6688.56,13491.75,7107.38,2262.74,4121.63,1487658,802574,61253.0,39695.0,42153,9404.0,19686
1781,2021,Q1,Assam,North-East,Tezpur,Rural,1746069,25,45,15,29,1090624,938877,520105,387821,96441.86,45554.75,13812.61,37074.5,82197.11,42093.56,20489.98,19613.57,14659967,9718938,378309.0,285588.0,130120,35296.0,81189
1782,2021,Q2,Assam,North-East,Tezpur,Rural,1746069,25,47,22,20,780809,570879,347020,240716,156514.1,73936.23,15327.09,67250.78,118026.95,56831.77,26875.58,34319.59,5664414,3495799,157173.0,71765.0,143659,52851.0,86595
1783,2021,Q3,Assam,North-East,Tezpur,Semi-Urban,1746069,29,52,16,46,1298679,1090877,704531,394121,188452.22,85789.96,17293.11,85369.15,137453.06,51411.38,28652.42,57389.26,18642935,12180816,292771.0,285136.0,104082,97182.0,47653
1784,2021,Q4,Assam,North-East,Tezpur,Rural,1746069,24,42,17,21,970637,671826,467020,293250,152254.77,68415.3,24513.7,59325.77,107465.14,40906.21,19705.15,46853.78,8952831,5119447,287011.0,175076.0,109358,55155.0,84789
1785,2022,Q1,Assam,North-East,Tezpur,Rural,1767021,23,38,18,30,955269,771236,474018,298213,186752.54,89210.85,29960.05,67581.64,148201.91,75336.48,37011.03,35854.39,10729243,5571374,245743.0,146315.0,148774,41570.0,101647
1786,2022,Q2,Assam,North-East,Tezpur,Rural,1767021,19,37,18,24,941942,603580,516228,382266,87827.11,40854.96,15259.51,31712.65,54239.97,20790.6,10059.2,23390.16,6836775,3560756,247326.0,179627.0,123944,33435.0,58716
1787,2022,Q3,Assam,North-East,Tezpur,Urban,1767021,29,62,18,26,1152048,1021236,605936,285795,106928.42,58635.69,15729.11,32563.62,65730.31,29319.45,16063.28,20347.59,13327142,7027741,472174.0,157152.0,108903,40329.0,82699
1788,2022,Q4,Assam,North-East,Tezpur,Rural,1767021,23,43,17,34,1303323,829071,512750,437592,162342.19,88771.85,15075.67,58494.67,141471.28,50196.91,24977.08,66297.29,8241088,5775886,249502.0,183912.0,99752,35094.0,77283
1789,2023,Q1,Assam,North-East,Tezpur,Urban,1787974,37,60,25,36,1658622,1266229,632735,497319,121316.87,59779.13,13628.65,47909.08,68034.78,25395.15,16132.69,26506.94,18671019,9876966,507577.0,254397.0,75673,111082.0,43550
1790,2023,Q2,Assam,North-East,Tezpur,Rural,1787974,24,55,18,16,1380315,861251,707352,397264,188103.31,91296.62,29614.4,67192.29,161229.58,59216.79,43860.15,58152.64,15084075,9454537,218287.0,117177.0,78950,73843.0,43217
1791,2023,Q3,Assam,North-East,Tezpur,Rural,1787974,26,40,17,20,912947,807791,517838,344504,152160.02,65329.21,13990.9,72839.92,99611.14,51449.0,22523.33,25638.81,11758391,8775906,283477.0,133974.0,97928,51087.0,56095
1792,2023,Q4,Assam,North-East,Tezpur,Semi-Urban,1787974,30,57,22,32,1050738,906274,600616,336506,112152.29,55221.66,11801.79,45128.84,63106.18,33316.33,17136.03,12653.82,14684319,9608942,394720.0,188475.0,102784,70543.0,84235
1793,2024,Q1,Assam,North-East,Tezpur,Urban,1808927,36,74,36,41,1127063,941158,635552,328746,188851.29,107799.34,28015.35,53036.59,139346.01,70505.46,38160.24,30680.31,6990928,3613416,425418.0,282558.0,152969,81489.0,86249
1794,2024,Q2,Assam,North-East,Tezpur,Rural,1808927,26,47,19,36,887968,603409,496190,224222,148613.4,78174.46,12986.53,57452.41,95790.87,41665.0,26822.38,27303.49,9546251,4738343,221154.0,77866.0,164724,,103863
1795,2024,Q3,Assam,North-East,Tezpur,Rural,1808927,24,45,13,35,1387815,1106433,686199,507855,140406.78,65366.06,20450.11,54590.61,105337.29,50279.89,29816.07,25241.33,15478744,7782992,328540.0,298504.0,108262,92841.0,61349
1796,2024,Q4,Assam,North-East,Tezpur,Rural,1808927,33,64,29,49,1022484,778409,475305,288486,178969.79,78663.8,27442.23,72863.75,113992.25,56384.66,31520.63,26086.97,7094579,3831261,222780.0,123291.0,92311,69976.0,67839
1797,2025,Q1,Assam,North-East,Tezpur,Rural,1829880,20,31,19,22,1241151,917333,488311,465828,204373.0,98122.49,27739.89,78510.62,153220.59,71344.19,39379.48,42496.91,11797271,8136856,432405.0,181739.0,129089,55029.0,87897
1798,2025,Q2,Assam,North-East,Tezpur,Semi-Urban,1829880,30,60,19,34,1642836,1418110,870961,601953,155107.48,67898.64,25085.29,62123.55,100206.3,50441.16,27460.64,22304.5,18736096,12355621,641055.0,383975.0,99243,55609.0,49456
1799,2025,Q3,Assam,North-East,Tezpur,Rural,1829880,22,51,16,23,1178265,999885,499181,464843,177673.09,76482.09,27983.38,73207.63,110558.47,58354.24,19698.2,32506.04,14660082,8426746,380211.0,258403.0,160171,74808.0,102313
1800,2025,Q4,Assam,North-East,Tezpur,Semi-Urban,1829880,33,66,35,49,1178588,817436,679205,317838,237321.83,101577.9,26953.29,108790.65,167817.59,86697.68,34570.75,46549.15,6818675,4401157,245844.0,248543.0,119407,32843.0,57610
1801,2021,Q1,Uttarakhand,North,Dehradun,Rural,1599844,23,45,17,18,688661,507844,388971,180805,91751.27,48888.06,16199.54,26663.67,56243.3,19870.98,11536.92,24835.4,8404228,5769234,131491.0,116648.0,69029,21213.0,54342
1802,2021,Q2,Uttarakhand,North,Dehradun,Rural,1599844,21,48,20,33,966879,711603,514036,308393,96998.46,46905.69,8841.08,41251.68,59039.36,26574.9,17330.95,15133.51,6880990,3707273,263434.0,143529.0,119195,65183.0,71228
1803,2021,Q3,Uttarakhand,North,Dehradun,Rural,1599844,18,32,17,23,639110,438806,329775,177031,104555.94,47097.8,11305.77,46152.37,89431.47,45544.21,25378.89,18508.37,7407081,4444152,146791.0,124845.0,151453,43179.0,122739
1804,2021,Q4,Uttarakhand,North,Dehradun,Urban,1599844,29,62,31,31,1373119,933184,723027,528546,242456.15,117866.1,32604.73,91985.32,134204.39,50891.73,33576.21,49736.44,9573347,5583412,341734.0,148811.0,124763,76188.0,59354
1805,2022,Q1,Uttarakhand,North,Dehradun,Semi-Urban,1619042,25,41,27,19,1130652,872379,449081,255109,144816.97,61776.63,21786.25,61254.09,110969.51,44732.64,18959.02,47277.85,7031995,4813085,399535.0,157089.0,77715,55154.0,36421
1806,2022,Q2,Uttarakhand,North,Dehradun,Urban,1619042,24,45,26,25,1113917,975880,496687,346117,103104.89,44708.77,16199.68,42196.43,75033.87,27183.35,12023.32,35827.2,14199833,8684148,452070.0,261960.0,79846,65713.0,53901
1807,2022,Q3,Uttarakhand,North,Dehradun,Semi-Urban,1619042,24,43,23,26,790691,634378,338907,193102,82032.63,35108.08,13807.34,33117.21,60275.36,24628.46,15441.38,20205.51,6029296,3093550,272212.0,154017.0,140199,29045.0,64131
1808,2022,Q4,Uttarakhand,North,Dehradun,Semi-Urban,1619042,26,43,28,38,1147257,979163,543922,442361,165382.55,94565.95,27468.71,43347.89,142993.8,70963.99,31128.11,40901.7,8919904,4871898,268110.0,152748.0,110156,67902.0,62370
1809,2023,Q1,Uttarakhand,North,Dehradun,Rural,1638240,23,53,21,17,842975,704481,411749,353816,67090.82,30547.45,10517.31,26026.07,48496.72,18315.7,9698.52,20482.5,7599286,4005187,250718.0,224888.0,106197,34148.0,70027
1810,2023,Q2,Uttarakhand,North,Dehradun,Rural,1638240,16,33,16,14,1016798,900673,462360,247965,189073.53,85845.8,23543.88,79683.85,140053.84,53776.59,36426.29,49850.96,11924912,7778547,359701.0,267882.0,118220,39339.0,86381
1811,2023,Q3,Uttarakhand,North,Dehradun,Semi-Urban,1638240,26,53,16,39,1017538,905612,468448,255042,200779.18,109586.75,17857.52,73334.91,168687.11,79161.51,38097.95,51427.65,7894436,5019765,414249.0,229308.0,119914,71153.0,66379
1812,2023,Q4,Uttarakhand,North,Dehradun,Semi-Urban,1638240,27,59,16,19,1173260,986775,575937,458513,185998.77,78957.36,16527.82,90513.6,146801.35,73777.76,34631.16,38392.43,8529879,5803495,368504.0,239661.0,104369,64677.0,68712
1813,2024,Q1,Uttarakhand,North,Dehradun,Semi-Urban,1657438,20,37,19,21,895629,801813,428716,217585,149756.12,74883.4,21661.58,53211.14,90899.37,38503.56,16603.32,35792.49,9325546,6135877,257126.0,186469.0,107908,36622.0,54284
1814,2024,Q2,Uttarakhand,North,Dehradun,Rural,1657438,15,25,14,21,1005667,804780,444072,371399,140648.65,79497.14,12376.43,48775.08,100689.47,45573.45,27909.21,27206.81,10676528,7299677,368104.0,247820.0,66813,49675.0,52261
1815,2024,Q3,Uttarakhand,North,Dehradun,Rural,1657438,16,29,11,15,730149,633156,378612,256216,109162.57,60228.32,18885.56,30048.7,60241.77,22038.83,15331.32,22871.61,9352847,5522738,178155.0,191429.0,99308,43476.0,49868
1816,2024,Q4,Uttarakhand,North,Dehradun,Urban,1657438,30,46,32,25,1395837,881022,650858,491845,116916.81,54775.74,15178.65,46962.42,83772.09,42476.33,14852.01,26443.75,15654423,11530748,212773.0,176537.0,113699,96925.0,85044
1817,2025,Q1,Uttarakhand,North,Dehradun,Rural,1676636,18,31,16,22,961806,647300,517809,299180,141759.46,65941.32,16928.04,58890.1,109613.07,57665.53,19483.65,32463.89,7391601,4183779,266112.0,196556.0,126861,35878.0,75125
1818,2025,Q2,Uttarakhand,North,Dehradun,Urban,1676636,27,54,16,26,1336715,1008978,684488,507821,198191.16,112245.13,17042.6,68903.42,126430.55,51850.27,23490.88,51089.4,7634997,3956379,303827.0,206804.0,68364,36513.0,42943
1819,2025,Q3,Uttarakhand,North,Dehradun,Rural,1676636,17,37,9,26,733703,504429,346921,277906,141837.01,76757.88,21660.82,43418.31,104744.61,51134.63,17317.36,36292.63,6347192,4709942,168887.0,139813.0,142544,50018.0,71000
1820,2025,Q4,Uttarakhand,North,Dehradun,Rural,1676636,23,36,25,20,920595,641635,357152,253038,79619.0,45756.39,11929.01,21933.59,62363.75,27479.66,17061.63,17822.45,5501523,4092545,292684.0,200389.0,81325,41300.0,46991
1821,2021,Q1,Uttarakhand,North,Haridwar,Rural,1602302,25,57,24,33,1166741,973414,475921,369765,156892.97,70018.83,23718.15,63155.99,100658.33,47805.76,20651.32,32201.25,10998367,7694677,342273.0,182428.0,141049,58847.0,95319
1822,2021,Q2,Uttarakhand,North,Haridwar,Urban,1602302,30,49,19,30,1078102,966178,531308,355795,171162.45,78558.03,22438.84,70165.59,109444.33,55391.44,29418.21,24634.67,8449382,6327938,453071.0,202283.0,141701,39602.0,78250
1823,2021,Q3,Uttarakhand,North,Haridwar,Rural,1602302,26,43,24,26,820210,586255,399159,339154,129616.32,56693.99,11403.66,61518.67,76826.57,28357.39,18491.47,29977.72,6558777,3398818,197966.0,70935.0,151076,39376.0,91803
1824,2021,Q4,Uttarakhand,North,Haridwar,Semi-Urban,1602302,27,49,25,40,1197029,870501,579816,415065,214669.56,91927.74,30713.5,92028.32,187979.65,97908.7,50031.88,40039.07,7286108,4576953,231457.0,234794.0,91738,84108.0,46707
1825,2022,Q1,Uttarakhand,North,Haridwar,Semi-Urban,1621529,26,46,28,33,1056745,724869,536680,293007,107733.45,57732.84,11183.04,38817.57,78304.76,37799.74,22854.68,17650.34,11570874,7087255,310890.0,147991.0,69413,44441.0,51903
1826,2022,Q2,Uttarakhand,North,Haridwar,Urban,1621529,32,74,28,36,997831,647299,482651,372024,120015.5,61367.49,20891.69,37756.33,74308.05,34791.9,16194.07,23322.08,6628266,4230786,186428.0,123930.0,111047,68128.0,82072
1827,2022,Q3,Uttarakhand,North,Haridwar,Rural,1621529,22,37,21,24,813905,597660,343777,331616,149949.4,66275.08,17376.6,66297.71,88842.65,36497.38,23806.76,28538.51,5114078,2988092,176851.0,136768.0,60609,42655.0,35069
1828,2022,Q4,Uttarakhand,North,Haridwar,Urban,1621529,35,65,29,55,1302571,990126,520539,511132,190055.18,87293.69,25422.68,77338.81,107356.58,52997.87,20600.78,33757.94,12994333,6976705,343895.0,166666.0,114537,91857.0,85755
1829,2023,Q1,Uttarakhand,North,Haridwar,Rural,1640757,14,32,13,11,824927,673608,339846,346138,174131.13,73881.76,22336.27,77913.11,119106.78,60733.4,23842.93,34530.45,7109000,5489258,215819.0,93429.0,150176,51568.0,117991
1830,2023,Q2,Uttarakhand,North,Haridwar,Rural,1640757,22,45,18,23,925007,797882,441136,344146,142619.96,61017.06,23389.15,58213.76,101517.69,51978.79,20464.86,29074.03,8934990,5392350,354320.0,228325.0,91970,24735.0,64786
1831,2023,Q3,Uttarakhand,North,Haridwar,Rural,1640757,21,34,20,31,967683,695597,443252,381074,148926.89,77672.89,12059.77,59194.23,116822.34,58753.05,32020.16,26049.13,11270863,8452439,266182.0,108594.0,119820,37503.0,61870
1832,2023,Q4,Uttarakhand,North,Haridwar,Rural,1640757,26,40,14,25,1318217,1046626,602717,293010,262483.73,151883.71,39901.2,70698.83,148804.34,77646.87,34858.3,36299.18,17221371,12380941,353455.0,284232.0,132297,75222.0,92605
1833,2024,Q1,Uttarakhand,North,Haridwar,Urban,1659984,32,66,20,22,1055316,699920,422568,279814,145397.22,67567.56,23984.61,53845.05,122578.13,51068.12,35039.35,36470.67,10492698,7939071,260572.0,115678.0,123758,37006.0,59623
1834,2024,Q2,Uttarakhand,North,Haridwar,Rural,1659984,24,43,17,27,1057624,795334,474624,256404,147742.14,77508.48,18316.74,51916.93,85328.76,33504.31,20517.35,31307.09,6321787,3709640,277927.0,98493.0,72125,77092.0,33366
1835,2024,Q3,Uttarakhand,North,Haridwar,Urban,1659984,32,63,24,38,1014971,663388,492989,238499,123063.79,68939.61,20076.66,34047.53,88281.54,31390.88,15625.1,41265.56,7613035,5319171,304533.0,190579.0,143209,56855.0,109670
1836,2024,Q4,Uttarakhand,North,Haridwar,Rural,1659984,30,57,26,38,1402865,1202059,548593,358457,212357.73,94591.54,31145.47,86620.73,154388.34,78898.31,31604.92,43885.11,18061333,12510499,367497.0,180427.0,71886,52895.0,36451
1837,2025,Q1,Uttarakhand,North,Haridwar,Semi-Urban,1679212,27,43,27,21,946403,603810,429067,326790,118321.01,67098.53,18445.31,32777.17,78392.83,29856.92,20765.02,27770.89,10055253,6526792,222876.0,188660.0,65816,25125.0,50012
1838,2025,Q2,Uttarakhand,North,Haridwar,Semi-Urban,1679212,28,55,26,33,1306645,892763,615561,290500,203040.15,106598.49,35054.1,61387.56,151314.11,62888.72,28598.7,59826.69,12292447,7524989,254834.0,283416.0,82043,83171.0,48680
1839,2025,Q3,Uttarakhand,North,Haridwar,Rural,1679212,22,38,19,20,866088,624039,430420,201491,105914.17,57501.73,17707.6,30704.84,91939.5,44889.71,22845.96,24203.83,10205759,6241320,249902.0,181551.0,124369,28664.0,87944
1840,2025,Q4,Uttarakhand,North,Haridwar,Semi-Urban,1679212,29,63,28,31,1520148,1360024,875009,521425,220834.36,103343.2,25037.27,92453.89,137181.9,74235.24,33853.16,29093.5,14820116,7703844,629637.0,268502.0,89023,105662.0,59239
1841,2021,Q1,Uttarakhand,North,Nainital,Urban,1782145,31,61,21,37,1031085,885304,525766,288085,122005.39,67657.5,19070.77,35277.13,83803.22,43954.88,16305.14,23543.21,14848745,9671998,200349.0,182863.0,86908,59329.0,63064
1842,2021,Q2,Uttarakhand,North,Nainital,Rural,1782145,20,44,17,15,1090284,720655,606798,359343,198753.81,97212.65,25037.45,76503.7,163480.8,60822.63,26790.88,75867.29,7071874,5465738,271775.0,110623.0,132215,73908.0,103416
1843,2021,Q3,Uttarakhand,North,Nainital,Rural,1782145,21,46,16,24,852800,645004,342397,350341,149078.87,75281.78,13799.24,59997.84,108423.68,45087.04,17501.19,45835.45,9843118,5384773,245043.0,187521.0,149963,34517.0,79606
1844,2021,Q4,Uttarakhand,North,Nainital,Urban,1782145,30,46,19,33,1100160,733502,557637,431258,162786.13,91691.01,28043.95,43051.18,104627.67,48193.86,23848.11,32585.7,13878734,8781675,288807.0,231485.0,72207,45902.0,43542
1845,2022,Q1,Uttarakhand,North,Nainital,Rural,1803530,14,31,15,20,873424,609481,407220,329272,73117.69,41044.31,6023.55,26049.83,49434.36,24102.55,9580.22,15751.59,10117387,7756777,156720.0,149849.0,64234,60024.0,42232
1846,2022,Q2,Uttarakhand,North,Nainital,Rural,1803530,20,40,21,18,859756,701306,334136,337295,144221.66,65897.53,23756.05,54568.08,100672.84,37907.8,28812.48,33952.56,6810770,3818519,282839.0,107760.0,167367,59588.0,96762
1847,2022,Q3,Uttarakhand,North,Nainital,Rural,1803530,23,38,16,28,1200435,957891,681781,498744,191915.01,101579.2,19052.13,71283.68,126655.76,63527.98,35348.16,27779.62,11097057,6922233,314533.0,215226.0,118580,71535.0,86289
1848,2022,Q4,Uttarakhand,North,Nainital,Urban,1803530,28,53,16,36,1346921,1152272,551306,478738,177535.09,90610.1,26349.45,60575.54,147497.23,58559.69,29651.85,59285.69,16185846,8741089,417849.0,218138.0,96414,55549.0,78785
1849,2023,Q1,Uttarakhand,North,Nainital,Urban,1824916,29,55,17,25,1646221,1262947,950672,566753,194977.82,110540.25,22826.68,61610.89,116640.95,47315.6,29205.4,40119.94,14894205,7522996,321524.0,174682.0,106896,67719.0,63586
1850,2023,Q2,Uttarakhand,North,Nainital,Rural,1824916,24,40,19,24,1164847,948782,645917,419918,106177.9,57208.13,17431.0,31538.77,64749.51,25556.67,18176.07,21016.77,11798357,6276724,328473.0,199704.0,132595,76179.0,100734
1851,2023,Q3,Uttarakhand,North,Nainital,Rural,1824916,19,44,15,26,1105420,980001,635319,307931,151238.63,67820.18,25770.12,57648.32,100629.67,36980.53,18277.83,45371.3,14041177,7644711,346390.0,290410.0,96370,81581.0,45250
1852,2023,Q4,Uttarakhand,North,Nainital,Urban,1824916,32,72,29,49,1116145,986588,471588,373578,153761.65,71157.93,24304.16,58299.55,122248.58,66111.18,28236.82,27900.58,17897363,12078232,357642.0,296641.0,153701,56094.0,91241
1853,2024,Q1,Uttarakhand,North,Nainital,Urban,1846302,28,44,24,40,1197614,999852,554257,347905,125892.84,57421.2,13586.21,54885.43,83012.6,33780.52,15175.27,34056.82,12806212,6748231,312110.0,214322.0,150962,48594.0,119205
1854,2024,Q2,Uttarakhand,North,Nainital,Rural,1846302,23,51,17,26,975265,710370,491257,356473,183283.43,83338.07,32800.04,67145.32,142162.92,60412.2,42016.06,39734.67,5127509,2529589,333307.0,96544.0,140538,59046.0,100890
1855,2024,Q3,Uttarakhand,North,Nainital,Semi-Urban,1846302,23,52,24,21,1084669,786488,422675,275559,127991.26,68845.38,21821.99,37323.89,108794.65,51226.57,28122.17,29445.91,11329324,6627497,274050.0,117452.0,65262,58298.0,34157
1856,2024,Q4,Uttarakhand,North,Nainital,Urban,1846302,31,71,19,22,1022078,894984,419464,318295,82884.29,45227.3,10001.39,27655.6,66799.89,32582.84,15525.84,18691.21,14916262,10255213,368558.0,264756.0,142367,33784.0,114142
1857,2025,Q1,Uttarakhand,North,Nainital,Rural,1867687,21,34,18,18,1294858,1125010,633036,407090,121476.32,58393.57,12710.36,50372.39,106710.67,51611.63,18177.18,36921.87,12583167,6506840,481883.0,303843.0,121113,81790.0,57907
1858,2025,Q2,Uttarakhand,North,Nainital,Rural,1867687,14,28,12,21,1259848,1105229,596149,485593,99403.1,51996.13,15543.5,31863.47,73385.58,32740.77,14138.26,26506.55,9465550,5779533,293204.0,326149.0,164933,40800.0,82003
1859,2025,Q3,Uttarakhand,North,Nainital,Semi-Urban,1867687,24,49,18,34,1692082,1491159,827581,498337,214147.05,105076.79,17409.58,91660.68,121682.8,61360.67,25172.99,35149.14,24367095,16547094,636047.0,322073.0,87893,80181.0,62457
1860,2025,Q4,Uttarakhand,North,Nainital,Rural,1867687,17,28,14,16,1203218,837542,675385,351603,219991.76,113672.54,20464.04,85855.18,177503.14,69233.96,49871.8,58397.39,9764783,6971252,282784.0,116341.0,73918,67724.0,47136
1861,2021,Q1,Uttarakhand,North,Almora,Rural,1507816,20,41,15,30,842647,730643,472420,255069,157229.37,66996.29,22575.56,67657.52,110894.54,44915.72,32808.55,33170.27,6266651,3716728,171203.0,225896.0,90520,51865.0,47955
1862,2021,Q2,Uttarakhand,North,Almora,Urban,1507816,27,58,26,21,1074943,951077,466539,269306,158599.07,78964.34,19108.56,60526.17,121263.25,65164.06,20234.96,35864.23,7550279,4308429,247168.0,139381.0,73518,56364.0,41985
1863,2021,Q3,Uttarakhand,North,Almora,Rural,1507816,14,27,13,20,759544,652734,407886,192142,83551.26,48122.77,9826.71,25601.78,52289.44,27390.56,9827.57,15071.3,4846582,2982925,261959.0,82799.0,112170,24397.0,82179
1864,2021,Q4,Uttarakhand,North,Almora,Rural,1507816,17,33,12,23,898819,573900,376174,366228,114769.75,51288.75,20599.96,42881.04,98082.89,34368.73,23255.73,40458.43,7181356,4264318,256412.0,118284.0,55381,57986.0,34281
1865,2022,Q1,Uttarakhand,North,Almora,Rural,1525909,20,43,17,30,594256,499326,292205,159565,52992.53,29517.4,8413.2,15061.93,40427.67,14880.03,11872.65,13674.99,7748260,4027985,149505.0,120537.0,113118,,55163
1866,2022,Q2,Uttarakhand,North,Almora,Semi-Urban,1525909,20,33,15,18,887302,569312,471139,209934,165745.89,80660.85,27621.33,57463.71,101340.9,40831.55,18160.02,42349.33,4993607,3641802,181728.0,180669.0,113089,22884.0,90427
1867,2022,Q3,Uttarakhand,North,Almora,Urban,1525909,28,48,21,35,1068327,874199,575951,282008,146600.17,67431.55,16806.94,62361.68,82355.28,34298.77,17453.59,30602.93,12002178,6846738,215015.0,105156.0,55038,72643.0,36668
1868,2022,Q4,Uttarakhand,North,Almora,Rural,1525909,21,47,14,18,970430,650428,539362,377132,102213.96,44280.28,9296.65,48637.03,86264.86,37163.52,14195.24,34906.1,6609369,3491415,237212.0,105108.0,123173,24290.0,75434
1869,2023,Q1,Uttarakhand,North,Almora,Rural,1544003,12,18,9,14,669100,558259,303911,252493,106150.19,53872.07,10462.45,41815.67,87197.61,44174.93,25821.81,17200.87,6788536,4624769,136400.0,133003.0,144844,34534.0,101930
1870,2023,Q2,Uttarakhand,North,Almora,Rural,1544003,20,35,14,14,698014,466570,329103,221112,120359.01,59468.55,12416.55,48473.91,100056.66,36840.88,29769.0,33446.78,5084497,2464003,160397.0,73343.0,69466,29153.0,45509
1871,2023,Q3,Uttarakhand,North,Almora,Rural,1544003,22,44,15,17,604869,498959,305879,193569,50808.65,27966.48,6502.75,16339.42,44088.44,24248.39,11996.42,7843.62,5031341,3904499,143264.0,82938.0,85106,36487.0,68496
1872,2023,Q4,Uttarakhand,North,Almora,Semi-Urban,1544003,25,50,16,21,1012770,897865,568061,258155,115302.35,57234.81,10600.47,47467.08,77468.35,41905.95,22713.87,12848.53,8985318,6312956,328125.0,221819.0,58903,36494.0,26634
1873,2024,Q1,Uttarakhand,North,Almora,Rural,1562097,22,38,18,29,797314,514102,421119,212172,69956.23,30216.72,9999.85,29739.67,53261.61,21376.04,15714.03,16171.55,7675008,4496959,223304.0,72960.0,124994,51857.0,63248
1874,2024,Q2,Uttarakhand,North,Almora,Semi-Urban,1562097,25,56,18,19,747902,486734,284831,215888,79019.98,41420.6,14159.64,23439.74,66954.08,26819.81,17930.13,22204.15,8143081,5829917,225642.0,146639.0,82134,21822.0,51784
1875,2024,Q3,Uttarakhand,North,Almora,Rural,1562097,16,27,14,23,1049644,689621,431602,240276,120537.24,54449.22,16246.79,49841.24,84052.35,34895.62,20724.66,28432.07,10354439,5839804,241784.0,128926.0,114956,76479.0,82735
1876,2024,Q4,Uttarakhand,North,Almora,Rural,1562097,19,40,18,18,956299,709220,519944,269704,188132.47,89650.49,22940.33,75541.65,125065.49,47430.99,21209.72,56424.77,8254459,3996609,215363.0,150168.0,108941,30831.0,57528
1877,2025,Q1,Uttarakhand,North,Almora,Rural,1580191,16,28,12,13,803243,575094,443486,310798,162362.77,83140.06,28359.03,50863.69,110709.56,51052.22,23589.1,36068.23,8804286,6828463,208140.0,78300.0,61539,52252.0,33196
1878,2025,Q2,Uttarakhand,North,Almora,Rural,1580191,19,39,10,21,623419,483293,294513,257005,96988.05,46236.76,16794.25,33957.03,76558.51,35894.84,18241.6,22422.07,7485391,3879388,156347.0,114559.0,147257,23046.0,90660
1879,2025,Q3,Uttarakhand,North,Almora,Rural,1580191,13,22,14,14,829710,622007,334564,251028,97479.51,54301.88,9677.62,33500.01,73163.63,26158.01,14951.06,32054.57,8318197,4767139,213280.0,83881.0,149436,46918.0,80746
1880,2025,Q4,Uttarakhand,North,Almora,Rural,1580191,23,36,13,30,1059948,703683,488028,312037,157121.25,89956.8,24016.87,43147.58,135937.17,55118.97,32934.88,47883.32,5396471,4206477,288784.0,184499.0,143297,32845.0,93303
1881,2021,Q1,Uttarakhand,North,Haldwani,Rural,1540975,18,28,19,15,695100,436853,307167,235881,146082.51,71249.89,17941.62,56891.0,88075.09,39604.88,25683.7,22786.51,7194272,4805264,114893.0,75704.0,84492,45624.0,41427
1882,2021,Q2,Uttarakhand,North,Haldwani,Urban,1540975,29,56,28,33,967436,773404,397575,259536,137624.89,74211.8,19041.4,44371.69,93012.49,38632.36,26774.02,27606.11,8747883,5189308,178208.0,199697.0,114205,65324.0,82002
1883,2021,Q3,Uttarakhand,North,Haldwani,Semi-Urban,1540975,12,23,7,14,850854,674815,414252,355132,114429.71,58913.96,16985.89,38529.87,73017.79,29312.98,17404.15,26300.67,8603641,4788169,297428.0,178152.0,124142,60676.0,65648
1884,2021,Q4,Uttarakhand,North,Haldwani,Semi-Urban,1540975,21,35,21,26,807473,508831,419016,280420,123095.57,63801.77,20596.63,38697.16,106374.33,44560.38,24285.48,37528.47,8497508,5162208,148063.0,102945.0,90144,54508.0,40607
1885,2022,Q1,Uttarakhand,North,Haldwani,Urban,1559466,25,45,25,37,1229548,913608,594149,420363,261396.58,145224.95,36170.2,80001.43,177473.22,70289.33,41674.94,65508.95,10957503,7136905,283094.0,122924.0,111780,35276.0,70281
1886,2022,Q2,Uttarakhand,North,Haldwani,Semi-Urban,1559466,20,46,11,26,731307,485936,303244,211393,140538.08,67457.2,17304.49,55776.39,87361.3,38133.45,17339.19,31888.66,7547615,3887655,129001.0,73713.0,112222,24406.0,85288
1887,2022,Q3,Uttarakhand,North,Haldwani,Rural,1559466,18,42,17,21,670918,438043,367468,258584,88710.83,47885.01,11852.1,28973.72,60622.84,24270.0,10739.87,25612.96,6861617,4726937,164111.0,124934.0,141492,30007.0,70855
1888,2022,Q4,Uttarakhand,North,Haldwani,Rural,1559466,17,39,14,24,839712,614315,352724,335755,75359.04,34122.73,6100.55,35135.76,44031.24,23191.33,7499.36,13340.55,4822203,3083509,191889.0,104472.0,147993,56806.0,75844
1889,2023,Q1,Uttarakhand,North,Haldwani,Urban,1577958,22,45,14,32,1251728,823744,618516,409537,165248.29,81942.15,22903.6,60402.54,130889.52,69839.39,21755.64,39294.49,6676999,5030780,303162.0,222736.0,78423,83448.0,54499
1890,2023,Q2,Uttarakhand,North,Haldwani,Rural,1577958,17,38,18,27,883414,631602,490241,315743,110914.97,59852.38,13895.74,37166.85,77638.47,42637.94,16484.14,18516.39,10568845,6926355,154402.0,143823.0,130316,24508.0,91111
1891,2023,Q3,Uttarakhand,North,Haldwani,Rural,1577958,19,43,11,13,672811,449301,289431,263182,88017.8,40797.08,14615.72,32605.0,48644.79,26117.73,12863.96,9663.09,7989057,5230979,147060.0,105795.0,76868,36092.0,59375
1892,2023,Q4,Uttarakhand,North,Haldwani,Urban,1577958,38,76,24,52,1486108,1118471,678774,499369,155537.87,86188.75,14200.46,55148.66,134054.5,72196.91,27385.95,34471.64,9397026,5925185,426111.0,158991.0,59931,102161.0,47548
1893,2024,Q1,Uttarakhand,North,Haldwani,Rural,1596450,22,37,15,21,863268,682242,364058,269091,135825.83,58687.13,13547.13,63591.57,82088.07,39105.82,13921.88,29060.38,9077548,6888586,307032.0,93383.0,61855,38117.0,35340
1894,2024,Q2,Uttarakhand,North,Haldwani,Rural,1596450,21,42,14,15,1036903,860274,422045,327228,79456.19,33975.62,12361.62,33118.96,55367.05,28728.82,11224.57,15413.66,12031955,7076962,362677.0,116641.0,82382,68182.0,38654
1895,2024,Q3,Uttarakhand,North,Haldwani,Urban,1596450,27,63,17,28,1433592,1288951,613323,539107,171713.86,75561.9,19509.61,76642.35,98692.52,44251.69,25483.4,28957.42,17604174,10005842,410453.0,313142.0,102502,40787.0,63568
1896,2024,Q4,Uttarakhand,North,Haldwani,Rural,1596450,24,37,19,32,862990,691157,419830,332154,117778.75,65062.27,10218.74,42497.73,76028.6,35603.96,21276.13,19148.52,7404094,4319338,165018.0,96216.0,136675,62950.0,62375
1897,2025,Q1,Uttarakhand,North,Haldwani,Rural,1614941,15,26,10,15,900261,716661,436247,360368,156031.28,79105.1,24712.81,52213.37,130452.84,52316.44,29896.4,48240.0,7467747,4241945,255494.0,186280.0,124892,40481.0,56387
1898,2025,Q2,Uttarakhand,North,Haldwani,Urban,1614941,26,43,16,37,1103297,785425,556590,256404,107299.81,50070.55,17918.32,39310.94,91213.39,37569.64,16989.6,36654.15,12637856,9298922,200418.0,156208.0,60973,39124.0,32021
1899,2025,Q3,Uttarakhand,North,Haldwani,Semi-Urban,1614941,18,41,19,19,874595,584125,351951,317395,128784.9,56116.79,20518.97,52149.13,93593.01,34460.37,24764.55,34368.09,4976959,2540338,277539.0,121635.0,59030,55554.0,41721
1900,2025,Q4,Uttarakhand,North,Haldwani,Semi-Urban,1614941,23,49,25,24,1237560,897980,557411,493406,171137.01,82926.59,27322.95,60887.47,147211.95,69614.42,31678.53,45919.01,12585666,6057795,256387.0,183551.0,82556,72491.0,57714
1901,2021,Q1,Himachal Pradesh,North,Shimla,Rural,1460734,17,35,12,12,615981,494861,263629,217144,81630.8,40723.3,9049.16,31858.34,48825.04,20419.59,12151.83,16253.62,6938375,3703592,204141.0,75252.0,70566,31763.0,39305
1902,2021,Q2,Himachal Pradesh,North,Shimla,Semi-Urban,1460734,25,57,15,30,1165695,780349,528491,286713,188299.5,99096.22,25272.18,63931.09,149936.5,53553.64,44089.11,52293.75,13541003,9873166,216738.0,112614.0,118162,35247.0,88478
1903,2021,Q3,Himachal Pradesh,North,Shimla,Semi-Urban,1460734,24,51,18,17,783215,617632,342265,194978,87984.68,37290.57,8374.5,42319.6,74031.69,26089.32,19865.59,28076.78,5911796,4394934,256873.0,143814.0,92763,26363.0,56468
1904,2021,Q4,Himachal Pradesh,North,Shimla,Rural,1460734,16,29,13,16,897690,791813,403628,264553,152501.22,74514.28,24610.77,53376.17,128717.42,60254.86,23930.43,44532.14,9865623,5512215,270193.0,174891.0,92521,42485.0,48805
1905,2022,Q1,Himachal Pradesh,North,Shimla,Urban,1478262,30,56,22,40,1167493,920180,472627,408435,205028.29,97238.24,26838.5,80951.56,159180.51,58566.8,44919.6,55694.1,6586727,3464993,212140.0,268267.0,122724,79399.0,99828
1906,2022,Q2,Himachal Pradesh,North,Shimla,Rural,1478262,21,41,12,17,673563,429563,376249,166056,106882.64,48287.78,19221.89,39372.96,71037.55,37722.28,20796.94,12518.33,4206218,2171235,200492.0,116225.0,102285,28964.0,77479
1907,2022,Q3,Himachal Pradesh,North,Shimla,Semi-Urban,1478262,26,41,23,33,843340,663682,422845,270185,153828.05,74615.85,25888.04,53324.16,104215.98,45326.44,26424.83,32464.71,8211771,4763266,260857.0,82681.0,107413,44515.0,74202
1908,2022,Q4,Himachal Pradesh,North,Shimla,Semi-Urban,1478262,21,36,14,21,907735,736342,454387,240950,168888.33,74366.35,17107.81,77414.18,122976.15,51365.27,34331.38,37279.5,6337914,4313444,256711.0,223155.0,130304,35988.0,65178
1909,2023,Q1,Himachal Pradesh,North,Shimla,Rural,1495791,20,41,18,14,801169,514126,355055,314487,138291.36,61891.57,16554.23,59845.57,113009.11,44428.21,20513.53,48067.37,8959478,5526882,170267.0,101151.0,129620,55599.0,65900
1910,2023,Q2,Himachal Pradesh,North,Shimla,Semi-Urban,1495791,26,46,15,38,914735,655592,406872,239717,117943.16,57249.64,20242.56,40450.96,78092.29,27806.77,14445.6,35839.91,11452590,7883167,267212.0,156143.0,69785,28386.0,44849
1911,2023,Q3,Himachal Pradesh,North,Shimla,Semi-Urban,1495791,27,60,25,35,1216890,789935,512026,277452,122880.61,55977.43,17966.34,48936.85,95627.81,45811.94,22716.28,27099.58,13901641,6712467,273628.0,161134.0,57153,60388.0,32708
1912,2023,Q4,Himachal Pradesh,North,Shimla,Rural,1495791,18,42,17,26,830611,570693,443212,323598,129092.53,74198.78,16407.93,38485.83,80486.61,36494.45,24028.04,19964.12,8852503,4817343,169017.0,138975.0,105165,33826.0,80562
1913,2024,Q1,Himachal Pradesh,North,Shimla,Semi-Urban,1513320,24,37,24,25,867128,559931,419083,218105,132897.59,67194.26,22641.76,43061.57,79916.37,35865.72,14612.44,29438.21,6255524,3576436,250700.0,171589.0,78327,58952.0,55024
1914,2024,Q2,Himachal Pradesh,North,Shimla,Urban,1513320,33,54,26,43,1366168,993156,604690,562482,111279.56,54903.14,10527.67,45848.75,75707.22,37438.73,16001.6,22266.89,17753527,12672568,298455.0,274487.0,129813,98329.0,96925
1915,2024,Q3,Himachal Pradesh,North,Shimla,Urban,1513320,34,71,35,44,1285763,874939,723280,403620,130142.76,62081.07,12807.6,55254.09,82583.76,29481.56,14261.16,38841.04,10754618,7182121,327299.0,256570.0,126489,55080.0,87542
1916,2024,Q4,Himachal Pradesh,North,Shimla,Rural,1513320,26,53,17,41,719051,547532,314411,248918,90133.47,41461.94,8855.6,39815.93,72859.41,28738.66,19547.72,24573.03,5118910,3828286,189506.0,73613.0,107701,24603.0,76510
1917,2025,Q1,Himachal Pradesh,North,Shimla,Semi-Urban,1530849,27,48,16,28,1220006,913089,562488,362172,157816.85,81741.16,13628.53,62447.17,128847.69,49559.12,32042.14,47246.43,14395568,7791746,307683.0,250824.0,115779,42084.0,57412
1918,2025,Q2,Himachal Pradesh,North,Shimla,Urban,1530849,26,43,17,21,1126527,988516,487573,376022,139649.47,71436.91,18976.87,49235.69,93368.37,48562.07,15633.98,29172.32,15049673,10853503,239380.0,314502.0,108938,51812.0,74384
1919,2025,Q3,Himachal Pradesh,North,Shimla,Rural,1530849,23,53,20,19,918323,584228,485871,298808,121807.44,69490.63,21350.8,30966.01,75876.31,37612.94,22182.71,16080.66,9625632,7161234,215244.0,95131.0,118172,36436.0,61515
1920,2025,Q4,Himachal Pradesh,North,Shimla,Semi-Urban,1530849,32,61,29,25,926381,668484,399966,324289,116869.42,63461.0,11536.97,41871.45,99752.95,50617.83,24713.72,24421.39,8247204,4170908,305043.0,115763.0,95480,46615.0,64730
1921,2021,Q1,Himachal Pradesh,North,Mandi,Rural,1478451,13,23,12,11,644580,522433,357105,186348,118378.21,50839.3,11768.8,55770.11,73610.44,37070.08,13870.97,22669.38,7942121,5679919,191261.0,130873.0,115402,22985.0,75136
1922,2021,Q2,Himachal Pradesh,North,Mandi,Rural,1478451,14,30,13,12,602210,383222,321405,231153,75930.19,42317.99,7517.53,26094.67,50553.97,20333.62,10738.18,19482.17,2830531,1405499,128837.0,85072.0,109869,28386.0,53089
1923,2021,Q3,Himachal Pradesh,North,Mandi,Rural,1478451,21,34,23,23,632194,552727,244257,218919,83837.68,44508.12,8558.0,30771.56,65529.29,27687.82,17549.9,20291.57,7007228,3837031,256939.0,161452.0,139780,36651.0,83379
1924,2021,Q4,Himachal Pradesh,North,Mandi,Rural,1478451,13,21,10,11,552655,418743,314770,194084,63135.5,34064.77,7998.34,21072.39,36144.52,17399.07,7554.74,11190.72,3777486,2198921,136096.0,120501.0,84005,13908.0,64076
1925,2022,Q1,Himachal Pradesh,North,Mandi,Semi-Urban,1496192,19,33,12,14,728622,553009,394970,233938,77965.37,38427.0,13689.39,25848.97,56632.14,21143.48,15808.49,19680.17,3948597,1930536,247961.0,115626.0,83889,44308.0,48025
1926,2022,Q2,Himachal Pradesh,North,Mandi,Rural,1496192,15,33,16,15,451772,316961,243867,150835,54464.74,23880.78,6206.33,24377.62,38405.04,18612.16,7553.92,12238.95,3631350,2390104,143684.0,68767.0,67414,13701.0,38980
1927,2022,Q3,Himachal Pradesh,North,Mandi,Rural,1496192,19,41,16,25,703515,588473,312358,239489,77860.19,38008.25,9131.44,30720.51,47539.57,21979.95,12460.32,13099.3,10405747,5011900,216871.0,78764.0,131819,44535.0,64027
1928,2022,Q4,Himachal Pradesh,North,Mandi,Rural,1496192,11,20,11,17,483424,353451,198134,134619,104827.18,51946.28,10305.97,42574.94,76577.94,31713.76,22210.39,22653.8,2698062,2102908,152950.0,64246.0,113711,22375.0,63306
1929,2023,Q1,Himachal Pradesh,North,Mandi,Rural,1513933,19,41,12,14,637363,484376,353823,211595,83894.33,45736.79,6865.12,31292.42,71562.68,35268.79,20319.55,15974.34,6342668,3969324,227412.0,,101822,17441.0,80253
1930,2023,Q2,Himachal Pradesh,North,Mandi,Urban,1513933,24,50,16,33,1005344,785058,416260,263649,140978.51,75540.34,14275.49,51162.69,119896.35,63538.47,24111.7,32246.18,9367751,4900389,189733.0,190206.0,101265,75035.0,48153
1931,2023,Q3,Himachal Pradesh,North,Mandi,Rural,1513933,19,29,18,15,728424,592798,343307,285930,128254.53,59819.43,18204.69,50230.41,76512.16,39340.42,17884.25,19287.49,5149499,3536112,257552.0,96170.0,58292,27096.0,45830
1932,2023,Q4,Himachal Pradesh,North,Mandi,Rural,1513933,16,29,17,11,620814,521613,348770,232476,106976.19,46639.5,16450.01,43886.68,85431.0,40242.64,22403.32,22785.05,9632002,6629430,231123.0,119499.0,95860,28604.0,69744
1933,2024,Q1,Himachal Pradesh,North,Mandi,Semi-Urban,1531675,19,37,20,25,629570,499360,264647,212390,116629.33,61129.17,18465.99,37034.17,82321.39,37878.64,23308.89,21133.86,7715900,3820467,173877.0,94971.0,141682,26443.0,96762
1934,2024,Q2,Himachal Pradesh,North,Mandi,Semi-Urban,1531675,20,33,20,24,693048,594768,350000,266832,130142.66,70268.63,20271.94,39602.08,109143.82,47107.9,30751.4,31284.52,4369572,2728560,229800.0,79552.0,125826,30640.0,96279
1935,2024,Q3,Himachal Pradesh,North,Mandi,Rural,1531675,22,37,15,24,763090,494899,409068,260720,113052.13,49618.49,20244.86,43188.78,94062.66,39049.87,20996.73,34016.06,6639398,5032482,112095.0,111610.0,89259,40848.0,64626
1936,2024,Q4,Himachal Pradesh,North,Mandi,Semi-Urban,1531675,19,31,12,15,688096,489877,363268,160184,118173.24,61231.21,15986.1,40955.94,71001.72,28930.32,14301.8,27769.6,9325653,4744604,187228.0,136038.0,139872,36521.0,81406
1937,2025,Q1,Himachal Pradesh,North,Mandi,Rural,1549416,15,34,9,16,535369,358256,296245,147232,61500.53,29628.89,4973.65,26897.99,48461.88,21972.73,13006.12,13483.02,2714707,2008288,131937.0,68159.0,73481,39385.0,39750
1938,2025,Q2,Himachal Pradesh,North,Mandi,Semi-Urban,1549416,14,30,11,14,872151,669807,441649,277993,120354.65,51615.71,13912.08,54826.86,84697.71,44991.93,18460.0,21245.79,6212224,4606313,222924.0,170778.0,93985,62393.0,51726
1939,2025,Q3,Himachal Pradesh,North,Mandi,Rural,1549416,16,33,11,15,668479,452355,270908,265518,124965.94,64213.53,15249.16,45503.24,72979.72,37956.28,16338.43,18685.01,5946423,4248872,165514.0,82647.0,120444,49765.0,76288
1940,2025,Q4,Himachal Pradesh,North,Mandi,Rural,1549416,20,31,15,30,631628,527100,363514,155783,74139.3,33954.31,6023.35,34161.63,52241.47,23891.24,12932.94,15417.29,4286208,2172895,229328.0,89927.0,100471,44916.0,81724
1941,2021,Q1,Himachal Pradesh,North,Kangra,Semi-Urban,930695,16,29,14,22,474868,312092,222831,117204,41923.9,24022.14,6865.51,11036.25,33772.87,16731.46,9645.46,7395.95,3367863,1718563,129748.0,76579.0,58319,33829.0,38825
1942,2021,Q2,Himachal Pradesh,North,Kangra,Rural,930695,12,24,9,18,319073,261436,164743,136098,50033.62,21211.96,4617.56,24204.09,33230.31,15746.7,7406.08,10077.54,3459762,2205024,71293.0,62180.0,37631,22766.0,25180
1943,2021,Q3,Himachal Pradesh,North,Kangra,Rural,930695,12,23,8,17,502725,334377,193406,133753,71136.51,39113.52,8598.06,23424.93,53457.36,23581.3,15313.71,14562.35,4881606,3294373,76617.0,88897.0,55692,12962.0,39263
1944,2021,Q4,Himachal Pradesh,North,Kangra,Semi-Urban,930695,23,37,18,19,530478,445585,272316,152137,52140.18,24601.13,4286.65,23252.4,38509.12,15378.06,10696.63,12434.43,4621384,3174338,,92218.0,63205,34242.0,39167
1945,2022,Q1,Himachal Pradesh,North,Kangra,Rural,941863,20,45,11,25,350638,244811,149010,137721,39747.71,17309.98,3770.53,18667.21,33652.25,14655.17,9700.16,9296.92,2436370,1367764,105891.0,70401.0,64615,16092.0,41247
1946,2022,Q2,Himachal Pradesh,North,Kangra,Rural,941863,11,25,6,9,439832,291846,176537,110952,35126.64,16276.95,4561.62,14288.07,24405.23,10854.05,6009.68,7541.5,4864390,3260028,81731.0,42884.0,36393,32130.0,25709
1947,2022,Q3,Himachal Pradesh,North,Kangra,Rural,941863,15,35,9,12,448522,280864,172114,173271,46721.14,22806.62,7819.49,16095.03,32137.7,14656.27,6566.12,10915.31,2735198,1379399,109845.0,51577.0,36224,18074.0,26171
1948,2022,Q4,Himachal Pradesh,North,Kangra,Rural,941863,17,30,17,21,520100,455162,204233,218729,46001.38,23344.66,6132.86,16523.86,36128.43,18997.85,8901.35,8229.23,7565784,3922768,150478.0,64804.0,74013,26731.0,43871
1949,2023,Q1,Himachal Pradesh,North,Kangra,Semi-Urban,953031,20,31,17,27,613554,478404,330607,225823,64029.72,34585.33,6619.19,22825.21,40386.63,19336.69,10923.36,10126.59,4372305,2429796,177682.0,142084.0,69778,40781.0,45325
1950,2023,Q2,Himachal Pradesh,North,Kangra,Rural,953031,18,37,17,17,319783,244642,124213,98289,23720.32,11438.21,2162.6,10119.51,13939.75,7184.72,2311.2,4443.83,2064275,1111841,97644.0,69208.0,70037,13041.0,43862
1951,2023,Q3,Himachal Pradesh,North,Kangra,Semi-Urban,953031,21,48,12,15,538829,478922,228514,155972,46360.25,19800.15,5512.67,21047.43,33996.48,18528.11,9334.56,6133.81,3926379,2595031,207726.0,79323.0,63155,27386.0,30966
1952,2023,Q4,Himachal Pradesh,North,Kangra,Rural,953031,14,23,10,10,524574,327171,297887,210462,97283.59,41696.84,14024.37,41562.38,80771.62,30315.48,19536.11,30920.03,5908718,3791006,105486.0,67778.0,38688,37696.0,20060
1953,2024,Q1,Himachal Pradesh,North,Kangra,Urban,964200,27,56,21,25,558993,461016,282407,191637,92729.31,50049.21,8395.68,34284.42,62110.24,25017.6,14617.86,22474.79,3691984,2072755,108785.0,125623.0,79030,15415.0,54868
1954,2024,Q2,Himachal Pradesh,North,Kangra,Urban,964200,27,55,25,38,549304,429923,242688,149627,55793.29,30525.91,9350.34,15917.04,38577.34,16379.16,9884.4,12313.78,4415395,2825932,181811.0,73372.0,59455,33117.0,37852
1955,2024,Q3,Himachal Pradesh,North,Kangra,Rural,964200,19,38,15,29,356446,271913,175659,80101,47836.27,23696.93,8013.91,16125.43,36488.72,18361.75,9947.82,8179.16,4102587,2646739,108566.0,73382.0,66522,12295.0,50300
1956,2024,Q4,Himachal Pradesh,North,Kangra,Rural,964200,20,39,13,26,571686,482813,288026,193902,74519.02,35447.33,8989.93,30081.76,64213.62,27940.41,15543.98,20729.23,4998034,2970340,222012.0,107998.0,55472,34721.0,31040
1957,2025,Q1,Himachal Pradesh,North,Kangra,Semi-Urban,975368,19,31,17,19,543872,433774,251023,225264,66281.11,37230.63,6205.91,22844.56,39171.4,21040.51,7413.41,10717.48,3194476,2127535,112171.0,98481.0,60644,31011.0,33660
1958,2025,Q2,Himachal Pradesh,North,Kangra,Urban,975368,27,47,24,41,630724,419557,248301,266312,116697.9,62061.5,13332.13,41304.27,68921.25,36932.24,15751.72,16237.29,3428683,1963816,135555.0,98830.0,71467,18925.0,35736
1959,2025,Q3,Himachal Pradesh,North,Kangra,Rural,975368,13,20,14,9,340586,241998,144575,115953,64033.14,34816.62,10944.72,18271.8,39220.42,17557.5,9800.78,11862.14,3678664,2230478,74121.0,64843.0,39285,8711.0,23046
1960,2025,Q4,Himachal Pradesh,North,Kangra,Rural,975368,19,41,13,24,435870,367378,243077,172551,55252.16,26491.96,6765.38,21994.81,47897.2,22181.17,11960.82,13755.22,5289629,2928329,155518.0,85834.0,37582,26618.0,28713
1961,2021,Q1,Himachal Pradesh,North,Solan,Semi-Urban,820757,23,45,18,28,371823,298585,148284,126838,60727.87,34356.46,5781.49,20589.93,36826.37,16696.45,10695.55,9434.38,4280412,3059495,96019.0,91152.0,74912,19935.0,51495
1962,2021,Q2,Himachal Pradesh,North,Solan,Rural,820757,17,37,11,23,430418,339418,166898,164701,43077.04,18654.04,6548.9,17874.11,28815.98,14325.52,6704.13,7786.32,5984370,2879403,130224.0,45851.0,75074,22989.0,40957
1963,2021,Q3,Himachal Pradesh,North,Solan,Semi-Urban,820757,25,39,27,31,455171,354934,189207,123772,42072.03,19363.9,6477.87,16230.25,26946.53,10218.06,4719.38,12009.08,2909536,1404742,157471.0,51091.0,46771,32833.0,36771
1964,2021,Q4,Himachal Pradesh,North,Solan,Rural,820757,21,32,20,20,482247,328082,230727,109430,85781.0,40072.81,10977.4,34730.8,54858.56,19641.16,9000.76,26216.64,3713562,2810683,153658.0,60727.0,69903,28619.0,48488
1965,2022,Q1,Himachal Pradesh,North,Solan,Semi-Urban,830606,22,35,13,20,532650,463358,275996,163784,77724.32,40270.92,10333.2,27120.2,48821.87,23111.89,7939.1,17770.88,4076489,2096387,169410.0,131662.0,77424,35779.0,43492
1966,2022,Q2,Himachal Pradesh,North,Solan,Rural,830606,14,25,11,20,346826,285034,196254,103942,29013.12,15474.04,2753.55,10785.53,21672.19,11160.38,4016.82,6494.99,5122778,2811669,79226.0,45707.0,42373,9501.0,34483
1967,2022,Q3,Himachal Pradesh,North,Solan,Rural,830606,20,32,12,19,382214,320822,149918,136278,39143.07,16453.89,4270.99,18418.19,23741.9,10702.72,4324.51,8714.67,5385681,4171429,140299.0,95149.0,74653,14902.0,42279
1968,2022,Q4,Himachal Pradesh,North,Solan,Rural,830606,21,39,22,21,479170,374280,273747,180335,51714.94,28791.72,8848.5,14074.72,42626.61,21206.31,8740.25,12680.05,3365864,2115363,131520.0,113459.0,46788,28210.0,32031
1969,2023,Q1,Himachal Pradesh,North,Solan,Rural,840455,15,32,16,12,317436,263092,142456,84035,46498.89,21127.97,8344.24,17026.68,30610.87,12642.0,6710.52,11258.35,2723678,1404394,108843.0,77520.0,42331,9273.0,28921
1970,2023,Q2,Himachal Pradesh,North,Solan,Semi-Urban,840455,20,37,21,27,475709,308554,227741,154988,71349.16,32984.81,5725.66,32638.7,58380.65,30048.95,16791.85,11539.85,3360951,2471669,145621.0,46849.0,76514,12238.0,45402
1971,2023,Q3,Himachal Pradesh,North,Solan,Rural,840455,20,43,15,21,375365,270657,216441,86251,46051.09,22158.65,8058.87,15833.57,30375.65,15793.87,8326.37,6255.41,2812023,1754372,60192.0,54293.0,52752,26379.0,27321
1972,2023,Q4,Himachal Pradesh,North,Solan,Rural,840455,21,34,20,32,410912,261878,168968,99235,59455.88,33508.84,5721.34,20225.71,50950.81,21223.44,14338.72,15388.64,4396905,2244646,122228.0,83086.0,32208,25470.0,25183
1973,2024,Q1,Himachal Pradesh,North,Solan,Rural,850304,18,29,11,13,343706,283555,145646,116154,61363.85,31564.85,8405.11,21393.89,52234.85,21363.06,9847.22,21024.57,2524992,1523519,126728.0,38252.0,48191,20727.0,23322
1974,2024,Q2,Himachal Pradesh,North,Solan,Rural,850304,20,43,18,25,372405,271936,154974,121729,56976.63,31915.62,4910.42,20150.59,38638.31,18090.23,9266.13,11281.95,4433424,2813528,61360.0,42928.0,50859,26071.0,24296
1975,2024,Q3,Himachal Pradesh,North,Solan,Urban,850304,28,55,25,20,645748,420906,265528,171268,96967.72,42050.44,10559.91,44357.37,55784.08,26933.98,13279.13,15570.98,5508462,4110748,137214.0,128601.0,59304,28309.0,38513
1976,2024,Q4,Himachal Pradesh,North,Solan,Rural,850304,18,37,19,16,414794,304336,197730,153893,37219.81,18840.19,5171.98,13207.63,27062.07,11828.77,7025.49,8207.81,3835448,2641284,83133.0,53729.0,33962,12768.0,25114
1977,2025,Q1,Himachal Pradesh,North,Solan,Rural,860153,22,45,14,25,504445,422174,282365,206402,57032.67,29897.35,9614.74,17520.58,34821.1,17339.46,7635.1,9846.54,7271754,4964648,136179.0,53682.0,60591,18946.0,42027
1978,2025,Q2,Himachal Pradesh,North,Solan,Urban,860153,31,52,33,33,803802,641018,357548,240041,87712.4,45912.68,7162.64,34637.08,76249.99,38407.55,22245.27,15597.17,5824931,3698228,260613.0,138592.0,66835,54424.0,38091
1979,2025,Q3,Himachal Pradesh,North,Solan,Rural,860153,23,36,18,32,532415,405700,303727,209509,90141.56,46378.57,9223.6,34539.38,65415.21,29777.29,12323.36,23314.56,3404164,2110931,189583.0,68543.0,65513,18505.0,33914
1980,2025,Q4,Himachal Pradesh,North,Solan,Rural,860153,25,44,17,28,353893,228085,186102,108500,39162.56,18316.91,6348.98,14496.67,25938.2,14077.66,5566.19,6294.35,4306715,2547331,77702.0,63950.0,36295,18102.0,24279
1981,2021,Q1,Himachal Pradesh,North,Kullu,Rural,1552900,16,28,17,17,1133141,865981,616550,356704,233365.8,103836.47,18819.34,110710.0,199886.47,97416.7,34956.29,67513.48,13495018,8946883,357915.0,143258.0,65873,32348.0,41003
1982,2021,Q2,Himachal Pradesh,North,Kullu,Urban,1552900,29,58,28,32,1090408,927084,515411,272301,121707.02,58956.38,14195.82,48554.82,93798.65,44766.73,19131.52,29900.41,15884808,9169734,290595.0,250695.0,81546,41723.0,40965
1983,2021,Q3,Himachal Pradesh,North,Kullu,Rural,1552900,32,67,18,38,860634,591216,462973,217077,103427.71,54078.19,8771.58,40577.95,59361.76,28557.32,17419.18,13385.26,6617719,3656574,283553.0,187664.0,63543,35536.0,35103
1984,2021,Q4,Himachal Pradesh,North,Kullu,Rural,1552900,27,49,18,33,921877,662847,460650,225699,173211.9,86351.72,23554.38,63305.81,117252.71,63474.01,20942.77,32835.93,11035637,8443783,286028.0,165768.0,100579,36337.0,74269
1985,2022,Q1,Himachal Pradesh,North,Kullu,Semi-Urban,1571534,30,64,32,36,1101276,892634,433707,357542,179686.72,86980.08,20669.12,72037.52,118690.23,56986.18,27257.15,34446.9,10491253,5079860,381424.0,117443.0,75829,70227.0,37098
1986,2022,Q2,Himachal Pradesh,North,Kullu,Rural,1571534,24,44,23,30,1140658,723032,562053,359525,224551.81,109557.61,30400.93,84593.28,154984.54,67918.78,38555.74,48510.02,7281473,5244413,199773.0,134944.0,143821,52145.0,68822
1987,2022,Q3,Himachal Pradesh,North,Kullu,Rural,1571534,19,31,18,21,814574,527552,382192,199192,116970.24,66339.42,14257.62,36373.19,88050.75,45105.83,17821.71,25123.21,6390383,3787876,186273.0,76066.0,95378,24739.0,56979
1988,2022,Q4,Himachal Pradesh,North,Kullu,Urban,1571534,32,73,21,31,873358,569746,392158,317791,90931.46,48824.63,11518.88,30587.95,65592.05,27234.15,16124.24,22233.66,8130525,4813829,257298.0,131469.0,62795,40547.0,49740
1989,2023,Q1,Himachal Pradesh,North,Kullu,Semi-Urban,1590169,35,69,36,31,1430319,1162523,580064,426378,173223.24,88113.79,18350.64,66758.8,121461.04,53170.01,28304.6,39986.43,18915359,12327219,511526.0,321033.0,114409,66544.0,81844
1990,2023,Q2,Himachal Pradesh,North,Kullu,Rural,1590169,23,44,21,32,894607,600132,391575,369680,88999.6,51545.9,14092.59,23361.11,71283.29,38539.83,14304.77,18438.69,5329310,2630669,152154.0,170809.0,74400,41952.0,47109
1991,2023,Q3,Himachal Pradesh,North,Kullu,Rural,1590169,30,68,20,26,999990,895414,447240,229209,110418.27,53664.05,17382.3,39371.92,82857.83,38271.32,17004.01,27582.49,8273974,5798073,325465.0,217691.0,93145,62113.0,48039
1992,2023,Q4,Himachal Pradesh,North,Kullu,Semi-Urban,1590169,27,42,17,40,1164696,887733,653994,374841,175336.93,75929.96,20222.52,79184.46,142647.85,62674.82,26181.74,53791.29,16385905,10703663,321115.0,153371.0,149440,31625.0,67887
1993,2024,Q1,Himachal Pradesh,North,Kullu,Rural,1608804,24,54,14,31,1133493,875725,522564,403392,157912.99,68966.68,18738.72,70207.59,113555.85,51293.53,24934.77,37327.56,8517136,5569972,267194.0,166474.0,138346,,113122
1994,2024,Q2,Himachal Pradesh,North,Kullu,Rural,1608804,27,46,25,34,862946,687496,398070,363248,146486.03,63633.29,17828.18,65024.56,80971.98,29868.73,23527.49,27575.75,11091104,6155745,292895.0,174996.0,126345,48133.0,96527
1995,2024,Q3,Himachal Pradesh,North,Kullu,Rural,1608804,26,51,20,40,909021,572825,377996,330452,165560.51,80657.54,29264.04,55638.93,115332.7,63001.75,33277.67,19053.27,4713122,3013770,186659.0,87184.0,129979,30727.0,73794
1996,2024,Q4,Himachal Pradesh,North,Kullu,Semi-Urban,1608804,32,61,28,41,1127533,947207,586963,410857,106199.88,54411.26,10900.21,40888.41,84994.64,31806.37,15382.33,37805.94,7156876,4318606,310175.0,139304.0,118911,56102.0,55805
1997,2025,Q1,Himachal Pradesh,North,Kullu,Rural,1627439,29,63,24,37,1311218,836892,524270,414542,182581.37,89904.48,17760.8,74916.09,139288.5,56209.47,39874.31,43204.72,9280538,6841131,198008.0,235870.0,136554,48468.0,64004
1998,2025,Q2,Himachal Pradesh,North,Kullu,Semi-Urban,1627439,31,53,32,23,1104504,688704,489741,368533,182043.93,100734.38,16580.27,64729.28,145893.28,59185.07,26166.62,60541.58,9573886,6311243,199083.0,200825.0,114048,50179.0,68918
1999,2025,Q3,Himachal Pradesh,North,Kullu,Rural,1627439,26,52,15,26,1042397,796620,544138,368381,148363.53,82230.34,23519.96,42613.23,90589.62,43575.99,25993.03,21020.6,5941868,3772325,265478.0,242932.0,81984,39723.0,63512
2000,2025,Q4,Himachal Pradesh,North,Kullu,Rural,1627439,20,31,16,31,913285,639449,432806,360200,97394.57,46897.36,11489.0,39008.22,60006.15,31991.27,16262.11,11752.77,5082432,2615675,302885.0,124180.0,91867,64435.0,74687
1861,2021,Q1,Uttarakhand,North,Almora,Rural,1507816,20,41,15,30,842647,730643,472420,255069,157229.37,66996.29,22575.56,67657.52,110894.54,44915.72,32808.55,33170.27,6266651,3716728,171203.0,225896.0,90520,51865.0,47955
354,2024,Q2,Madhya Pradesh,Central,Jabalpur,Rural,738295,18,39,17,24,306569,211292,177570,74100,28222.78,13333.14,2851.0,12038.64,20157.75,8974.31,5769.37,5414.07,2865803,1895558,48392.0,38872.0,47108,20167.0,22291
1334,2024,Q2,Jharkhand,East,Jamshedpur,Rural,1851394,10,22,5,13,795998,648804,368124,319619,88086.2,41249.01,13867.97,32969.21,62844.77,28746.27,17372.29,16726.21,8465234,4383344,283316.0,98843.0,161278,53212.0,123258
906,2022,Q2,Tamil Nadu,South,Chennai,Semi-Urban,1562685,24,43,23,21,1313787,1163420,502850,410527,214404.67,96090.61,37996.44,80317.62,161454.77,61815.88,26296.65,73342.24,9949056,6491251,492881.0,158156.0,111279,77965.0,66277
1290,2023,Q2,Kerala,South,Kollam,Urban,929413,44,88,44,68,720369,478730,296152,175926,97541.48,50602.51,12513.33,34425.64,84969.18,34689.7,23989.72,26289.76,6765210,4814590,117808.0,115078.0,60580,25113.0,35531
1274,2024,Q2,Kerala,South,Thrissur,Rural,1139146,27,49,27,36,874506,546955,373554,339953,96833.45,43530.65,13618.34,39684.46,73332.92,36695.3,16233.56,20404.06,9528349,6065406,210301.0,118904.0,54195,51066.0,35385
939,2025,Q3,Tamil Nadu,South,Madurai,Rural,1406943,21,47,16,27,1056771,749841,452967,308488,189203.6,87140.78,30610.24,71452.58,107481.0,52648.14,23804.26,31028.61,11778417,7215335,307536.0,229070.0,61987,69025.0,38460
1732,2023,Q4,Assam,North-East,Dibrugarh,Semi-Urban,564348,32,75,31,32,446988,319300,256576,182831,69194.42,39132.9,7221.13,22840.39,51288.91,22892.46,13746.6,14649.86,3869564,1986334,101716.0,83591.0,23379,13835.0,10801
66,2022,Q2,Maharashtra,West,Nashik,Rural,675292,18,39,11,27,296365,190968,160970,88446,39236.92,16495.73,5642.21,17098.98,28250.89,13241.41,7659.5,7349.98,2094632,1574675,74118.0,29591.0,54831,15657.0,29860
1324,2021,Q4,Jharkhand,East,Jamshedpur,Semi-Urban,1787060,16,31,9,14,871986,565889,430949,213915,94314.33,54699.48,12734.82,26880.03,71158.66,36254.35,18320.47,16583.83,7729737,4544417,151342.0,114498.0,81429,53893.0,42634
